dt,user_id,ad_placement,ad_cnt
2023-05-24,dd0a441838444684ac31f768a02dac05,ShopReset,1
2023-05-24,6ec132c160b54812903a3cce900a599b,ShopReset,1
2023-05-24,ade636c1415549469c073cd0538a1bbd,ShopReset,1
2023-05-24,fe2be60e026b49e381d8e7a40d14db0e,ShopReset,1
2023-05-24,7efc3c740c7d4acf832c59b55d86a7f3,ShopReset,1
2023-05-24,1f0293c381a74fabad9e5f9a5b204c4f,ShopReset,1
2023-05-24,d056f6d8088d44bda615a8984e76d626,ShopReset,1
2023-05-24,902e5138a47242c8937f9586ca98852b,ShopReset,1
2023-05-24,f031d94191bb459ba107d3cdd52e0c45,ShopReset,1
2023-05-24,deeac0968544439b81e0a398cbee41e2,ShopReset,1
2023-05-24,36a1ae6d92fc4fddb9a9f3475320f826,ShopReset,1
2023-05-24,59bbb0c502d4490887bb33c43a99fe2a,ShopReset,1
2023-05-24,159c8cd842d341f79542696fd678822f,ShopReset,1
2023-05-24,62b9eb68da0f45448f3c3d8d676ccb0b,ShopReset,1
2023-05-24,19ad0a292223474d923b035efaebce44,ShopReset,1
2023-05-24,842e8ac9546245fda18af1306a41e3d0,ShopReset,1
2023-05-24,a9a6cbb8265d43f5b1234abd076d5a3d,ShopReset,1
2023-05-24,d6a158f61b014e4a80c8d97ea9b210ca,ShopReset,1
2023-05-24,3a19f9bacf354003b81082fce6ed2f07,ShopReset,1
2023-05-24,f64c2efb4fba4f8bb44482592a703aa9,ShopReset,1
2023-05-24,5a9525e06f1a4560ad40c26c4b909222,ShopReset,1
2023-05-24,b54b3716af78439f9e1593b462da3958,ShopReset,1
2023-05-24,6276b5d5f75a445593b17b116e1ffdb4,ShopReset,1
2023-05-24,3b9d368f85734514bbe1ae0bd671a49c,ShopReset,1
2023-05-24,a83ded43aa5346258b3454864a08e48e,ShopReset,1
2023-05-24,bcf19506d6e245a58c8ebc5f63612ec3,ShopReset,1
2023-05-24,c59f592a29da4c5c83cb00c476ec602a,ShopReset,1
2023-05-24,9000d70e4e54449a851e39f6d2c576cc,ShopReset,1
2023-05-24,c018ff934614484282a4b3d41873f00c,ShopReset,1
2023-05-24,0930247b2a554746b7d03bb442a7ed77,ShopReset,1
2023-05-24,f9710f8ea2e4468b925cef8b57af118f,ShopReset,1
2023-05-24,a0c9eb4c0d7543d7801d930551824f76,ShopReset,1
2023-05-24,5750b6ad19fe439584123112beb5d976,ShopReset,1
2023-05-24,4512fb6bcee246f6bae01fb7051d920c,ShopReset,1
2023-05-24,97a52d80d02d479abf1b054609d858d9,ShopReset,1
2023-05-24,e88f7e657920429c96a253a1410b15d2,ShopReset,1
2023-05-24,7b3f2d484baa4b4f985fcf2d663a5ae4,ShopReset,1
2023-05-24,65f144fbc2284124ac99c05cfa06567c,ShopReset,1
2023-05-24,e9fb2e8a8fb94f0ca450143df319c5e1,ShopReset,1
2023-05-24,a1e8c4a2aace4ac18aa0cd76bee65565,ShopReset,1
2023-05-24,1eb687be8f4141949ac06a0e79546755,ShopReset,1
2023-05-24,cf951b5784c44e8a8be9c6083af100b7,ShopReset,1
2023-05-24,eadbe1c7272c49de8e01b7cca03e79d1,ShopReset,1
2023-05-24,d66ac32d7d994fc192eb411ff211204e,ShopReset,1
2023-05-24,086ff9ed1b2348eabd865d342c59c3a1,ShopReset,1
2023-05-24,9fbc8f057c9d4df787146f9b3c4444f5,ShopReset,1
2023-05-24,2d5c0fbc665c4be3b2ab2142a29fc0e2,ShopReset,1
2023-05-24,806d70c4f7e9455f9a3c2db778c65c36,ShopReset,1
2023-05-24,6f6d9bc51f3049d5b1ee65648637b7ba,ShopReset,1
2023-05-24,8a286e89592941aea58bc7fe1e4dccf0,ShopReset,1
2023-05-24,a21e910d94ff495da86b8cb948735ef4,ShopReset,1
2023-05-24,db53943ec6b74ae2a885d0714383c65b,ShopReset,1
2023-05-24,700971283c5f4ee991248dd3606c1168,ShopReset,1
2023-05-24,fd6359b2967545239b76ddd010c8cabd,ShopReset,1
2023-05-24,1226f6fc2095420fa8269e3e1efdfa81,ShopReset,1
2023-05-24,127190fcb2884652a4c6cbddebe49b7b,ShopReset,1
2023-05-24,4d904e7afe934c98ac7aca82f3fa411a,ShopReset,1
2023-05-24,4b49ee13edff4bcfb4f2c15db588c715,ShopReset,1
2023-05-24,f40c5777472349238f9dba93f667e6ff,ShopReset,1
2023-05-24,d11a0333627344ffa0461911b2e8c836,ShopReset,1
2023-05-24,5dd4cd38eaed4a099a8193734d727900,ShopReset,1
2023-05-24,3e59d6da44524aa7b426a4a1fb5c34fd,ShopReset,1
2023-05-24,bd69b3721d50453ea9f37caa152862ae,ShopReset,1
2023-05-24,87c0e78d8e78429c9827ad19aa599de4,ShopReset,1
2023-05-24,b0dc135271974576a91436e3bcf055a8,ShopReset,1
2023-05-24,d4bc463a9bde4c85b485318593ef9418,ShopReset,1
2023-05-24,49f6d26fd72b43d29be00edc3781bf23,ShopReset,1
2023-05-24,ed4826950ee24fafb48a7172391253e2,ShopReset,1
2023-05-24,3450f8c56dae422ea8dce7761aff2b17,ShopReset,1
2023-05-24,158df84df9cb4c079a8656448c136e28,ShopReset,1
2023-05-24,d9b72d7599094fe9b0f914f9737d6a9b,ShopReset,1
2023-05-24,99fa5db79d594f2d930c81860c17fb76,ShopReset,1
2023-05-24,48f1c0da42844febb9fde48feb374626,ShopReset,1
2023-05-24,3658c02c12a64c3685dfad7037903e53,ShopReset,1
2023-05-24,120ee0c001a444c084ceed14b083e0ab,ShopReset,1
2023-05-24,ebd53ea0f60942878eb7a402fa7bfc49,ShopReset,1
2023-05-24,87c838d6ead248f1b6d8ca67d73ef53d,ShopReset,1
2023-05-24,3259e818fa234af783592818648d8298,ShopReset,1
2023-05-24,c7ae6ad26be04673b85dfd9b894a3b1f,ShopReset,1
2023-05-24,ec5b7e978b5e44ffb57213b3d079ad94,ShopReset,1
2023-05-24,83e61ec4fcc444e9bd402591ce3008b1,ShopReset,1
2023-05-24,68a4d265a72b4c6e82375fcb352bded6,ShopReset,1
2023-05-24,356abd13e8d945cf8ac98d61084fac3e,ShopReset,1
2023-05-24,20a5937d7f7b4d9896afa131ee4a1de7,ShopReset,1
2023-05-24,4114e93046eb4b2e8faf03252b67e9ae,ShopReset,1
2023-05-24,99af99c7bf1f49e8888f721407c75b77,ShopReset,1
2023-05-24,112e05bad1bf47c081e2c893814a2956,ShopReset,1
2023-05-24,89ff11e3b76e4b39849b1a1e7e0fbad8,ShopReset,1
2023-05-24,d8502616623e44be8f22cac6978f1d32,ShopReset,1
2023-05-24,5299f042226e46f09ebf27fa23b888e4,ShopReset,1
2023-05-24,1f6f4b4da8c048b083163bbdf6ffa4a3,ShopReset,1
2023-05-24,ada83ee46e254a5a9f159a0a7d8d3b4f,ShopReset,1
2023-05-24,e71cf165a35d4169bc44f23f2f976dd0,ShopReset,1
2023-05-24,73fb5131fb6a447c8779492a5f6df5b2,ShopReset,1
2023-05-24,9fd60a7d24654db5b30fc4755683ca41,ShopReset,1
2023-05-24,7270a2ce1c69408985b69759fa109cfb,ShopReset,1
2023-05-24,55a0e27191e642b68ce3c472e35e1488,ShopReset,1
2023-05-24,79005d5350f9426e941e5689200d633f,ShopReset,1
2023-05-24,b0c19a2f47b94048a96ef99f50b74aaf,ShopReset,1
2023-05-24,543d28d11aef47448249fee1e37884d0,ShopReset,1
2023-05-24,f6df4b901b284a898401fc20e89dc652,ShopReset,1
2023-05-24,5e08a6e013484333b18ae1a7f5a5fbca,ShopReset,1
2023-05-24,25884328e03446508cfb770507857408,ShopReset,1
2023-05-24,cdac6a499af64c2d823aadc676f778d3,ShopReset,1
2023-05-24,767072b79d6141e8a36e6b2fc7aca6a2,ShopReset,1
2023-05-24,2f6d7ff80b38468980b57ab6d5a1c02d,ShopReset,1
2023-05-24,13ed0c4ab591417a99520d036f7b498c,ShopReset,1
2023-05-24,8a8e8f47d7bc4aef8861daaeb36a5cac,ShopReset,1
2023-05-24,13e4fcc2820243a6a2b125860555741a,ShopReset,1
2023-05-24,90a56d148c024d3281eb0d639556da40,ShopReset,1
2023-05-24,64378402484a4831bc16ccd6edcf4886,ShopReset,1
2023-05-24,bd5a60ef7e10459e901c3ef4b4ddc5ca,ShopReset,1
2023-05-24,950bb6d9dbf1468ba666abe225602827,ShopReset,1
2023-05-24,a273d2dde3294e1ebd4534fe01a2bf3e,ShopReset,1
2023-05-24,0ef5c7e56ef244dd8d38c74c23a9651d,ShopReset,1
2023-05-24,f9711cf936c04f0ebd3708f10a0759a8,ShopReset,1
2023-05-24,b16c7d8b81f147d5bee5e6882ac99d2d,ShopReset,1
2023-05-24,4629d366faa94e04b61ebcbef823876d,ShopReset,1
2023-05-24,7b1b1bf4640d478fbc06a6b3bf889ee1,ShopReset,1
2023-05-24,3bb81b65d79b4b1f9104d53ce4f3c252,ShopReset,1
2023-05-24,0830e144f6bd4c93ab595f4f4262c965,ShopReset,1
2023-05-24,146c8d9d60fe474c821485bf63f6affb,ShopReset,1
2023-05-24,1406859054844c2681e94bc07ecb5a37,ShopReset,1
2023-05-24,713dd3f8bc384125a0b6d107f8b7f808,ShopReset,1
2023-05-24,936fe9900f354408b91da7c4ca3a5389,ShopReset,1
2023-05-24,542b779ad20f40e297b5a5b12bcef943,ShopReset,1
2023-05-24,d5f662deae3e402ebd6fe65448bd0d54,ShopReset,1
2023-05-24,382ad0e7d3284d76b2a5859c295a64d1,ShopReset,1
2023-05-24,e2eeb43c609a469a958f60768146b529,ShopReset,1
2023-05-24,30cfad57c94e4c309fa56a5be2e19416,ShopReset,1
2023-05-24,cee5f323e433402aa41fad739d65b497,ShopReset,1
2023-05-24,854b0fb217e3492c99542983b717212b,ShopReset,1
2023-05-24,6da05570a1114966ae2c0061be58c606,ShopReset,1
2023-05-24,a64d510b908349f39ac69b26d770d3ae,ShopReset,1
2023-05-24,8bee98700cf94234a3dea2c70da2cda3,ShopReset,1
2023-05-24,59d4430cef5948eabfdda7e5ed04b736,ShopReset,1
2023-05-24,6705c6b55aa640d0a9947b1bc222303d,ShopReset,1
2023-05-24,e0d74b22b8834515a5ca6a795a678eea,ShopReset,1
2023-05-24,b195cfc6669b47d98901ace34487da7f,ShopReset,1
2023-05-24,2251297276d34fc98a071e93c9d26777,ShopReset,1
2023-05-24,8f847cc9c3574ceeba29ec85a68f80dd,ShopReset,1
2023-05-24,7489923f48bd4b9abe9cf9378735a67e,ShopReset,1
2023-05-24,8b4891c6d0a34f4897320d57e606a595,ShopReset,1
2023-05-24,28780e13ea34410d8a44fcfa750b4567,ShopReset,1
2023-05-24,13846c685eaa49d9bcded02391eda672,ShopReset,1
2023-05-24,d394435b6abf47958ad1d0034c49492f,ShopReset,1
2023-05-24,98994f5f99204039940916773ad6b9e2,ShopReset,1
2023-05-24,bd3e49d2fecc49fc876f0acd2aec1311,ShopReset,1
2023-05-24,d00bd1257167433195a12bac8cbcaf91,ShopReset,1
2023-05-24,463f3d3adc4742059f613e7fb38d08b2,ShopReset,1
2023-05-24,94aa76d6f85a434288edcddada7c28a1,ShopReset,1
2023-05-24,e2c155ddf1814fb3b19285a81338a216,ShopReset,1
2023-05-24,c8f984d0e5294616b7f7ec38b4912875,ShopReset,1
2023-05-24,7baa66d9db6a45a09a32280889a0680d,ShopReset,1
2023-05-24,0b8527c02c90439e843992a7b5cc25f2,ShopReset,1
2023-05-24,5796d5d9352c4963ba2221fd2c31bf07,ShopReset,1
2023-05-24,c21f4445b970458690355689c006e3a4,ShopReset,1
2023-05-24,266cb94b2c5c4f9dacf19b1a7b2057de,ShopReset,1
2023-05-24,39701877c11b4a0f8585017e3e959a73,ShopReset,1
2023-05-24,da18d7649fcb4180b93afde5b1b9a467,ShopReset,1
2023-05-24,010e2109182048bba4b004ae480f8c80,ShopReset,1
2023-05-24,ae687122e0584800a631811ac2b94e4e,ShopReset,1
2023-05-24,fa4e71648f6f4303b9b31d904ba79f83,ShopReset,1
2023-05-24,54df812907f749a691be2daa46c86b2a,ShopReset,1
2023-05-24,524361adb6ed4dd6b28436a635ee8e66,ShopReset,1
2023-05-24,789bee3f0b734e6197160c7f80c60ffc,ShopReset,1
2023-05-24,3b1ecf5b097d4162b76252e8a3bf6102,ShopReset,1
2023-05-24,e94dc074a64d40a3b3501ba2247e8df3,ShopReset,1
2023-05-24,be94a405f9ac47f2ae299314ef55c15e,ShopReset,1
2023-05-24,b199bc23c9264547be93615adb159a7e,ShopReset,1
2023-05-24,0c09e23e210f4933b589dfee4e030cf1,ShopReset,1
2023-05-24,56c25c9a0e4a4f4e8187630f917b4666,ShopReset,1
2023-05-24,8d831402f2b6494d931163d16a76cd22,ShopReset,1
2023-05-24,974aec3330fa4dcaa4beaf3a6dd7aac3,ShopReset,1
2023-05-24,efd54adcec0e4074813e8b6c3132c219,ShopReset,1
2023-05-24,116e943c930a47d2ab18b5241e6ffd09,ShopReset,1
2023-05-24,62cee4b9254e4f96873858d12a54883f,ShopReset,1
2023-05-24,d158b9e786b547f6aef0766cbf4cb121,ShopReset,1
2023-05-24,09cfb9c7fd7d4befacb03d603e1d51fa,ShopReset,1
2023-05-24,abca52c5132b4810a4ab67b57107d819,ShopReset,1
2023-05-24,91a32083c80c497c8250d948ef00f026,ShopReset,1
2023-05-24,c135acf3face4adaa41c39a9f5dabd3d,ShopReset,1
2023-05-24,11254bd4888946408f1cb763d892dc2d,ShopReset,1
2023-05-24,af518b61b7dc4bbbbee0b72d21d86b8f,ShopReset,1
2023-05-24,002ccf12e066406b91ec564c0777e5b0,ShopReset,1
2023-05-24,3c95fbd51efc40ae83a87f0bff236159,ShopReset,1
2023-05-24,8ead79729941492c8622abe5bee2851c,ShopReset,1
2023-05-24,7709bdd501764fe2ada46695d70a8f2e,ShopReset,1
2023-05-24,10d1bb0b135e45e4b3c90d029a4d9d06,ShopReset,1
2023-05-24,7729fc59eaeb42a4b1fb331f7ae9d538,ShopReset,1
2023-05-24,6f4f661d2fd5490a8d539bd49c44fea0,ShopReset,1
2023-05-24,de408ddb47674ddeaed1c6d0dc0164c9,ShopReset,1
2023-05-24,1388c5b149fc40478977d0029fc8d8ce,ShopReset,1
2023-05-24,f2e4b328635245c0b1b2b554f0fc5120,ShopReset,1
2023-05-24,bbdf46ae9e3942a0975a584cb22916f2,ShopReset,1
2023-05-24,902b95e461d7437e83ed7f40e88ce2dd,ShopReset,1
2023-05-24,87917a56781f4f47b046bb4c137efbe0,ShopReset,1
2023-05-24,78323a3a3138466aa123226ab7503151,ShopReset,1
2023-05-24,5f3119c3d57d48c2a21b081ffeac0275,ShopReset,1
2023-05-24,42ea5e739de740f4bf58db24b0ec9c4f,ShopReset,1
2023-05-24,f5b256f81ed240af9d3f46713c28fa2b,ShopReset,1
2023-05-24,7cb0404195f34f7285787022d704d989,ShopReset,1
2023-05-24,9590aeb7fe324b4c9b20c4f7b9e54e47,ShopReset,1
2023-05-24,50782ec8c3fd4de4a7dfd22e5e40c826,ShopReset,1
2023-05-24,3ec956e1aa164767bf58b1d6cb1bbec8,ShopReset,1
2023-05-24,1e621f547ee24510b94f8130c9c94a38,ShopReset,1
2023-05-24,4d1980830691485f878dedce343b465e,ShopReset,1
2023-05-24,00ee35de1c844d0a8cfe71df200f2022,ShopReset,1
2023-05-24,b9b6a9c69dd3477abda207a489086300,ShopReset,1
2023-05-24,ad058bdaa51942fdb50e20f1dca90474,ShopReset,1
2023-05-24,ce8571b4a48f4de2b7be54384a6416ef,ShopReset,1
2023-05-24,0ed01e1bbe6546e39acca9eee4bad3d9,ShopReset,1
2023-05-24,9a60ecff3e034c4a83f2900e7876a809,ShopReset,1
2023-05-24,62a3b2465e7847b9b1a20d2327b7b5f9,ShopReset,1
2023-05-24,4add7d5b926c473ebf311f55bfc35438,ShopReset,1
2023-05-24,f5fab667eb8c428c957081a225e6e277,ShopReset,1
2023-05-24,0d984d5bdf8f45cc8a73cb74b2e02371,ShopReset,1
2023-05-24,b174bd52521c4ed18b82fa4a9a77aacb,ShopReset,1
2023-05-24,6e9504bfcd20484bae35e89433292017,ShopReset,1
2023-05-24,3a9f6f2abf0b4de4a5c34c7adc09366e,ShopReset,1
2023-05-24,2c66dea1bcc242f382818c889b813e4c,ShopReset,1
2023-05-24,957d9b822bda4d67b3a193b858d91de6,ShopReset,1
2023-05-24,72e4c9fa33a743a594f2b4020d5a19e1,ShopReset,1
2023-05-24,3d1bdf6e54924126992c8fde803151b8,ShopReset,1
2023-05-24,6fe9743f29ac401b99efad4620cda1b1,ShopReset,1
2023-05-24,371fc059f5984aad9fb46be212e3f84c,ShopReset,1
2023-05-24,26c26a25cb084f7a8f554ef0062a64f5,ShopReset,1
2023-05-24,8abe2f6f607147b9b334c29359deb7cc,ShopReset,1
2023-05-24,e4009cf5d4aa43f5b4f5319135661d24,ShopReset,1
2023-05-24,b61feaf2b43d4ef985d2de6e478639c9,ShopReset,1
2023-05-24,82b25a33506b47819aa333ed571bea18,ShopReset,1
2023-05-24,ef523a5e1634459fac0e2cb25346b90e,ShopReset,1
2023-05-24,032c54b3c0c745b2919aeca489846c30,ShopReset,1
2023-05-24,60c7bfa9b66b4101a9a93367735228ad,ShopReset,1
2023-05-24,2504e17727fc4067a640a0bd9f5e16fd,ShopReset,1
2023-05-24,6f67460bf9184bbfa15082add2dac72e,ShopReset,1
2023-05-24,3ddeaf2e99ee4e319d9107ad67a1fa41,ShopReset,1
2023-05-24,ccfee8b46c2b474c859fc8a2651932e7,ShopReset,1
2023-05-24,a23eb44d60a949188fc6966ab753b2a1,ShopReset,1
2023-05-24,05bf582bee124e4f866a6c59333f5d15,ShopReset,1
2023-05-24,7cd9ee8897a14c15bae048616b11bd15,ShopReset,1
2023-05-24,4d1646565717467e9db3b495038fc9df,ShopReset,1
2023-05-24,070fc6772f20440488c30dd45095b146,ShopReset,1
2023-05-24,e8433282fd9347329fe3301d2a046232,ShopReset,1
2023-05-24,1e9446d29838470c9f872fe9271ad817,ShopReset,1
2023-05-24,041503dce2ba458080c8f6c4cd50f0b0,ShopReset,1
2023-05-24,e0c446eaad244b9b902bd39aaa45c741,ShopReset,1
2023-05-24,9607b83eb0004e1ebabd0a2551dc58de,ShopReset,1
2023-05-24,ebeb976621674661b4c6252e8685dfee,ShopReset,1
2023-05-24,8192bed6db194a178b88fc25ec11a825,ShopReset,1
2023-05-24,cd9f4dc799e54afeb3949e351620f2db,ShopReset,1
2023-05-24,3d9c03ba3fae42f2a79c0f8da85da6eb,ShopReset,1
2023-05-24,68e91f84e4284992b9c5761ee49c5d11,ShopReset,1
2023-05-24,75369c4765044289b11ee85182319e5c,ShopReset,1
2023-05-24,be0daea822644c3c919b3de1782d881f,ShopReset,1
2023-05-24,1de385a9d72a4c39a7ecd30169af00b8,ShopReset,1
2023-05-24,78631fc36b2d40e3907130d25678af6d,ShopReset,1
2023-05-24,8d9dfbd03fa4482d9ba4cacfdd2d4069,ShopReset,1
2023-05-24,b1aa4c407cdc453e84c2bcb95cb558bc,ShopReset,1
2023-05-24,ce6a1734d01d49aebfc8cd04fabe3c9c,ShopReset,1
2023-05-24,0d65642cc7fc4583be8b1e6e9549f5b6,ShopReset,1
2023-05-24,a1afa69dadc24a0b993c85968ca638f7,ShopReset,1
2023-05-24,80698005fc454ea7b587855e87a47508,ShopReset,1
2023-05-24,ce79ea6cf7d545889553d83c96842318,ShopReset,1
2023-05-24,a3e99db0daf644f9a9f9e7e30f9220d5,ShopReset,1
2023-05-24,d943fb61130e4f82babd1e289d560c3d,ShopReset,1
2023-05-24,8ac8845a8a97464992a493c97ea38831,ShopReset,1
2023-05-24,37747f8956134e349a628fb931cbff7f,ShopReset,1
2023-05-24,1f98f7a8886148a7a992eb8359fbbf6d,ShopReset,1
2023-05-24,3cf986708f5942aaa56983f257af4f88,ShopReset,1
2023-05-24,194839199bcd47378e3b521230df83e6,ShopReset,1
2023-05-24,6e000e7fc4fa4b6985ef6a13af07ca29,ShopReset,1
2023-05-24,fd51409b35f2498ebba2c125d2c174f9,ShopReset,1
2023-05-24,20658e8b885d47fb9f8778c05dd3714c,ShopReset,1
2023-05-24,b64815062bd045d382e4d7b74bb40a00,ShopReset,1
2023-05-24,9f0ee5169f0845769b2c0cb042ac55c7,ShopReset,1
2023-05-24,53c4d3e3a0254dfa9351c4a524924697,ShopReset,1
2023-05-24,634ba4584d514a9296e7048125e7217c,ShopReset,1
2023-05-24,d57fe3ae3513414ca3dc8ae49e2f347a,ShopReset,1
2023-05-24,f97708e889cd4855b84cf7b5c0b11658,ShopReset,1
2023-05-24,0e2d6961fe934bfea69a416f271ca598,ShopReset,1
2023-05-24,c5c025aa62bf45878f0fbc83f6015612,ShopReset,1
2023-05-24,22cff47964704503981caadfb293a292,ShopReset,1
2023-05-24,d4295b63b6e043cca23f07ecb7380af2,ShopReset,1
2023-05-24,2949032e9bf645a490632098994dcde7,ShopReset,1
2023-05-24,7030ffb5c9b0422987558ebee9120a96,ShopReset,1
2023-05-24,9f208c5b8a4b4fa486a8d20737e3c142,ShopReset,1
2023-05-24,7bd8c8cc8ab44bac9329e1a6ca742312,ShopReset,1
2023-05-24,aaf1398d82c040c693731a6cbf55e8d3,ShopReset,1
2023-05-24,c8d0d23cf0cd4ef9887fefd169c00c30,ShopReset,1
2023-05-24,9e4654fed72e4c8cb103233005e90bb7,ShopReset,1
2023-05-24,1970684ed1634d8283c07870a1bf49b1,ShopReset,1
2023-05-24,20027642ddc542f9ad94f9d16f491449,ShopReset,1
2023-05-24,ea90701b5fb243329262cb68bd0e49a1,ShopReset,1
2023-05-24,aa064776778748969d5e2683f0bfa8d9,ShopReset,1
2023-05-24,da178c048c054326becef637dc05aba8,ShopReset,1
2023-05-24,3504755397c24f05ba9e6818d468b593,ShopReset,1
2023-05-24,678cb849c3404d9280a852f63dc50ddc,ShopReset,1
2023-05-24,6f2ef26172014a8ba6fe2940b2fcb8d4,ShopReset,1
2023-05-24,fca707c24ba54d6d92c0becec157e027,ShopReset,1
2023-05-24,0875860958144cfbac32b6280e2df19d,ShopReset,1
2023-05-24,404dbd33d5b54cd082e23fa42c6dffe7,ShopReset,1
2023-05-24,a76e3bf908fe44629984220d1e9376ed,ShopReset,1
2023-05-24,18ad7dd64e174a4492457c0ab1dc94a9,ShopReset,1
2023-05-24,e2e56fb7d0c34bd2832be55ddcbf47d3,ShopReset,1
2023-05-24,50af8bb3149449e489e7271315a54044,ShopReset,1
2023-05-24,90c9c25a44f64a7980cf71f369f7474b,ShopReset,1
2023-05-24,b34658f7db544825bfc4919fbfec562d,ShopReset,1
2023-05-24,2487b7a169ea4ef39004a919b632b784,ShopReset,1
2023-05-24,cab084ac18c84431be578e72d04914d3,ShopReset,1
2023-05-24,0809233c9e654c7d875f9995e0d87427,ShopReset,1
2023-05-24,574f1534ac70472a90ef6519dfc962ed,ShopReset,1
2023-05-24,915b2e0d8fc3422f8d1e126bc6fdec32,ShopReset,1
2023-05-24,9cfa377697754e869487815502eb9188,ShopReset,1
2023-05-24,82412dfe3e7649cbb818234dbd830e38,ShopReset,1
2023-05-24,42ce5450741f4adb8b77a0ca0ea9e56f,ShopReset,1
2023-05-24,73a0142d21364eb0af54b6dde614f4da,ShopReset,1
2023-05-24,71a8956f851448b8b4e5d415e720a4ae,ShopReset,1
2023-05-24,7a1e85d84b8e4a44b18cdbbbd232968b,ShopReset,1
2023-05-24,dab1c5ff7e294cb58e66423ab79eeb94,ShopReset,1
2023-05-24,cc802caeaad94a9f870b978d1dfa5ff0,ShopReset,1
2023-05-24,d53d9ef5ca7646fdbb2c6f5c86e7439e,ShopReset,1
2023-05-24,828b8e05d97f4632bbefc3e52b78c0a6,ShopReset,1
2023-05-24,b4eb088be2374bf0affbf8b51fd3eafb,ShopReset,1
2023-05-24,63bf2cdd63f3445d83def8d70ba031b2,ShopReset,1
2023-05-24,9f590b63547645f3ab2f92a20b9e94c7,ShopReset,1
2023-05-24,ceb592f53730403daaecf3da571c2dc6,ShopReset,1
2023-05-24,84cecf6f119a40208f5335563fd8ddc6,ShopReset,1
2023-05-24,2113d5c9ed794a81835d925d2a567db2,ShopReset,1
2023-05-24,9383fa9bae1f4c43822fd0585cbaeb22,ShopReset,1
2023-05-24,85b574875f1c4e9db5f19c970e49292a,ShopReset,1
2023-05-24,99f8c9929cb043ccbd2500c36fbd0152,ShopReset,1
2023-05-24,eb6cb34c15464d28abe4c83dcefe2d76,ShopReset,1
2023-05-24,b6c9fb87e4b0455eb5c2085e09855bba,ShopReset,1
2023-05-24,e7ce0b9d051f4d968a556104dcae4475,ShopReset,1
2023-05-24,c31a80ab8514434791aa51c3a1245826,ShopReset,1
2023-05-24,b85b01860747402da28202bccefbd06b,ShopReset,1
2023-05-24,f17ff9d6b5844d18af1fc07495bcbdc6,ShopReset,1
2023-05-24,c4b9fa1a2147418c9b3fff857c9b2f56,ShopReset,1
2023-05-24,781afeb63fa5402f96274e84631ebd05,ShopReset,1
2023-05-24,b55f86369e264a619618a08b8217863d,ShopReset,1
2023-05-24,3a432d9fcfde4430a527f3613355c896,ShopReset,1
2023-05-24,424915e667614e60aaa21d26fd55006c,ShopReset,1
2023-05-24,24abbd7b40b0487b97ef062d3999b2fc,ShopReset,1
2023-05-24,15687a7a4e7a4d969491254483093f6d,ShopReset,1
2023-05-24,b4db743d4cd549afa01c509a62cb4f48,ShopReset,1
2023-05-24,9bea817360134d9fa2d62c73bf0b13f0,ShopReset,1
2023-05-24,90922acceb2d4910bd8ec78fc560b4f1,ShopReset,1
2023-05-24,1a4a2ee2b6dd42e3b21355242e8ec162,ShopReset,1
2023-05-24,7bcdcc33db4340fba2bff9d75ec65010,ShopReset,1
2023-05-24,dd476b390d024b96be5303a421da6f07,ShopReset,1
2023-05-24,312a0be8d8884a08bea8a1507eec5170,ShopReset,1
2023-05-24,7140a30ef91448a3929b974e4280d88f,ShopReset,1
2023-05-24,95b45b5e37dd4649b3f19cceb5fd27ef,ShopReset,1
2023-05-24,ad6677960e7e458887f8091d9a60910c,ShopReset,1
2023-05-24,2ca5aa39f7634022ad75721df2ed4509,ShopReset,1
2023-05-24,1703ffd26e9b4fec9b59285e8ca5677c,ShopReset,1
2023-05-24,db8064626e9e44c68e9b8d2f576e7fbc,ShopReset,1
2023-05-24,0c0d8c0f6e8d451ca8e95ff329ee1430,ShopReset,1
2023-05-24,ac079d25600741d7b920632a936cbb91,ShopReset,1
2023-05-24,92125e7a4b7140a2b401aea070383907,ShopReset,1
2023-05-24,b66ff2f62ae646b0ae9015f3fcf1580b,ShopReset,1
2023-05-24,1418f119d3e84de5b26ad68ca94b06ae,ShopReset,1
2023-05-24,f3629d5b2d9e4efe947f83e0e0693083,ShopReset,1
2023-05-24,93f50298661b4d69a004a6e59a9d57e4,ShopReset,1
2023-05-24,3804c49f19fd42f4b3fc7f2201daabaf,ShopReset,1
2023-05-24,ba5ede8a558b43489937f4d4d1300b05,ShopReset,1
2023-05-24,ad0a1b5107a84224924605a8b142e5ad,ShopReset,1
2023-05-24,3016e48e145946e784c2d29f950fd2e8,ShopReset,1
2023-05-24,ac121043180d4fc6b08d48588e0ebdd6,ShopReset,1
2023-05-24,81c7fdd6361a4d8db9a637bcf517c54f,ShopReset,1
2023-05-24,c42285d620f54c16b75a37f405927b6d,ShopReset,1
2023-05-24,1b803cdb064746f2b022c1e6bd1c3de9,ShopReset,1
2023-05-24,55ac02d360074934a2093e0279ef65dd,ShopReset,1
2023-05-24,9996a346da0948c6a45e033fc6cf7e90,ShopReset,1
2023-05-24,f53179a62eee4f0fae2e9667637dcb55,ShopReset,1
2023-05-24,2b971f466fd24b5cae511e8247c095c3,ShopReset,1
2023-05-24,141b1b9b495040218a70f368a668b293,ShopReset,1
2023-05-24,7c20087f7264491191da49f982809137,ShopReset,1
2023-05-24,05be141b937c4d1bb72aec40e255e9a9,ShopReset,1
2023-05-24,95c0f54c151e4865b54504fe926d5773,ShopReset,1
2023-05-24,9c6971884d394bd0919a160b5a772313,ShopReset,1
2023-05-24,9ff976a92b7c4ddeb47d7dc0bf9f6e42,ShopReset,1
2023-05-24,b663db8617fc4b9eb298698ae612ebc3,ShopReset,1
2023-05-24,5af6cd1d754145529718e4106a22c278,ShopReset,1
2023-05-24,1eb0ae2532e94dedb9e55a60b07f5af8,ShopReset,1
2023-05-24,c7fefd5f03d9423c97f52ec922393f32,ShopReset,1
2023-05-24,5b1ef50c45d64d2b9ab33ee66ec97796,ShopReset,1
2023-05-24,3c2e85916e46413eaf20fb9d1b0564eb,ShopReset,1
2023-05-24,9be8a889d406405daf405ed265dcd8bd,ShopReset,1
2023-05-24,6e10e90f69b74a599929036bc2b93595,ShopReset,1
2023-05-24,6afcbd0d2acf4b47b21fea9247505e02,ShopReset,1
2023-05-24,46ad08bbf9a24deba9a70c081769bbad,ShopReset,1
2023-05-24,cf0467dc4c4547d7b0f045b299a66bb8,ShopReset,1
2023-05-24,eca8711e925b4acfb55ad5e9de4db518,ShopReset,1
2023-05-24,8aa29a37a34841d0b0846d21a827f952,ShopReset,1
2023-05-24,966eeee9865545548cdd8d4972112e51,ShopReset,1
2023-05-24,aaefd40210ce46978c6eab4ac78bc21b,ShopReset,1
2023-05-24,b50f43c4b7ce470a86e01a6d5458a8d4,ShopReset,1
2023-05-24,59a01800e4bf4cddb7d99d1ce7f95eee,ShopReset,1
2023-05-24,f9818cbd5728458aabb254fb48f83b29,ShopReset,1
2023-05-24,73794d333b0b413a9db788e4f596575c,ShopReset,1
2023-05-24,9be4260b8a4c48bc9421134b125c5cda,ShopReset,1
2023-05-24,a4ad33feabfa4047b60fdd9c5287d174,ShopReset,1
2023-05-24,b1f8e69faef9448896ff06465ca291f5,ShopReset,1
2023-05-24,5cfcdb4cae19454e80263ae76e600551,ShopReset,1
2023-05-24,cef6c1fac31d4aadb464c001bc59e70b,ShopReset,1
2023-05-24,ed15d187a7e7400080251b7eaab68c9e,ShopReset,1
2023-05-24,b0601fa918ae443dba15c4846bbffe20,ShopReset,1
2023-05-24,9b7663a217c740b099f02fbb78e28b78,ShopReset,1
2023-05-24,5f25c2fb5eba4fda82d747107d5c8d98,ShopReset,1
2023-05-24,848e3621c32c4b23afa4cc8e87d26b3c,ShopReset,1
2023-05-24,e897b133f2bc41528383fe1062367908,ShopReset,1
2023-05-24,879bbb52fa844806b8b43ab8e24e38a9,ShopReset,1
2023-05-24,29cc63dee0d6439b89dce7012aa6791c,ShopReset,1
2023-05-24,ebec91f766a24e30ae13a6411f030c79,ShopReset,1
2023-05-24,3f93a240028840f1be4aa330fbfa2ad5,ShopReset,1
2023-05-24,fc3d3b7da18f41a3938c9b44dc3ed5f1,ShopReset,1
2023-05-24,f14f4938ee93452fbb5e9b71b5c630e0,ShopReset,1
2023-05-24,050d19adf50e4c6dac2fe8eb19d967ba,ShopReset,1
2023-05-24,269bde58be4d4aa29090753b1c012069,ShopReset,1
2023-05-24,d4d6429d0e624355933cd101c10e7379,ShopReset,1
2023-05-24,483fe11b58a042ecb5acd4edd8c05f7c,ShopReset,1
2023-05-24,3987f1007b8f4ffb9b8652623ab9f858,ShopReset,1
2023-05-24,1d0518cb531240be8210681913c5bbed,ShopReset,1
2023-05-24,eb5894f7139146c38582063bbc4ff944,ShopReset,1
2023-05-24,9f77d46c2a28445d939ccb961d7b1e10,ShopReset,1
2023-05-24,bb0b549471564170972df9c568784036,ShopReset,1
2023-05-24,b7a2a15670e146f1acc834c98a88a62c,ShopReset,1
2023-05-24,2d211ada8e874171afb86787c4d52709,ShopReset,1
2023-05-24,08d4309c91d149b784d03556666ac299,ShopReset,1
2023-05-24,ee82a3c8b4044e369031a98510d09f9e,ShopReset,1
2023-05-24,ae7dcb54de9e4e6ca24397f69a50a7d3,ShopReset,1
2023-05-24,314eaa5810f84678b643de3c4b5e46ea,ShopReset,1
2023-05-24,77f0dac051b04fec9d0a14c5467704a9,ShopReset,1
2023-05-24,cc88cc058a44446a9ea7e3215a18a9ef,ShopReset,1
2023-05-24,eb7511112987402aba8d53e0a17a5a1e,ShopReset,1
2023-05-24,3974664a08644457bbd4ae69864fc7c4,ShopReset,1
2023-05-24,9b4b20de926046c69f8791acd0aef0d8,ShopReset,1
2023-05-24,a6d79e55490c4f9f90dccff10eca6c65,ShopReset,1
2023-05-24,84e6a462d8b34e59aac5affdcfd779e8,ShopReset,1
2023-05-24,22a5ce40cb4e402192c51efe629ddf18,ShopReset,1
2023-05-24,f477892fcde84844bff8cebeb540f5a5,ShopReset,1
2023-05-24,4c818324116e45aba959230ae388df99,ShopReset,1
2023-05-24,85b3b5b2084f493b871c4423076a5310,ShopReset,1
2023-05-24,fdb31119a5cb4521bdd8d76b9bf210a5,ShopReset,1
2023-05-24,f3b8150a95114bf2ab0a6f3261eeee3a,ShopReset,1
2023-05-24,0d72f1646f3946e1be11de6e4a3b9327,ShopReset,1
2023-05-24,d576e08dd0bb4f8f81868de76e5a178b,ShopReset,1
2023-05-24,b60e8390a1fe43f3b9c1ee3024700e12,ShopReset,1
2023-05-24,4064b210ea7e444cabc817b432c6788c,ShopReset,1
2023-05-24,7680a633146345fe85c3278986a24260,ShopReset,1
2023-05-24,69ddc712d7d942b7b60acd7ac1c39c00,ShopReset,1
2023-05-24,6c8ca37aa4a645efb4fccc17c563a372,ShopReset,1
2023-05-24,d8a6377968bd414dace1a79369659b11,ShopReset,1
2023-05-24,b96cbb0b141b478185be3524a23a1d13,ShopReset,1
2023-05-24,6d25f8a448ca42639cf7fa323996b31b,ShopReset,1
2023-05-24,e135ab1bcda940e385e3428679e6c267,ShopReset,1
2023-05-24,532f797b3fc4498196c1d66a0ccf7994,ShopReset,1
2023-05-24,5c8b3308d27a47d486316c6664d3a562,ShopReset,1
2023-05-24,84a939ce3bef4c1ab92647882e464dc2,ShopReset,1
2023-05-24,a2b293162c864d39b889be270051e9f1,ShopReset,1
2023-05-24,bfefc43b7b2949348efe2d573f17b587,ShopReset,1
2023-05-24,4258774f6e564ee4b7aaa40078a5bc3a,ShopReset,1
2023-05-24,10f5b81263b8405bbb72439333271f9c,ShopReset,1
2023-05-24,6d635c1d94ca47b8b7f09294b1414122,ShopReset,1
2023-05-24,4a6350c3580344a2ad22e403d55c3c95,ShopReset,1
2023-05-24,63c44ad03beb4f7ba8f914c2367d7360,ShopReset,1
2023-05-24,521c2eed23954161a6a3dd13362dfad3,ShopReset,1
2023-05-24,018e2fd58c0d479b9960f8291f8a3e9a,ShopReset,1
2023-05-24,fae31729b40d4893bce221aaedd3d171,ShopReset,1
2023-05-24,f8c1707f9e324f029a9184526c618a10,ShopReset,1
2023-05-24,1e17d15b91cf4d718d950c0f85641d3b,ShopReset,1
2023-05-24,cac0aa3494d948099e751e96d177d189,ShopReset,1
2023-05-24,6bfd9e28b8c64fa4aa6ff222c42e157a,ShopReset,1
2023-05-24,f344298f7f3a4a67928194db964602ca,ShopReset,1
2023-05-24,7e77c3deace34ad0b0357c3702f22554,ShopReset,1
2023-05-24,31675c6d75cd468ca25b2df61a5af2ff,ShopReset,1
2023-05-24,9abdd1b64dd04aecbeeb6118b31fe0cb,ShopReset,1
2023-05-24,02ab4b4af64d4e6ea867967df0ebaf51,ShopReset,1
2023-05-24,3d801d38b0d2470a97d324d6ab49bb2b,ShopReset,1
2023-05-24,dca41ee4e9c94490a18dac4ac783dfc2,ShopReset,1
2023-05-24,d7da995f66124bef8d5f71be16c56575,ShopReset,1
2023-05-24,4f067610382e461bb8790b17234dda8d,ShopReset,1
2023-05-24,37c64cd965dc43bcae068a1af783db1e,ShopReset,1
2023-05-24,ed7844d9a4334e528bb60d4edc787551,ShopReset,1
2023-05-24,26ae02a5aa814b9189401161e8078d12,ShopReset,1
2023-05-24,533b8bf8b90f422b9a587b05298f1e13,ShopReset,1
2023-05-24,5a1e17a0409542b3926ffc48be380889,ShopReset,1
2023-05-24,91eb916c3ed94807b9146cd980985cc2,ShopReset,1
2023-05-24,42542b6d7adb455b81fe0276ab76acc1,ShopReset,1
2023-05-24,6a9cbaee688b4cdea25ffda26d903aca,ShopReset,1
2023-05-24,e2a7c7f6cff24e01a9b1425ceecaae90,ShopReset,1
2023-05-24,d08d616dcb5944eea18ce3abbe8c3a23,ShopReset,1
2023-05-24,d8e8428a8061449094746b5362d8a3f8,ShopReset,1
2023-05-24,db9de5eedc6b438db308a012945f653e,ShopReset,1
2023-05-24,f870c3f70d3448d0bd4d3aff716afe3d,ShopReset,1
2023-05-24,088c3c19955a441ba2e9a4daa3037ca4,ShopReset,1
2023-05-24,245044d6b31e4025b63b4d61e5563ee8,ShopReset,1
2023-05-24,e9d622b67ab345e9aa9425da530b1c76,ShopReset,1
2023-05-24,30999cabc6f44fdcbb17994af1a30a6d,ShopReset,1
2023-05-24,ab18481a47024745b6c4c133973e7e15,ShopReset,1
2023-05-24,809a3c16f66c48d4b025cad300fb432d,ShopReset,1
2023-05-24,d0f389183711418ca4cc9c668f7ac0c7,ShopReset,1
2023-05-24,27bd96d9227a408ab96a08f97f47835b,ShopReset,1
2023-05-24,e011d2c6448342368aec4ddffbcb0185,ShopReset,1
2023-05-24,96d7e7ba036e427a855fd6b68d2e4b83,ShopReset,1
2023-05-24,2740ea175d9b4ecba3864c12903b560a,ShopReset,1
2023-05-24,8d32a3ab519d43e9816e9e8e16320c78,ShopReset,1
2023-05-24,ffc75f35e9b24d27aedd53e58fd3a84b,ShopReset,1
2023-05-24,cc87ab5dda1d4ca4ad422963aed14573,ShopReset,1
2023-05-24,1f7a1bab7e024e74be7470f9e7853d35,ShopReset,1
2023-05-24,ae1ce01c46e5441db900dd92413b1bad,ShopReset,1
2023-05-24,1ec04ffb781c494a94367087bee0d3e2,ShopReset,1
2023-05-24,a3d88c77151d4e9aa869056c8152e47e,ShopReset,1
2023-05-24,dbc869ded9cb4bf3b43db83b26316d51,ShopReset,1
2023-05-24,ad81cb4d3dea450c90dfba21b643a670,ShopReset,1
2023-05-24,df356d4f55464c1a9e54aff8edd490ba,ShopReset,1
2023-05-24,fc1a239593484be49c25ed8288734180,ShopReset,1
2023-05-24,dfcbd26267d4420daba5100fdfc53ddc,ShopReset,1
2023-05-24,8fc8551feb344b159ce3655680565ef9,ShopReset,1
2023-05-24,d09e2ed1fab2401e9d847f2f9c6802cc,ShopReset,1
2023-05-24,398d4f52955d42beabb94de1f27c6aeb,ShopReset,1
2023-05-24,3a80bf74c36a4e14982aa2182ea0d894,ShopReset,1
2023-05-24,a816758dc1c44dae827e7edcabc879fd,ShopReset,1
2023-05-24,5a31a3bf8c8c420696351a2a6550edfa,ShopReset,1
2023-05-24,db13973ea3c24683b10ea1e8e161b581,ShopReset,1
2023-05-24,decb5fe6530343009ce1dcaaef2a3efe,ShopReset,1
2023-05-24,b0490daa233b4622bbd25a7afbbf8604,ShopReset,1
2023-05-24,5b5b14a4811f48d0ae0a6f1acbbdff7a,ShopReset,1
2023-05-24,980e07987389461cba2d3519fb46b5dd,ShopReset,1
2023-05-24,d6a837849f0d4fc98034d91dfcd2d4fe,ShopReset,1
2023-05-24,ba08733ff737479bb5a929ba5f7ef39f,ShopReset,1
2023-05-24,cb68bec51bbd473ab338fb07e2aa644c,ShopReset,1
2023-05-24,baa3f7d3f4b54b67a261cdf34beda4f6,ShopReset,1
2023-05-24,164cd4e769f1455eb9d47cad4d5e01c8,ShopReset,1
2023-05-24,ef542bf09c3d4fbd80ce5643063d1c3f,ShopReset,1
2023-05-24,0f67cec6b7304cb6876ec8eaa394e350,ShopReset,1
2023-05-24,f78ecf16f1a3428987e5c27558097d4e,ShopReset,1
2023-05-24,9456aea869574bbdb8cf06d3b6c4ba09,ShopReset,1
2023-05-24,5686a7882cdc4f3fb5b448804e5396f2,ShopReset,1
2023-05-24,fecc786d5b93483a954b290c2994a566,ShopReset,1
2023-05-24,f13ffe7fb3cb4933b1c43055bf8786d3,ShopReset,1
2023-05-24,276e578784694c8da7a73c911c4617ef,ShopReset,1
2023-05-24,59e9165cbbdb49ba8cc518d7b05ac6e2,ShopReset,1
2023-05-24,39449c66f15c408fa2557f2464e05524,ShopReset,1
2023-05-24,c9bc9562dfb24bbb9356451c9ba420dd,ShopReset,1
2023-05-24,e7f3b148106e4f8b8e870943c47bc590,ShopReset,1
2023-05-24,06791ae417ba4f2b8968a224c4c0ff86,ShopReset,1
2023-05-24,e50a8297a0dc447394c6983791f986d3,ShopReset,1
2023-05-24,eb114b2015b648648cde3e26be610d3a,ShopReset,1
2023-05-24,a0b21a22295c4fe286c51f5d7f8afaad,ShopReset,1
2023-05-24,eb72e8c1333846e78b25ed472798f596,ShopReset,1
2023-05-24,4993051b0fdd480491a83328f706be02,ShopReset,1
2023-05-24,63e0e847904e45d995c12594e8d2a6f0,ShopReset,1
2023-05-24,768b25822a1244a6b25b7acd780946ef,ShopReset,1
2023-05-24,623b2c82e7c043b0adaabdf6601bba68,ShopReset,1
2023-05-24,cda4924d1ca3471cabf9a82382caffa6,ShopReset,1
2023-05-24,6db5b442bf074a6f94283b5fa90c40dd,ShopReset,1
2023-05-24,4bcf551a1f034c668ba12363d8b1414d,ShopReset,1
2023-05-24,2fd5ea805e094bc79f5e74c3e8d7b1bb,ShopReset,1
2023-05-24,28234588c8ae44ccbe47bdb6c2e533b1,ShopReset,1
2023-05-24,b383e61a94f9457b91dc0fd8f535dfad,ShopReset,1
2023-05-24,9e05a3eec4c0472aadcefffab578454e,ShopReset,1
2023-05-24,6024d01388d247118053363d0be52a2d,ShopReset,1
2023-05-24,3f48f8cdb89044c4bda2851bb4001408,ShopReset,1
2023-05-24,fc50d988d456463aa7cafecd5403f148,ShopReset,1
2023-05-24,54bb279a376a464d8b2dedffe33e4c0d,ShopReset,1
2023-05-24,21bb71c72b694c2eb49dbd78a544bfaf,ShopReset,1
2023-05-24,641b3e7df2274cacb9abde302b5a30f1,ShopReset,1
2023-05-24,d91644edfc3a4a10a3b44ed6d78f39ab,ShopReset,1
2023-05-24,0defc008dd834ffbbc80c4681fe7a58c,ShopReset,1
2023-05-24,245a2edb3f40402bad0c610742068bbc,ShopReset,1
2023-05-24,7d81ed06d4794154b1c0e391af0597b8,ShopReset,1
2023-05-24,6858116e4c02498688083011fea5e10e,ShopReset,1
2023-05-24,245fefc4fd0c493ab5cd69670aab28b9,ShopReset,1
2023-05-24,6fa72c33d01542a99a540e35ef6c3324,ShopReset,1
2023-05-24,6649fbfb7d1441e6a7d7dc6f7a5930db,ShopReset,1
2023-05-24,52ac2e10c2ba438483c71c4adc9ce766,ShopReset,1
2023-05-24,e23718bc2519435a8050220fc91bdadc,ShopReset,1
2023-05-24,c64ce6385f24492098ee9e8ed6bd2e99,ShopReset,1
2023-05-24,b5345e1f417e4e9f9c624d7f0d694fb1,ShopReset,1
2023-05-24,30038e057f5f4fb49017bf4512ba0a78,ShopReset,1
2023-05-24,b9097dd806b7444ea3af5141fb42f22d,ShopReset,1
2023-05-24,a6e6f0d58c614075b65f07207dc0e7ee,ShopReset,1
2023-05-24,673724d35268445793c0ee0b6cd6a879,ShopReset,1
2023-05-24,462ff11c066e432c8756872a0c6cb7ef,ShopReset,1
2023-05-24,ed880148119a4990bda76ffcfa8ec1f3,ShopReset,1
2023-05-24,0a76b35376d748918d403fc110ff57fc,ShopReset,1
2023-05-24,b351a448802947c88433fddbd0da0d9e,ShopReset,1
2023-05-24,4fa9874c77094ebab1469d39343c076e,ShopReset,1
2023-05-24,6f4156b0d734409cb37bd3ca37ca8b1c,ShopReset,1
2023-05-24,24ec50068f5a42d1a26b75da20d1dfe9,ShopReset,1
2023-05-24,a50ca702c2ce48cb81820026e293b9d3,ShopReset,1
2023-05-24,920b1822e64e410b9bb5471186c373f8,ShopReset,1
2023-05-24,b1815fd40fad423aac98796f0de58c66,ShopReset,1
2023-05-24,63603c87182b41abb548aaa0411bd32c,ShopReset,1
2023-05-24,82ec62c1607b477cb72e2b83d5e635ea,ShopReset,1
2023-05-24,dcd8ca99a2214715ba9079f024b42c94,ShopReset,1
2023-05-24,8cec55f4dcbf48b386ca874a2323e695,ShopReset,1
2023-05-24,aad12419488947cf8d3d9cd21b6a39f8,ShopReset,1
2023-05-24,b0c596fb3ed64d63b205ad295697da96,ShopReset,1
2023-05-24,87503dff6e4c40e68cfdab9670ce437f,ShopReset,1
2023-05-24,8d55bf028634445da542248b68f3e974,ShopReset,1
2023-05-24,fbbaf378c9064f4bbda1eae6a710fd64,ShopReset,1
2023-05-24,acdfc2287a494db9b53fc1214e85c72e,ShopReset,1
2023-05-24,1ec1f2d10f034ccab18385656d4b4e76,ShopReset,1
2023-05-24,8aec5b6f19294c9cbf1b38a5da627326,ShopReset,1
2023-05-24,916fb6ba879449d08c708307acdd9315,ShopReset,1
2023-05-24,31104747685045d2b3cffdd2cb5e7479,ShopReset,1
2023-05-24,d4c342c2a072430a9a94a7a855004e30,ShopReset,1
2023-05-24,b1bf386b135f4a28b78b0fa7731d7f39,ShopReset,1
2023-05-24,025692ae448a48cc84a37f8e83e8ddee,ShopReset,1
2023-05-24,746b1fcb47764be2a91b886328ec0603,ShopReset,1
2023-05-24,8335ff74c32743348f2d7769488fbde6,ShopReset,1
2023-05-24,79b2c2c6994642f5ba6173b2438ce0f7,ShopReset,1
2023-05-24,d76d9b1d3f5e4ad9872d049eaf24a903,ShopReset,1
2023-05-24,d9d760d177074cfebf947644d308c11a,ShopReset,1
2023-05-24,52b2ea196cb24c428e4de487cbb63237,ShopReset,1
2023-05-24,7fec230619494030a3f9e2d5f24b2d91,ShopReset,1
2023-05-24,3b32b6b857494f97a693e43cb555120b,ShopReset,1
2023-05-24,02563c58988a49ccbcc7815cc0f9875d,ShopReset,1
2023-05-24,1fa10a61499b4ea9906d1661598f9506,ShopReset,1
2023-05-24,1c1c54f0521348168f6fb6e9607951a6,ShopReset,1
2023-05-24,43c05a51053f4d10b990be529ad237cb,ShopReset,1
2023-05-24,00d2edc69dee4b3bb7495f8a45f76717,ShopReset,1
2023-05-24,cabcaf94729546288a2420a378178052,ShopReset,1
2023-05-24,33053f544f46423b8bb2d02a78d9f689,ShopReset,1
2023-05-24,75020206780241d5aad516956e24e4a8,ShopReset,1
2023-05-24,a750effe684b4bb3ad1de53c28c86af8,ShopReset,1
2023-05-24,4385894a699a4607a330f037ec952941,ShopReset,1
2023-05-24,7cc4f523e5cb4bdab614b4a6cbb2fcd8,ShopReset,1
2023-05-24,c26244acd13246df8b711fda164b286d,ShopReset,1
2023-05-24,cb802fe2b64443a386915bb1dbd2bd3c,ShopReset,1
2023-05-24,81284e7d00534c888804e72bdf0f4590,ShopReset,1
2023-05-24,08882977bfa84ce4bd6014ee3240111d,ShopReset,1
2023-05-24,02608755919d42bf9e9e9b09596410a3,ShopReset,1
2023-05-24,9699857bc4a442fd8838ee9cc298e018,ShopReset,1
2023-05-24,965ffd1f1d76410493bb28cc0d1f2552,ShopReset,1
2023-05-24,8c732259e8bc47c699edb1ff20a9967a,ShopReset,1
2023-05-24,0c0c71d474ff49da9b39b0f05489e710,ShopReset,1
2023-05-24,57a015937abb4660af32bc02cb63b28f,ShopReset,1
2023-05-24,e4e7707623854387998e4e1287a384a7,ShopReset,1
2023-05-24,ef859a43b3b34c8bb832afcf55615e7a,ShopReset,1
2023-05-24,c2999feae79a464dbba455af68a09e95,ShopReset,1
2023-05-24,2e432abff3f2418488faac17338e5bb0,ShopReset,1
2023-05-24,c081738219b64acab9b98d45861a6ec0,ShopReset,1
2023-05-24,83d2788b76824b8698b2bacc3f9188a8,ShopReset,1
2023-05-24,817b3bbd3a574b02b2f1f96489643815,ShopReset,1
2023-05-24,e6924c71bcc6407e8e60619c251d1814,ShopReset,1
2023-05-24,e97154fc93df40dbb238000ef92e3f83,ShopReset,1
2023-05-24,5d87ee027f444d768c3f3316f3194706,ShopReset,1
2023-05-24,9da9bee547a94a6ba9bcdf372ed52bbf,ShopReset,1
2023-05-24,c904fec7ea314dc4a3f7354503e515fa,ShopReset,1
2023-05-24,635e00403c7e47f5814b00a7da6a0361,ShopReset,1
2023-05-24,f00dc18a668d43f7a61e4718a598d12e,ShopReset,1
2023-05-24,7eca6612dbfe4e8fb9811dfd0ac1da96,ShopReset,1
2023-05-24,0fe88c0b1ab543ae9701fe6af646e64d,ShopReset,1
2023-05-24,6d19625111744c8cb14029e99085946e,ShopReset,1
2023-05-24,106c4f01d31145daaf3988e0ab1670d0,ShopReset,1
2023-05-24,e62e50cae00a4cf382ae4e61574dee79,ShopReset,1
2023-05-24,61ac1e2f68474ee894fe3c227f9e07b0,ShopReset,1
2023-05-24,f516c1a5b62e488b954422231ebdc1f1,ShopReset,1
2023-05-24,8d9c53e90bd540fcb3e2467615f3cb3e,ShopReset,1
2023-05-24,19799e38d78047e8a94bc780d100ed89,ShopReset,1
2023-05-24,548af7483dcc428fa906a8347bbd5e0a,ShopReset,1
2023-05-24,e24fb18617e0468da27f454fa5289bcb,ShopReset,1
2023-05-24,0c8d7f33050a461793d7684aae2c5010,ShopReset,1
2023-05-24,058eed64060b412a88a430e56e76f18a,ShopReset,1
2023-05-24,24909c7d8826486a98f81b376065a7ee,ShopReset,1
2023-05-24,73fef758346e49d4b5f070290fb988d5,ShopReset,1
2023-05-24,7bccd5c77e8b4c84b1b1fbfd5c4643da,ShopReset,1
2023-05-24,cb8288e80bf040359ea2c728c2901613,ShopReset,1
2023-05-24,98fe1d2c9eb6428d9a8d7dd25af26775,ShopReset,1
2023-05-24,e1b07127614e4663a32bf12d4206b548,ShopReset,1
2023-05-24,eff910746edb40d59967fdeb9576d972,ShopReset,1
2023-05-24,d3ee39cb84c04bd8bdd958dfae503f03,ShopReset,1
2023-05-24,bc1c23e8c8f942e982f29a3b69c554ed,ShopReset,1
2023-05-24,a4933eb48f034f2aba4f7a6b5ff08073,ShopReset,1
2023-05-24,960ad65d0c914d40b83e25f79d1b859e,ShopReset,1
2023-05-24,ca9696ac2f1548ffb9514a8e92203065,ShopReset,1
2023-05-24,4eb00c35cb9a470cad55fd2db2c4b63b,ShopReset,1
2023-05-24,d7e1296f703f4328ae66d5f9a87473cf,ShopReset,1
2023-05-24,f56d54cec665441299fc1e85a6efd981,ShopReset,1
2023-05-24,8819cb2394dd4b13bdb03fc4a8ce4fa5,ShopReset,1
2023-05-24,6c314975b3a14f399af55d8c5490a4ad,ShopReset,1
2023-05-24,f4a816f2188643b7a195f6224afefd45,ShopReset,1
2023-05-24,22038e5c464d4856ac12caaa5522a0eb,ShopReset,1
2023-05-24,f3839ca11298489d8e66ff9f30cc2e68,ShopReset,1
2023-05-24,525a78628d3c4cb48b81e9198e835b47,ShopReset,1
2023-05-24,d48ad0fcc6534ba89215266ab3b72522,ShopReset,1
2023-05-24,d88cca5054c6462bb81b9ee7b783d426,ShopReset,1
2023-05-24,a406853cd62443f0b5d895f9b6a52583,ShopReset,1
2023-05-24,12d5032ae53a4202a3efadafd73b24a6,ShopReset,1
2023-05-24,50b14fd8510949e9853caf1c5d6deab0,ShopReset,1
2023-05-24,8b8d32267b7e4ce9902973875d9efeb5,ShopReset,1
2023-05-24,38000433e2d94323be2be6f42c0c37c3,ShopReset,1
2023-05-24,e29456dccd42425798ec1bc0118f5620,ShopReset,1
2023-05-24,d754ee81b98c45d791eef894bf28d5f2,ShopReset,1
2023-05-24,5404c070a7bb4d01bed30efdbc7f7f05,ShopReset,1
2023-05-24,2a13787d20684ca39098ed4b88855bd5,ShopReset,1
2023-05-24,be8562b4add7466e9baa8384f91d8716,ShopReset,1
2023-05-24,84b967108b484f31bd30b638f164a644,ShopReset,1
2023-05-24,8e48aada46db44d69508d4dd4d22a9ed,ShopReset,1
2023-05-24,b1804617bc7845349690aae46cd28e68,ShopReset,1
2023-05-24,4bb89963ce724e13b1093e4376b87517,ShopReset,1
2023-05-24,d70e4c53b4f8457e8631bd03841c0472,ShopReset,1
2023-05-24,ed43545815ac47f8b15c9baeb797bb16,ShopReset,1
2023-05-24,7822787d525a4d08842a7a285bb991b6,ShopReset,1
2023-05-24,fb081f74a0434ed88c17081c5622af2e,ShopReset,1
2023-05-24,63ec23655b2443228971ea3d3fb4c4f5,ShopReset,1
2023-05-24,a31a997eec7b4159b1062f6de2870c23,ShopReset,1
2023-05-24,64b00f5753ed489ea7f63246fb42e3ce,ShopReset,1
2023-05-24,7b7b6a0c8f9f4e0bbf39351e1b977c22,ShopReset,1
2023-05-24,d3121ee162994e98b127d774a533a3d0,ShopReset,1
2023-05-24,73dd105e10f148d0ba2c6344a5b0fbe4,ShopReset,1
2023-05-24,f3a3dd4c787345ffb2d5d00281dfb852,ShopReset,1
2023-05-24,79987aa619da49279f1a9f2250939507,ShopReset,1
2023-05-24,4338cae7e5d04081898dcd51c23c779d,ShopReset,1
2023-05-24,5253ce1e45fb4f37a4cdd997cdafceb0,ShopReset,1
2023-05-24,4309edf29ada465cb73fd59ea26d30bc,ShopReset,1
2023-05-24,e24be3982a99464e9dd75a26198a6b0b,ShopReset,1
2023-05-24,40693c01feb54f059e940736134d5c3b,ShopReset,1
2023-05-24,23554e100a0b4125892e8880b9b80572,ShopReset,1
2023-05-24,6db99454507b4ca388a65c441ec3ca52,ShopReset,1
2023-05-24,efb201feda2545dabf78496db4b66ca9,ShopReset,1
2023-05-24,452d0aa273b14320bc5b8a6c6f5bac2b,ShopReset,1
2023-05-24,f02023f939af44d69c8cbd1fa91c6314,ShopReset,1
2023-05-24,435ec7e905854a5aac57f24d32a8d38d,ShopReset,1
2023-05-24,b358daf7cae94ac088dd758b086cfd45,ShopReset,1
2023-05-24,ce20742255d8412a9db956b49d913758,ShopReset,1
2023-05-24,7460c102a187404ebbaa30c584fab341,ShopReset,1
2023-05-24,a3e3172343344740baf7b507c6b4ea54,ShopReset,1
2023-05-24,7c42966063ba4fd7987deac4e8766e86,ShopReset,1
2023-05-24,fa36cc43a8ee4654ba6776a99f6f95f3,ShopReset,1
2023-05-24,2ba1fbe2e9c040b2ab906089ea028631,ShopReset,1
2023-05-24,f6dbe9c909e049c68a979f1de1edaa75,ShopReset,1
2023-05-24,23a0bbc7ea0c4a1b97146248b8f756b6,ShopReset,1
2023-05-24,1c537a70833f4ad39b2529c5134b12fa,ShopReset,1
2023-05-24,aea8e6fea28442ba9b745633b03b3ed7,ShopReset,1
2023-05-24,ff1accd69e9347e9860dc0b0f9a61277,ShopReset,1
2023-05-24,8ff709f015724f7f9e1aeaf964588c14,ShopReset,1
2023-05-24,af9784d551ac49d49eea253bc34e7308,ShopReset,1
2023-05-24,7de31ba87d2e4d78b0f309fa886975da,ShopReset,1
2023-05-24,bde9e57d7fb54b6aaab86a602732fecd,ShopReset,1
2023-05-24,5d5c0671c92340dc921f4413f21fcd54,ShopReset,1
2023-05-24,23e24ef8b25b4d4c998e2dbeb24d7d85,ShopReset,1
2023-05-24,90b96760cdd84fdf85274808eac02ffc,ShopReset,1
2023-05-24,359204fa17134ee78d3128a4b48008af,ShopReset,1
2023-05-24,7382aa214f3845118a1ea809b2ab5ad7,ShopReset,1
2023-05-24,0ef2aa1c513643c4b29065ba91167b52,ShopReset,1
2023-05-24,fa1c866136254f3eb44f730e7533bc89,ShopReset,1
2023-05-24,55be0820e0cd431b8cbb4f1160b7e73a,ShopReset,1
2023-05-24,0c3404e8916f418480a1c1ada751460f,ShopReset,1
2023-05-24,1298144aaae5475ea7b76957ba40284c,ShopReset,1
2023-05-24,81c0be4702924fbcbe4e7e60446e7542,ShopReset,1
2023-05-24,141db5fe2eb74ee896923afc2e3ae711,ShopReset,1
2023-05-24,b670bfb121c6469f96ca577fe29e032f,ShopReset,1
2023-05-24,6130fa16be1249129e0ead15ae28c984,ShopReset,1
2023-05-24,85c45fcd88284acc822c531b5498529b,ShopReset,1
2023-05-24,e841fd95147c4345bb10abfdeff12fb6,ShopReset,1
2023-05-24,3f581d0b020340c9bbe9caf58e7171ea,ShopReset,1
2023-05-24,72c68ff278b74d76b9c5c0a87f1f0a06,ShopReset,1
2023-05-24,8bdae367499a4b4ba70de3f5d9fe4a94,ShopReset,1
2023-05-24,da397f6a53cd45db9e59089513b6328a,ShopReset,1
2023-05-24,80857612cfcf442a852b3e10093b6fb6,ShopReset,1
2023-05-24,677c874ce18e43c1b109e95a5a5cd82b,ShopReset,1
2023-05-24,f89f7e07c17f45b5abbf21121d903bd7,ShopReset,1
2023-05-24,b6289344ee1d417ba574860a4e2efceb,ShopReset,1
2023-05-24,29698feeec034caf9f37060157f45e7a,ShopReset,1
2023-05-24,242d5b685b05490ca1a81ebb25264a52,ShopReset,1
2023-05-24,cb2596820bb74f039aea03893064a7d4,ShopReset,1
2023-05-24,425c707b3dde46d7bc439a22d5e708b2,ShopReset,1
2023-05-24,52b62045d47b49c8b09408a40ae916a7,ShopReset,1
2023-05-24,599b859d30e845d29d46c799c7aa1618,ShopReset,1
2023-05-24,c2eead5f5d1f44e8bba7dd3fb3d986b3,ShopReset,1
2023-05-24,81d0731d8e6e4ed2938599c7dc6d8b53,ShopReset,1
2023-05-24,6ed18d233c2c414cb020a2220ba54eb3,ShopReset,1
2023-05-24,7ed7631f2c864e76a34e9f363e461770,ShopReset,1
2023-05-24,e002dca59ae94a21b1cf8cd07eb9f35e,ShopReset,1
2023-05-24,5d058d57774e461387dd8b9ebcabfff6,ShopReset,1
2023-05-24,f34d5004f95d4a36aa5ba6bd153d10fc,ShopReset,1
2023-05-24,7ab256b3049a48c9ab2efd39d7a37b1f,ShopReset,1
2023-05-24,8e857c97d40b49cab135f8a0797da7ce,ShopReset,1
2023-05-24,1170711dab65430cae0796b986eb5b96,ShopReset,1
2023-05-24,261f23cfcf7241bc8cab9a48af23432d,ShopReset,1
2023-05-24,8bfef39998ff4bee8fec7ab9132451b3,ShopReset,1
2023-05-24,5d149600547e4c79866d112c7de19f2d,ShopReset,1
2023-05-24,52b3c48a63314e4484e02acc789d4707,ShopReset,1
2023-05-24,16f02defa0fa484185e0852c4fe7cff8,ShopReset,1
2023-05-24,d0ed89cff24245c288a54ccb7e51633f,ShopReset,1
2023-05-24,1ef11515ccb4482ca9b2dd484a3bb31b,ShopReset,1
2023-05-24,722c214050ee4668b5dd88c777cec448,ShopReset,1
2023-05-24,9132ec9d51bd43f5bf1b19564d14e083,ShopReset,1
2023-05-24,f0e7c33ad84c49979a7d9088dadf8d63,ShopReset,1
2023-05-24,8c262fe6944e457aa7ae1cccd580c0ee,ShopReset,1
2023-05-24,c0f6e640055d456688cf5bd512221042,ShopReset,1
2023-05-24,27c73d803bee477ab85ee19d33191759,ShopReset,1
2023-05-24,427e9da5dc5f47f1b240c5b5e55dd2d2,ShopReset,1
2023-05-24,40ff07677ebf41bab7288972eef74f9d,ShopReset,1
2023-05-24,a8b72849b0a94b79ad282a04f7ae88cf,ShopReset,1
2023-05-24,77a38304b0ec47078b89098043d51f8b,ShopReset,1
2023-05-24,b3cdc44adcf5428994c11de27b2ce745,ShopReset,1
2023-05-24,af81261b3758495aaa8851f5f4d5b12b,ShopReset,1
2023-05-24,8873d1c9af4f40bb9b252155f16515c5,ShopReset,1
2023-05-24,dcc6d59bb60a46a183a1f9aeda0a94d2,ShopReset,1
2023-05-24,30b68b2b026b42b59c99146621026184,ShopReset,1
2023-05-24,8f0c6f3b51d3483590275d40e69ce95a,ShopReset,1
2023-05-24,35dbe6cc5e8549668299a63d28d335ef,ShopReset,1
2023-05-24,2f486b8ad1f14d2e9bd7d7b235d2841f,ShopReset,1
2023-05-24,c4bb65058c9541ea830c943a4bc62a84,ShopReset,1
2023-05-24,d29b55175aa44da3a460e87e7f3ac335,ShopReset,1
2023-05-24,a05ac9ea57414b038a8f2db7d4e0ffd5,ShopReset,1
2023-05-24,eb3fec1ff0744be3a791de1a625f5ed6,ShopReset,1
2023-05-24,efffa77baf69477fb9fa6cd467585c8c,ShopReset,1
2023-05-24,bbf58d820e104c0a9772b45063ab7190,ShopReset,1
2023-05-24,d3a3ce9480224966a47f94dd13964c0a,ShopReset,1
2023-05-24,66857f95997d4384970c64e55ad069f6,ShopReset,1
2023-05-24,0f12a117844b41a9a7cb49cf7c3624f3,ShopReset,1
2023-05-24,3c45f6a70443452192905a7fdfcb98b1,ShopReset,1
2023-05-24,6f5ab2c6e759493d860e2e9fee8961a2,ShopReset,1
2023-05-24,77f6659963fe40568ff8cca41f5fdbff,ShopReset,1
2023-05-24,da7ffc4661b042d0bdc28733a5b19606,ShopReset,1
2023-05-24,45005cf3eadf4060858c1e500c4834e7,ShopReset,1
2023-05-24,e20a0f5e55d840aa9822ba9089fe989c,ShopReset,1
2023-05-24,d2e9a9485600423a9e70f626b2fa46cd,ShopReset,1
2023-05-24,6fffebc4c60a4b788dca1ebb60296efc,ShopReset,1
2023-05-24,9782fb306b9b4df58920c23457b90a31,ShopReset,1
2023-05-24,02bd0a2fbfc04cf488b400b744a8db65,ShopReset,1
2023-05-24,c2064df1b6784808b2eec7c2af4b4549,ShopReset,1
2023-05-24,77e619c6905542408c692d778e6791a6,ShopReset,1
2023-05-24,e1f4fb86a4f34889b97e4f013cc0f293,ShopReset,1
2023-05-24,275b5215105f406f87e3f0c4f21894b2,ShopReset,1
2023-05-24,1607596243f04bcaa62433c28eebbc81,ShopReset,1
2023-05-24,5b46ddf18283496ca163dbc0c4c9da9f,ShopReset,1
2023-05-24,34c1eec8724e42aeab00fb04165919b4,ShopReset,1
2023-05-24,c60407a0ab4a450495fbb91b8a153785,ShopReset,1
2023-05-24,095534cb16a949ee9e151fa596875380,ShopReset,1
2023-05-24,f271778cdc8e4eb4bd0d49c6ec58bee9,ShopReset,1
2023-05-24,eac64b85212142d0b2b1f24a41a728cb,ShopReset,1
2023-05-24,6168aca42d434f7dbc7d7d8df96f6ffa,ShopReset,1
2023-05-24,ea4158c61de04e12bbdbf5eaedf0884a,ShopReset,1
2023-05-24,ffe78255a4664ae0984fd744a0bbe740,ShopReset,1
2023-05-24,480c89c3c44b4b37aeacce7b194fcc0d,ShopReset,1
2023-05-24,0ae89e53391c40678705612f6e528e47,ShopReset,1
2023-05-24,0e21b46664014fae83f1d299b45db765,ShopReset,1
2023-05-24,588b6c2c6645465caab37e06108b5c02,ShopReset,1
2023-05-24,1024527483884b449224d4bbf2856315,ShopReset,1
2023-05-24,5c69d5630f24488491f4d27203ff0beb,ShopReset,1
2023-05-24,7780b800c744419aaace7ed35a1dfcb2,ShopReset,1
2023-05-24,9d75ecd4fec142478a42a20f9160771f,ShopReset,1
2023-05-24,ae152c3d2d794d5789c0e632392fe5e8,ShopReset,1
2023-05-24,de97ed1f5d934d518cb39b5487ab5def,ShopReset,1
2023-05-24,125ccc6767ab4ba38fbb3e67c40805cb,ShopReset,1
2023-05-24,9640acf23c204e66b1c31adc55351fa3,ShopReset,1
2023-05-24,4ca0afaf97ed456e940478d6f80ab52d,ShopReset,1
2023-05-24,26fce7372eb04a7dbc33bff333a82d6a,ShopReset,1
2023-05-24,73340e5314e44d7ba8f6637d5ac83f14,ShopReset,1
2023-05-24,8f3bf82409a84b6b96c8976a3a5d03c2,ShopReset,1
2023-05-24,b08ae75c872540cd9103d8aa01ce0781,ShopReset,1
2023-05-24,e388d58308044b05a2fc378c0943626d,ShopReset,1
2023-05-24,20f3f156e0d54ad185473a0d4767523a,ShopReset,1
2023-05-24,825cb368f2774f32993fd7fd622aed26,ShopReset,1
2023-05-24,7cb459b77004408ca042db6177fbd052,ShopReset,1
2023-05-24,300c5c2753d541e5ba027a310d23eef0,ShopReset,1
2023-05-24,3bb88eaeb02241f1a9fc7d7588ed13ba,ShopReset,1
2023-05-24,9922f194b0e04b4a94b7f89adb014b52,ShopReset,1
2023-05-24,60797fdf8d854a6b9eb5d6dd99631e57,ShopReset,1
2023-05-24,bbba7b27d6b946419b48c6f219a28fb5,ShopReset,1
2023-05-24,71940c3dcb104b149f4dbf349717e677,ShopReset,1
2023-05-24,620dc1b3b77346e5bd5fe0165263ab6b,ShopReset,1
2023-05-24,cca29a5444294fceaad59ac4141d9f88,ShopReset,1
2023-05-24,444ce60cbca94615823c0c3271fde7ce,ShopReset,1
2023-05-24,b08dfff6d55441e3aa7a4bd54bf85f29,ShopReset,1
2023-05-24,8243c8ca79d344c19304c8c461a27e71,ShopReset,1
2023-05-24,692a97df5bbc48608f7c227c169303b0,ShopReset,1
2023-05-24,da016187cde646c893d7dec87950f0c8,ShopReset,1
2023-05-24,e8a64857c9f34c0a8db4934655af7ff4,ShopReset,1
2023-05-24,0490aaf96a76445fabb2ef4f3ee0bcf3,ShopReset,1
2023-05-24,429d6b3d30fb48d9a3d0dc79ac27c684,ShopReset,1
2023-05-24,eb98c5c7971041db96b675e1cbcea476,ShopReset,1
2023-05-24,3e53767b0d5e404990e11c4fffb12318,ShopReset,1
2023-05-24,493bed0396cd4a7d9057ebf2c4db0d14,ShopReset,1
2023-05-24,808d45d35db84a898b9f678f7ace266d,ShopReset,1
2023-05-24,f142e75b318c4dd8a125cbd35a354252,ShopReset,1
2023-05-24,a114c43c90b6404c9def2db439aba2a3,ShopReset,1
2023-05-24,872ae42a049046b1889ce57e1f5df3c4,ShopReset,1
2023-05-24,7f27db6bd9fc4dc5bcea57c7657bd54c,ShopReset,1
2023-05-24,9d4e5b7f09e84e8584fdac89e5ffe8fb,ShopReset,1
2023-05-24,5407acf2c9e44a669e1292402c1e49f9,ShopReset,1
2023-05-24,0af253ead43a4df7bc065bca5e50410e,ShopReset,1
2023-05-24,129514a2281d41fcbf6c6982a00702e7,ShopReset,1
2023-05-24,76248226d1bf45a09a876bb05cd06bd6,ShopReset,1
2023-05-24,ff5d203476d44118844df8aa907a1799,ShopReset,1
2023-05-24,da9c4a136a064500bb48d82ac727ad8f,ShopReset,1
2023-05-24,bd978e9f1e9f4e45971fc1c86d1c9540,ShopReset,1
2023-05-24,115896ac5e6b4f99b187d18757964eb0,ShopReset,1
2023-05-24,3fd2693ffff14a72842e99c885f5b3c7,ShopReset,1
2023-05-24,d69cad5aaa6348aa9a39179e9b8de3d2,ShopReset,1
2023-05-24,0ff16db6f1b94f8fb208baee48041c74,ShopReset,1
2023-05-24,28232bda43204b0abec478d3fcc34a6f,ShopReset,1
2023-05-24,53aa360d056a4581bb4105d512749884,ShopReset,1
2023-05-24,f93d867af847421a950d7c8139bd766a,ShopReset,1
2023-05-24,f4566b429f604b9aac4f442ea9aee3eb,ShopReset,1
2023-05-24,42e1cdbb61a24e55bd481d72541ace73,ShopReset,1
2023-05-24,bb2a936c01514a939bef10ae321a2d3e,ShopReset,1
2023-05-24,f7c52048972945cb8a08119583da3068,ShopReset,1
2023-05-24,0de176580e9a44c586bc4a7597d8bc5b,ShopReset,1
2023-05-24,7fca64ba02884d7081baa925ab6a5378,ShopReset,1
2023-05-24,f7c1478e659f4f749e8f7c6b3036a5b2,ShopReset,1
2023-05-24,dcff77dc2ccf4b4fa801b79e7e868a24,ShopReset,1
2023-05-24,65982f415dd445cd8acb19fa145e49a6,ShopReset,1
2023-05-24,91d06ea8e6b941a897eea06e8c381481,ShopReset,1
2023-05-24,66a99e04ba0e4efb88c06fc4f5237424,ShopReset,1
2023-05-24,bc7ce64f8b8f44dc93046e5f8336340d,ShopReset,1
2023-05-24,f1b8efe82191473cb7e70fe0ecbfb8f3,ShopReset,1
2023-05-24,1ed4286332ba430e9a97643e569099f2,ShopReset,1
2023-05-24,5abfe714b056450aa6159ae4f1259337,ShopReset,1
2023-05-24,54e5338f958049de9fd8169ac56e8c0a,ShopReset,1
2023-05-24,23ed35f1984c40e9b7c6140d84d79a7d,ShopReset,1
2023-05-24,379b8f12119840e080e5e5504d88112c,ShopReset,1
2023-05-24,1ca04f2b8bc94773a2b5c702825c43a9,ShopReset,1
2023-05-24,4465eaa3648144169d6b1ed6e2609421,ShopReset,1
2023-05-24,bf1aefe1fbab4a5abadf8e301d61a087,ShopReset,1
2023-05-24,864f9ba5be3a4fcd8cddf84b718b9fb1,ShopReset,1
2023-05-24,4c49ca7397f74df9a46c9e6794374546,ShopReset,1
2023-05-24,f75724f67bc84570888cf81d78a78eb4,ShopReset,1
2023-05-24,d70d8514edc6467a9370837d62577e8b,ShopReset,1
2023-05-24,a26eed74089447daaeb2a8080fae269b,ShopReset,1
2023-05-24,657aa10153fa4720bdd7395deda10e50,ShopReset,1
2023-05-24,a2dff91261bd4ff89da81259d6de8257,ShopReset,1
2023-05-24,754ff8659bfe4cbd9a356d811f2c1639,ShopReset,1
2023-05-24,1c686690e36c409e8b5e4cfa4e51b749,ShopReset,1
2023-05-24,65f15386b61046a3aa9d5ecb736599de,ShopReset,1
2023-05-24,9c39fb469a6e49518f2e4b1d51831539,ShopReset,1
2023-05-24,815f0de4c02742c9a22ff0ec7b4b014f,ShopReset,1
2023-05-24,9e2df25337094a18b30fffc1814e9187,ShopReset,1
2023-05-24,ac660f80a2e54f75b341633239c60ae9,ShopReset,1
2023-05-24,82f946910e234927bf67dbdcfe49d990,ShopReset,1
2023-05-24,e771189fa8094c23bfe75116e496b957,ShopReset,1
2023-05-24,3ab9b3a1174640d0b31100d8d083621f,ShopReset,1
2023-05-24,9b7d3389038a4df09e1179dcf6de18b5,ShopReset,1
2023-05-24,3369d1ade47249e6a52734eea7ce6d13,ShopReset,1
2023-05-24,f6ec28ca35c04753b70473a2b8d5ed38,ShopReset,1
2023-05-24,021020ffaae4430286421efdc83787f5,ShopReset,1
2023-05-24,1ecd66b3a4844f80be983ac8713b8175,ShopReset,1
2023-05-24,c6a6cdd01c8a46bb8bd8f16482441889,ShopReset,1
2023-05-24,35c70b0d585f4625b2cd7ab4f705de33,ShopReset,1
2023-05-24,72e3b38f5fd14f2784a5865f7f1589f2,ShopReset,1
2023-05-24,15df0662446048fb8abbb2da42041763,ShopReset,1
2023-05-24,fc954cad45d84503858259022d8a8536,ShopReset,1
2023-05-24,2812afd49fbe44cb982df5970c588ca0,ShopReset,1
2023-05-24,8334b27966434fc9a151ffdda47966a9,ShopReset,1
2023-05-24,9bfcea9ca726477fbb3e205a70bb34fe,ShopReset,1
2023-05-24,f9c1b24e80574fa096e9454c5698d4b5,ShopReset,1
2023-05-24,e8121153906b4cecb091927de7df68b5,ShopReset,1
2023-05-24,9e288251a06c43cfac139de9b71d360b,ShopReset,1
2023-05-24,3c82ddd32ffb4bd7a8fbb8b19c89df39,ShopReset,1
2023-05-24,e70f446640e445ccbe4e12069932ee78,ShopReset,1
2023-05-24,352ecda8ef3d41368fd02c5e6ddfa2a4,ShopReset,1
2023-05-24,663b2efe70734904bf34cbdeb658fdcc,ShopReset,1
2023-05-24,4d0e4f8ba67b47219ce03940a8c103ba,ShopReset,1
2023-05-24,d99e46133c6349e9976d6c14ce432e29,ShopReset,1
2023-05-24,017203365a264106a16e1ff40a9cec8a,ShopReset,1
2023-05-24,45c940d9361844fcae59d8099f45fa1f,ShopReset,1
2023-05-24,7f6d73d372dc4e958b12e3c2eae1bc18,ShopReset,1
2023-05-24,e140ace83d0944f29dccff1a978c10c6,ShopReset,1
2023-05-24,394335b98b7d46d8a19de24adeaf02db,ShopReset,1
2023-05-24,3f89bc5271f444d38aba6fe3f7403e57,ShopReset,1
2023-05-24,1e059acc00134fc89cd777b80505e5b1,ShopReset,1
2023-05-24,c6411561bbd5403fbb4719aa506b456b,ShopReset,1
2023-05-24,9e83548081d9422d877a7bdd711feeab,ShopReset,1
2023-05-24,a035b9be43bc47329ab66b163ebb1630,ShopReset,1
2023-05-24,1d0474b0db1746c2855d367d48a2c5e0,ShopReset,1
2023-05-24,9970097cc6d84917863911ff4b657b52,ShopReset,1
2023-05-24,ea43b5baac4d4f5aae03ba8a29d99868,ShopReset,1
2023-05-24,23f0cd40055b47679c466e2c2a0a7f8f,ShopReset,1
2023-05-24,c1389edcfe4546549a21a039f954acfe,ShopReset,1
2023-05-24,74fe4d200d5f4b00a2d67a38fd584dcc,ShopReset,1
2023-05-24,bb1fb2f9966e44ff8f8cf48a75768d8b,ShopReset,1
2023-05-24,898d3363badd45a2813bbbc55a95a594,ShopReset,1
2023-05-24,c798286558cf4bc5ae122346170958b0,ShopReset,1
2023-05-24,91739befd29b4bbb80b2358ffd3ad2ce,ShopReset,1
2023-05-24,f89cfda95aac4ece8cc0f789cddfc587,ShopReset,1
2023-05-24,568687367f9b4ca0b44321901d75551f,ShopReset,1
2023-05-24,1cce023786894bf28f52554c13daa537,ShopReset,1
2023-05-24,a01bf560b8d04f49b82f06097dcd6d62,ShopReset,1
2023-05-24,f21f5b49cc7d432da0473fda869e752e,ShopReset,1
2023-05-24,1980a3ce34384361804a67c27955251c,ShopReset,1
2023-05-24,21320a965f7d45e4823cc5bff22b2d71,ShopReset,1
2023-05-24,44a4738ddcf1450497aafbe1ab70ad00,ShopReset,1
2023-05-24,0d5d5a229d774a73be379a58b72257d1,ShopReset,1
2023-05-24,7819e933315c4c3a9a7aaff7b0465c82,ShopReset,1
2023-05-24,87cf6e4ca5074f9c9ecbf2da1ad29532,ShopReset,1
2023-05-24,01cfd25438c84678b5049664da44ef57,ShopReset,1
2023-05-24,394351a4aac740f88bdf19d99c13e2e2,ShopReset,1
2023-05-24,5b976c8e200d424e8b49ccbd951269fc,ShopReset,1
2023-05-24,53688ab539da4c608e987eaae1a385d6,ShopReset,1
2023-05-24,c531c32202d649e3a74492c11a390177,ShopReset,1
2023-05-24,0fe4420882ef457eb56df99451cb4984,ShopReset,1
