dt,user_id,on_gold,spend_gold,earn_gold,on_diamond,spend_diamond,earn_diamond
2023-05-10,ffffced46fdb46b1bcd9c755b86f7ae6,8595,0,0,345,0,0
2023-06-03,ffffced46fdb46b1bcd9c755b86f7ae6,8595,0,0,345,0,0
2023-05-26,ffffced46fdb46b1bcd9c755b86f7ae6,8595,0,0,345,0,0
2023-05-17,ffffced46fdb46b1bcd9c755b86f7ae6,8595,0,0,345,0,0
2023-05-24,ffffced46fdb46b1bcd9c755b86f7ae6,8595,0,0,345,0,0
2023-05-08,ffffced46fdb46b1bcd9c755b86f7ae6,8595,0,0,345,0,0
2023-05-09,be25ac7b024e4dd5be99e561a868e2df,6145,0,0,0,0,0
2023-05-09,e841db31e284433d81d1ed983d0281e5,6146,0,6146,0,0,0
2023-05-09,9eaeace0997340fc8d906233d02f0b6d,6148,0,0,0,0,0
2023-05-09,8ac140efac7e41a8adadf6b8199cdf82,6149,0,0,0,0,0
2023-05-09,8e3751b15ecf43cab5cf1fd1207691be,8198,0,0,0,0,0
2023-05-09,a170ec6608ea474cab9a2c516fe78253,2066,0,0,0,0,0
2023-05-09,1b156c869e59411cb53870128b662475,8214,0,0,0,0,0
2023-05-09,6e3d0dac185b4346835c294e64c13eac,3101,0,0,0,0,0
2023-05-09,37b65ac2e8494b9fa184123f4b4e9ad1,6180,0,0,0,0,0
2023-05-09,f724001235324c4ebd7082eccfa33a17,6207,0,0,0,0,0
2023-05-09,5d7ea1a6700f4b3688cb7c962e7fec30,8516,0,0,0,0,0
2023-05-09,65b2de1f844640ca8cf5aa97c54651f8,1106,0,0,0,0,0
2023-05-09,6e411e5b2fe241dab908dffdc065e8dc,1106,0,1106,0,0,0
2023-05-09,581ca1fcc2bd45328147e308a3727435,1108,0,0,0,0,0
2023-05-09,9e4d0c3ca3e544e7823a6088beadca06,1109,0,0,0,0,0
2023-05-09,412f6c37469242dfa86fe9d75c9b6342,1111,0,0,0,0,0
2023-05-09,3bd499f12f6f4bfc84b43e685b3bfdd7,1114,0,0,0,0,0
2023-05-09,c2239bd3c7d24e04a6d126c4edad5848,1115,0,0,0,0,0
2023-05-09,1b27c74fdb794edcbe3af22e9735ad09,6235,0,0,0,0,0
2023-05-09,ce2ab221373a4b84bded97fbc8307372,1116,0,0,0,0,0
2023-05-09,238d5d74eace4b50bb594256795501e7,1130,0,0,0,0,0
2023-05-09,7de6165b2c674ffcad2c84bc718ff5ff,6509,0,0,0,0,0
2023-05-09,22522bd372364cf282d91242e2cd947f,1139,0,0,0,0,0
2023-05-09,96fc7ad6c80d4fb0a8f425c3d0593ec4,1140,0,0,0,0,0
2023-05-09,6d0481a027284a718575edfde34daedc,6260,0,0,0,0,0
2023-05-09,dbabe57973de4d0e8b4fb272c41db388,6516,0,0,0,0,0
2023-05-09,4252c9cafa9246a19a7b1a4c524bf25c,1145,0,0,0,0,0
2023-05-09,7fbc68a60711441a826e86cd5fc75211,6011,0,0,0,0,0
2023-05-09,06faa9f758a44007a1ea85b8467e4d5f,6267,0,0,0,0,0
2023-05-09,3372190c1548404286945ff94c640bbf,6283,0,0,0,0,0
2023-05-09,a0bccb90dffa4971a16b0e8febd65352,17298,0,0,0,0,0
2023-05-09,c1763845635740529dd9813f02a8e7f5,3222,0,0,0,0,0
2023-05-09,03f3a64784934699812e978e3e60824b,8114,0,0,0,0,0
2023-05-09,6f3f77458b4d47138ef86d25b9cf4345,6334,0,0,0,0,0
2023-05-09,da8ce822862e4da7af5f8d4f09434597,8130,0,0,0,0,0
2023-05-09,fe16871e225040b2856f59b349679639,1226,0,0,0,0,0
2023-05-09,78215790aeb44f70bbb7fc992abf8823,6100,0,6100,0,0,0
2023-05-09,3fb489f6b0874ababec0b489886485ea,6101,0,0,0,0,0
2023-05-09,c85857188342428990d5e881b3c1fbed,6357,0,0,0,0,0
2023-05-09,276f1981685c4a69a35bbb51bd484c55,8407,0,0,0,0,0
2023-05-09,6fa2e4043f0941e9bb1cfdc6222785f6,216,0,0,0,0,0
2023-05-09,db2bc613158b44adb5c63d73fdfbc590,1246,0,0,0,0,0
2023-05-09,b8f3e4c308c1458eaf14d8d8fe932b45,6110,0,0,0,0,0
2023-05-09,82b0fda7cdbd45cbae5c692e29cd6acd,1000,0,0,0,0,0
2023-05-09,379ffdc2f426484e876636a94755ee9b,1000,0,0,0,0,0
2023-05-09,57e06ff873144dbc9f18b206c6e887a4,1000,0,0,0,0,0
2023-05-09,347869885ac24963a1f603f9878592d0,1000,0,0,0,0,0
2023-05-09,2a9c7b47dcd94274beff988273de69ae,1000,0,0,0,0,0
2023-05-09,407575ffcecd4532bb653c60d3e43044,1000,0,0,0,0,0
2023-05-09,4ae22a3903fb46039b6e624de9800416,1000,0,0,0,0,0
2023-05-09,ad4c0435c6974c839ca74c83cc824692,1000,0,0,0,0,0
2023-05-09,2364ebb4a32f46fb8e9a475fa3a95383,1000,0,0,0,0,0
2023-05-09,0604aafd3f894909a62d352bb148a90f,1000,0,0,0,0,0
2023-05-09,2f724a488b62416e945fe6a1688f07db,1000,0,0,0,0,0
2023-05-09,45c5140f12e14440bec6c6007f9d9171,1000,0,0,0,0,0
2023-05-09,21794a9d298e4e528515afbcd81851a6,1000,0,0,0,0,0
2023-05-09,bee3471664c2497dbb3dfe1c19e4cb49,6122,0,0,0,0,0
2023-05-09,7f8b270bd4ff40b2b15db2d66b71d17a,6127,0,0,0,0,0
2023-05-09,eaa8ccab5d924be8a235678eb0d0a1fa,500,0,0,0,0,0
2023-05-09,5805200d7c9c414bb4da5c72fe3bfc38,500,0,0,0,0,0
2023-05-09,4ba1c3e33100404b9823ba2c12596f97,500,0,0,0,0,0
2023-05-09,2764787182ad434db9da0adddc5f0ca4,500,0,0,0,0,0
2023-05-09,a14f9ccb44bf4ffc98b8ac3618083802,500,0,0,0,0,0
2023-05-09,c807abea8c4b4b38871e53da7968e5a1,500,0,0,0,0,0
2023-05-09,7660ddbff1ad4c7fa7fc2c33aaecc286,500,0,0,0,0,0
2023-05-09,9140e329e4314d358957ad4bdd11cc8b,500,0,0,0,0,0
2023-05-09,e8ea429e14684044be38b694870b0268,500,0,0,0,0,0
2023-05-09,f655a55deffb484da8bbd211d059ae73,500,0,0,0,0,0
2023-05-09,fd34d119e5444bd1975fe1afea56fdbd,500,0,0,0,0,0
2023-05-09,29b526aad83c4e208fa2b323e56d56fd,500,0,0,0,0,0
2023-05-09,1eac82d7f7b540a48ec44f4efc4638bf,500,0,0,0,0,0
2023-05-09,e431525e2a764f29b9ef7532ed1fe5e8,500,0,0,0,0,0
2023-05-09,180f075c5f5247a1b35650a72c9d9b5d,500,0,0,0,0,0
2023-05-09,cf4e610c58224819b05360562d9df1af,500,0,0,0,0,0
2023-05-09,35202c9a22744aae9291195bd300f245,4597,0,0,0,0,0
2023-05-09,b751ad3f55ce4e608da834eb5c8b8c3b,6144,0,0,0,0,0
2023-05-09,1bd685f0882b4af59785a2971a4bb000,6428,0,0,0,0,0
2023-05-09,0e1539ca48e14e7b8000ba7c90fa4d9e,2105,4000,6105,0,0,0
2023-05-09,8a916ed6990b4f11bd7fe8b98262a520,6212,0,0,0,0,0
2023-05-09,fa7ff09516a94145bc631744e2778237,2373,0,0,0,0,0
2023-05-09,ab0e49569f514117b3e260949f219783,1114,0,0,0,0,0
2023-05-09,9375057fb478444c856f2277826b3001,1122,0,0,0,0,0
2023-05-09,36fe162831b2435ba92ef0e9e6d64439,1123,0,0,0,0,0
2023-05-09,414af0886eff4bd48586f4dacf8cabf6,1123,0,0,0,0,0
2023-05-09,5b8947d4558646618193bd4d99ce0b0b,100,0,0,0,0,0
2023-05-09,a1e7401bc2894323946bd1629a4fad8e,1128,0,0,0,0,0
2023-05-09,c50722a634074aae89297533609061be,6508,0,0,0,0,0
2023-05-09,55e0f2ceeb194857b9d9a74045403797,6253,0,0,0,0,0
2023-05-09,0c11e66eea8b4e47bf8878afab1c19f1,1134,0,0,0,0,0
2023-05-09,6377eaa728494ec08c70fe0018c349fa,1647,0,0,0,0,0
2023-05-09,01bc7c0d4b8e43d991679f2b6b42fd90,6000,0,0,0,0,0
2023-05-09,7466d668ce654110b4ac894500e0be2b,6000,0,0,0,0,0
2023-05-09,5be4557ea401407fbe6adeac4ad99181,1139,0,0,0,0,0
2023-05-09,06c1bff166884d43a9bebefb47620586,1141,0,0,0,0,0
2023-05-09,1ec3bca0f2ef446d926d4f01e60fe79e,1141,0,0,0,0,0
2023-05-09,478e6926c8ff4c4e88cc2b86fd7de764,1142,0,0,0,0,0
2023-05-09,69342578b9054e0f9fea6c9582af27de,6262,0,0,0,0,0
2023-05-09,dc61d4ceaa364569866ee4e9f8b3825a,1143,0,0,0,0,0
2023-05-09,2f199f5718984503a45cc8c9d42714f4,1143,0,0,0,0,0
2023-05-09,c5496dd4ada84e829c4db1cddac0685c,8316,0,0,0,0,0
2023-05-09,5d4668a07b3f46eb828b4b656ba63cd4,1150,0,0,0,0,0
2023-05-09,d67d1481a60a4e519b718808462e5277,6017,0,0,0,0,0
2023-05-09,e632cbbeb4fa4fe690a4158ef63940a8,6536,0,0,0,0,0
2023-05-09,0137fdc6f1ba4733b996e177efa8b7f7,1417,0,0,0,0,0
2023-05-09,e2a14bc7803348f7a603cbb601e8d49c,8081,0,0,0,0,0
2023-05-09,153a2524e9a84930ad5787b485ceb28a,6296,0,0,0,0,0
2023-05-09,191a0f99e4c84e1faa719c1824ade217,6558,0,0,0,0,0
2023-05-09,3aafa12eff10467c9fd5c3452fd2fdf7,8607,0,0,0,0,0
2023-05-09,89fbe8a6d2254aebbde6d5cf6ab0c5f8,2214,0,0,0,0,0
2023-05-09,76783b2ab9144d35ba852e1cdbf076f8,8104,0,0,0,0,0
2023-05-09,336f4343d210446888a2198ab924e29e,8115,0,0,0,0,0
2023-05-09,2262ac814c1f4d29919727dca72b8ddc,8126,0,0,0,0,0
2023-05-09,b7885bdadafd4f588c8c84c4b5a81c36,6102,0,0,0,0,0
2023-05-09,e53bb3cd85a849f385329a81cc883beb,6116,0,0,0,0,0
2023-05-09,097984863168475faf597913b086ab83,1000,0,0,0,0,0
2023-05-09,470fc6931b614d8dbc5d192202247291,1000,0,0,0,0,0
2023-05-09,8610cfe0c7004e9f9d20956fa24159ec,1000,0,0,0,0,0
2023-05-09,6f1f19c5870e4fe6abe820999b26d52e,1000,0,0,0,0,0
2023-05-09,79dbe5c95370444786ddca80221a3ae6,1000,0,1000,0,0,0
2023-05-09,59c9755b67784a348862a0187d3043a5,1000,0,0,0,0,0
2023-05-09,3b86dd3f6b1a491fae2a4bb0344b3d6f,1000,0,0,0,0,0
2023-05-09,0656726847f2468d995b8eac6fcaa2eb,1000,0,0,0,0,0
2023-05-09,d0e89c121c4b4eaab4a23badfcb0eeb8,1000,0,0,0,0,0
2023-05-09,713134d11d12430fbe89a6aa1e9d12f4,1000,0,0,0,0,0
2023-05-09,5583ec906368452ea4ab36b2bbce0b0b,1000,0,0,0,0,0
2023-05-09,1ba7c02dc1dd4303bef7013b91ef979b,1000,0,0,0,0,0
2023-05-09,513a0b152275411a9fe7d0d3a87e32be,1000,0,0,0,0,0
2023-05-09,66e104ec20bd471e8566ca0b9a048c93,1000,0,0,0,0,0
2023-05-09,321d0ebbc6dc490090fec82d98d5fea2,1000,0,0,0,0,0
2023-05-09,5fdd510355814d818991f74ac479b60a,1000,0,0,0,0,0
2023-05-09,150b6b5269404ae3bf3f4796eca5f947,1000,0,0,0,0,0
2023-05-09,4b5d3c289e49498497899151d94e99b2,1000,0,0,0,0,0
2023-05-09,e8703cbbab254a17b0209794666ade0b,1000,0,0,0,0,0
2023-05-09,12c200f8d1084c2bbba53bad24ffb573,1000,0,0,0,0,0
2023-05-09,15b2f709e7264af9910c80ca333978ed,1000,0,0,0,0,0
2023-05-09,a0168512cea14f85b8fa684341f7af4c,1000,0,0,0,0,0
2023-05-09,62c3173a2e5a4f0cba4c60cc3e5e3412,6129,0,0,0,0,0
2023-05-09,90fe667f461240af8349e605e63d2de3,6130,0,0,0,0,0
2023-05-09,44f311f0b7e4481bab058ad320469532,500,0,0,0,0,0
2023-05-09,bc3bae1eb8884d3699161feac4b84c0e,500,0,0,0,0,0
2023-05-09,cd9ef7e3e274481e97c0e76dc1196560,500,0,0,0,0,0
2023-05-09,d873685615d64ba08fe413329a4e82ae,500,0,0,0,0,0
2023-05-09,6ce51f8e3a5c429295ce826b96e746e3,500,0,0,0,0,0
2023-05-09,37f7b529a9884ca9a03399fbc935e39f,500,0,0,0,0,0
2023-05-09,438aa2a911044758b65f1dc178f0154b,500,0,0,0,0,0
2023-05-09,cea795232d2d41b08d46b0a604e17bc6,500,0,0,0,0,0
2023-05-09,2267e24df9354541b20219b0a416a110,500,0,0,0,0,0
2023-05-09,85429b8cc9d64471bdd6f6efd1063274,500,0,0,0,0,0
2023-05-09,0525dd043033492ca39899ff063d1c4a,500,0,0,0,0,0
2023-05-09,e25e6013a4ae449e87430ce58073901b,500,0,0,0,0,0
2023-05-09,093f1584b112424aa2a159b31895a83d,500,0,0,0,0,0
2023-05-09,f44f11deafb340c1b7dfe670a3525c8e,6132,0,0,0,0,0
2023-05-09,8ccce495aa1e46e89f4df7aff8cf2e62,6136,0,0,0,0,0
2023-05-09,977418c28acc491ca90d6f63f776a218,4156,0,0,0,0,0
2023-05-09,3c5bc394ee4c4a3fbf6243f3b85807ab,6222,0,0,0,0,0
2023-05-09,f904e545955b48bb9a70099112f08e5d,6227,0,0,0,0,0
2023-05-09,71b846cf1d674b138380a9695cbdfdb2,600,0,0,0,0,0
2023-05-09,98ba3d6219c745e092c67521980eea75,2136,0,0,0,0,0
2023-05-09,f869c921c3614283ada1352759467b04,1625,0,0,0,0,0
2023-05-09,e703a709f01640fcadefbd7ec1b78602,1121,0,0,0,0,0
2023-05-09,fde2a72cefdb481c8557a6117e85f873,1123,0,0,0,0,0
2023-05-09,8bc11f6862df47ee84efd71431a867e4,100,0,0,0,0,0
2023-05-09,93c152a4a1a2499bba28f53ff645cc7b,1125,0,0,0,0,0
2023-05-09,87ed718152e14d0ba312bd7c0b2c6500,1126,0,0,0,0,0
2023-05-09,809ed65dc49d4f32abed6ab01a4d1501,8044,0,0,0,0,0
2023-05-09,d19a6400ced648ec8e7d6dc5a9d598c0,1135,0,1135,0,0,0
2023-05-09,173d706bdbf749c5887cd18493f14d85,6000,0,0,0,0,0
2023-05-09,1414536e52124489877c8639e83c61dc,114,0,0,0,0,0
2023-05-09,f0caa00bc8954800bafe0e01fc7f22b6,1139,0,0,0,0,0
2023-05-09,9809c8c9fd2341ab8ecde2af44e2d99e,1142,0,0,0,0,0
2023-05-09,755018ca855c4415bf4594fb54649af0,1147,0,0,0,0,0
2023-05-09,216661a9ed004e37b845e67e3af087d5,1150,0,0,0,0,0
2023-05-09,1289551529e84b399cc765d31ebbe914,8321,0,0,0,0,0
2023-05-09,ee2f8bbabbb14005b4b92269fb703ca3,6289,0,0,0,0,0
2023-05-09,5a05e8bdc061451ab25ae5d8115bd397,8087,0,0,0,0,0
2023-05-09,0d65e4540d4b41bb948d833389af8ec0,8617,0,0,0,0,0
2023-05-09,e34d8664a0d54132a08f9766d0c00e40,8106,0,0,0,0,0
2023-05-09,072e3e1b6b794a89846112642c29ec7d,8122,0,0,0,0,0
2023-05-09,8f2e599044274a93b26247d4d535435f,6590,0,0,0,0,0
2023-05-09,283ae5f3b9dc4c759c177270fc4949c7,8127,0,0,0,0,0
2023-05-09,68d477f9ed484a1d9d78995be865309a,8138,0,0,0,0,0
2023-05-09,c82539d0bf26450e87daf973b5c772ef,6100,0,0,0,0,0
2023-05-09,a03d771fce834334a789f9bd7ea828ce,6100,0,0,0,0,0
2023-05-09,f2ebf36d067148878bab4d44c74d8406,6106,0,0,0,0,0
2023-05-09,0e5fa228700c4e5fa1133c7a03638d4a,6364,0,0,0,0,0
2023-05-09,18fbee70cd644256bc122fef1eb17f79,738,0,0,0,0,0
2023-05-09,4d61a0e6486f42549bc5982bcf0b9796,6115,0,0,0,0,0
2023-05-09,57993af7d0b844e78b683384754f6ce7,6116,0,0,0,0,0
2023-05-09,ffc98d2eb7714e0ba5d3fd5f4fb3cbdf,6116,0,0,0,0,0
2023-05-09,3d30191c4775443fa029a8d34c52d617,6116,0,0,0,0,0
2023-05-09,139b333cd9af484caddb68d6c67d6503,1000,0,0,0,0,0
2023-05-09,8a3c9cdb901c4eb6a86199952c0068a1,1000,0,0,0,0,0
2023-05-09,c6101ad14ef3497681e3996cc830538c,1000,0,0,0,0,0
2023-05-09,5646372c9ded4195ac2cd414cf989adb,1000,0,0,0,0,0
2023-05-09,572a948208274ef39dbf5494c7efd9c8,1000,0,0,0,0,0
2023-05-09,9ea6a52adb344f40a81da2c08f26a9bc,1000,0,0,0,0,0
2023-05-09,e0425de4a040498b93def87d2f9155cd,1000,0,0,0,0,0
2023-05-09,5c5e993a3baf4ad1abf9c16b0a7b1a23,1000,0,0,0,0,0
2023-05-09,1e3ad309889c4ebe80d92150ecd5749e,1000,0,0,0,0,0
2023-05-09,d96ba13dfb484ff49907f4022e7e133b,1000,0,0,0,0,0
2023-05-09,c76cd89a3b2041fd8b7345289abdbd3e,6121,0,0,0,0,0
2023-05-09,b1d279d15c704c89b965bb60651e9654,6125,0,0,0,0,0
2023-05-09,0948366622924b259763f0cdcebbbd21,500,0,0,0,0,0
2023-05-09,340999f9e6b749be822f642d79c587e2,500,0,0,0,0,0
2023-05-09,7db335164e4c46928ef7897ea917b591,500,0,0,0,0,0
2023-05-09,1118330de1dd4eed9c49bc7ccea2e837,500,0,0,0,0,0
2023-05-09,40bc4fc070344e5e853769da1704e926,500,0,0,0,0,0
2023-05-09,bc1a445eed9043e7aa7933174ff3ad3c,500,0,0,0,0,0
2023-05-09,bc316e0415b1451eab5216be526611e0,500,0,0,0,0,0
2023-05-09,e02de8cadaa440b2879705a50e40c265,500,0,0,0,0,0
2023-05-09,b255888f6c0f4bf79171a9c542548424,500,0,0,0,0,0
2023-05-09,e09ab7864f0546cf9b6452c086f57e7b,500,0,0,0,0,0
2023-05-09,7dd43d9106da4f54897b2bef63019665,500,0,0,0,0,0
2023-05-09,df0decac0d614147b8350c5679e37081,500,0,0,0,0,0
2023-05-09,12087f081ea74e80a5fd05bc448fb5e5,500,0,0,0,0,0
2023-05-09,629ab16d4c1d4949ab4b0037ffe70fd0,500,0,0,0,0,0
2023-05-09,08630abd8fad4ced8134a51b7ae0b810,500,0,0,0,0,0
2023-05-09,b7ac869be01b4f52859d30c365073220,500,0,0,0,0,0
2023-05-09,07a9f437fcb04e0bbebc6894207802f8,500,0,500,0,0,0
2023-05-09,d167ace15fad4712b912b692f5eb0ef1,6146,0,0,0,0,0
2023-05-09,266b75af92e54f7eb356b84126889e95,6146,0,5000,0,0,0
2023-05-09,c85c19ba9d98490584e5c9af5f76abdd,8197,0,0,0,0,0
2023-05-09,6d481e08e2cd4e0baba037b2ba127e81,1328,0,0,0,0,0
2023-05-09,97a555f5440249f69ce1f859a1db167b,5937,0,0,0,0,0
2023-05-09,840dd64b23744038a8dbd859ae426cd9,8782,0,0,0,0,0
2023-05-09,ccaaf4725ba541d38de8b13f3fa96189,6223,0,0,0,0,0
2023-05-09,f684681612e843b486ec96d1bbbbf7cb,1108,0,0,0,0,0
2023-05-09,978daecbd64a4015b08abce17598c85c,6228,0,0,0,0,0
2023-05-09,2b6bab92c80c435383a6ab8900b93f61,1109,0,0,0,0,0
2023-05-09,2778c252699f40d6b2e9f34bc4638349,1110,0,0,0,0,0
2023-05-09,60764b32d3a74698a0d42ea3f3ec4ae5,6487,0,0,0,0,0
2023-05-09,545bcc42ef1647b993f0cc90115fbaf5,1119,0,0,0,0,0
2023-05-09,24d8e405d6994684b8c2e4fe48eede91,1128,0,0,0,0,0
2023-05-09,25ede6c5eb514080b7b21f88baea4b2a,6251,0,0,0,0,0
2023-05-09,691087f9a84642568a38e5a7905da939,6508,0,0,0,0,0
2023-05-09,98d6e1c7ca90419bbd16900fbc148865,6253,0,0,0,0,0
2023-05-09,de55a3b2f5f9442b857824ba8e1dc238,1134,0,0,0,0,0
2023-05-09,c2f45a3c5dcc48ad8587000d40194ec6,623,0,0,0,0,0
2023-05-09,a8d93da25084493796e796ee3b7f75b6,6000,0,0,0,0,0
2023-05-09,b0ae80108ca049189263306d2f3d4046,6257,0,6502,0,0,0
2023-05-09,a224b5fe41e145b1b1c231015c19f476,1138,0,0,0,0,0
2023-05-09,97fa0451d1e74fd8986e533bc0496776,1144,0,0,0,0,0
2023-05-09,cc7e5d51bd8f44cfaab09bc2ca99c886,6521,0,0,0,0,0
2023-05-09,c84740f7b16144a895e783d3f4d9eb8a,7033,0,0,0,0,0
2023-05-09,654de1988e2a4e09a6820c45bc51fdb0,6529,0,0,0,0,0
2023-05-09,77685bf1f4e64283af7c9734604b31fa,6275,0,0,0,0,0
2023-05-09,994522840ad54212a6b95e760cbfc6d3,6794,30,6824,0,0,0
2023-05-09,484ef0f7732e42fd9750852f886020e0,6811,0,0,0,0,0
2023-05-09,bfd3c4696d2c4685a9a16fb8809ba303,6847,0,0,0,0,0
2023-05-09,51f0f7bb408e4c76a4aaedd7c22a92ed,8136,0,0,0,0,0
2023-05-09,b866563e9a5545d6ba74a3a4e657ba1b,1226,0,0,0,0,0
2023-05-09,c31cda750adf46da83119009969e60c2,6102,0,0,0,0,0
2023-05-09,3846f95f8e694dc2a03ee79430a50d9b,6102,0,0,0,0,0
2023-05-09,e19c0111217e42a4a22e6653104ec5c7,6105,0,0,0,0,0
2023-05-09,4ff314a5284e4c7eae099fd320021d97,6370,0,0,0,0,0
2023-05-09,c020a42dea4d4a9e99866660fe0e8e87,7397,0,0,0,0,0
2023-05-09,6ef6b06383e047bc996ec4e88f40fdb2,6119,0,0,0,0,0
2023-05-09,9eb0cd7a028e4c0385113ff785aadad8,1000,0,0,0,0,0
2023-05-09,d0096665de794fac94be59ff501ca0b8,1000,0,0,0,0,0
2023-05-09,550dde13d4594a8fa5720d9dc463254b,1000,0,0,0,0,0
2023-05-09,cf483ffcfa8e40a9958839f6adc70354,1000,0,0,0,0,0
2023-05-09,cab27024b178458eaeb9403932f9fc42,1000,0,0,0,0,0
2023-05-09,f639f1a74a8442e0828ed4889f02fbee,1000,0,0,0,0,0
2023-05-09,e6c2f2e94eef4aeb91e57e25c3ad12b5,1000,0,0,0,0,0
2023-05-09,944a097e95dc4aafb228beb65b7bb950,1000,0,0,0,0,0
2023-05-09,fb1c0534328b43b48dc8ac437f013339,1000,0,0,0,0,0
2023-05-09,99d9b5c2350d41fc8df7bfc61095b45b,1000,0,0,0,0,0
2023-05-09,6ea0136877114f6a8c2aa08b83d31ebd,1000,0,0,0,0,0
2023-05-09,0a9dc724f26a483f8af13a429d67f775,1000,0,0,0,0,0
2023-05-09,9d6d85e6d24e4939ab2982be99bfef66,1000,0,0,0,0,0
2023-05-09,5f240fa9f03b4255a1f27b41369ba796,1000,0,0,0,0,0
2023-05-09,d4e39e2b26db48f8b0db31e1066017fb,1000,0,0,0,0,0
2023-05-09,9720b569c7094b76acc6d19e9df94a89,1000,0,0,0,0,0
2023-05-09,6f3a5f50f67d4d8187a7c457b0ee2ea0,1000,0,0,0,0,0
2023-05-09,65ebf85f87f443a3a309854bb18cd374,1000,0,0,0,0,0
2023-05-09,c08bed9c8fdc4641b4b4791d833b6e61,1000,0,0,0,0,0
2023-05-09,ee6677d5bccc489c9fdf6d748ae7211c,6122,0,0,0,0,0
2023-05-09,19a2198fe149465d8d1286d272783e2d,8690,0,0,0,0,0
2023-05-09,1dee259fbdb2432696b11260f7d6b795,6131,0,0,0,0,0
2023-05-09,35ffd1611628427b8747e66740fb4065,500,0,0,0,0,0
2023-05-09,51e1e59f8b41459eb1c8d1106238cee0,500,0,0,0,0,0
2023-05-09,1451fa7753184187bf70322b5748782b,500,0,0,0,0,0
2023-05-09,5d36276107ae4374be0ed44d44b2ba51,500,0,0,0,0,0
2023-05-09,5165d0f9fa4a4833921dfb01f78c5bd5,500,0,0,0,0,0
2023-05-09,0758f9e81dce48a2a8d49ef08401cbe5,500,0,0,0,0,0
2023-05-09,34a93d7df9b14566910b6e16cbabfc5a,500,0,0,0,0,0
2023-05-09,8fdfd6734e504a19bdb59e17d3a2c4a6,500,0,0,0,0,0
2023-05-09,db8e7b8142f34560bb45637ab4574d48,500,0,0,0,0,0
2023-05-09,1b70eec310f9436ba64fd4639299c714,500,0,0,0,0,0
2023-05-09,ef0e42e4841c4353b873e86484fbfa2c,500,0,0,0,0,0
2023-05-09,cfc337d2b2ad4faea00e0d3be8f4e5ce,500,0,0,0,0,0
2023-05-09,7d446af7912748e389466ecf1f2e52f8,500,0,0,0,0,0
2023-05-09,12a3cc848d354e3e9d9ac67703178202,500,0,0,0,0,0
2023-05-09,89ac91c2eb2740938c67f1d494b74de0,500,0,0,0,0,0
2023-05-09,e4058e266b8846f3a76ce41b65bfcdff,500,0,0,0,0,0
2023-05-09,b4c825beef5b4363b2244bb2f59a9b5b,500,0,0,0,0,0
2023-05-09,516ce58e009f4ea39533404781f892f4,6133,0,0,0,0,0
2023-05-09,2b2c105b516b4a2bb41b4bec85583013,1017,0,0,0,0,0
2023-05-09,2609a016372a41d1a064dccbc3d48752,6137,0,0,0,0,0
2023-05-09,f887235cb7d64cad907cbbaaf3f11256,6138,0,0,0,0,0
2023-05-09,ca31b3b3fe674857a9f9b2a3eaa0f738,6144,0,0,0,0,0
2023-05-09,1e096d80a4674254910754b973f71020,6149,0,0,0,0,0
2023-05-09,b87c71b4204f4ca9a0f34fe06190bda5,8219,0,0,0,0,0
2023-05-09,033a883b86a44c16b0bc2429e33bf2bd,3623,0,0,0,0,0
2023-05-09,e57393ef03044b37bd609fda02b3546a,6185,200,6385,0,0,0
2023-05-09,edd86a8d6af14ae39f9426a7b8284909,6200,0,0,0,0,0
2023-05-09,19f4cbc737e04b4ab4aef2083ccf307f,10317,0,0,0,0,0
2023-05-09,8c88c58f6f6146f2a7a2540d16b114b9,6483,0,0,0,0,0
2023-05-09,251b8b5a873746f18a8ef3b3abd65ee5,8276,0,0,0,0,0
2023-05-09,212da6260f4545b2a66f43a87b78fdc5,1116,0,0,0,0,0
2023-05-09,5439046de70c48aab4f965336e3470dc,6236,0,0,0,0,0
2023-05-09,1193948999344fe8818c000f547beefe,1118,0,500,0,0,0
2023-05-09,fa7f0e6017e54b57b741b925bf90e668,3678,0,0,0,0,0
2023-05-09,721e2fc583ab418594ec7ba4eac805dc,100,0,0,0,0,0
2023-05-09,23ebe7109bdf40508f102a94fed1973b,100,0,0,0,0,0
2023-05-09,c50ac3ab7c5b476793c4013f41b44c55,1124,0,0,0,0,0
2023-05-09,fec33af94e564618be3ef19771565478,1126,0,0,0,0,0
2023-05-09,99031b96284c4c4e8ba06f89fd48b426,1129,0,0,0,0,0
2023-05-09,223fa5ca576d4ff291657bd72a6a7b9d,1143,0,0,0,0,0
2023-05-09,a651026438714643ae619366dccead5e,1146,0,0,0,0,0
2023-05-09,2ae4897729d14aa89068a275ba44d2b4,1149,0,0,0,0,0
2023-05-09,8e211effe6ad4ceeb2afe5977967be14,6014,0,0,0,0,0
2023-05-09,c4ff55195aef4bb6b8ddef859902fa9a,6528,0,0,0,0,0
2023-05-09,7317aa793b8c450a8a2650e8ffd68711,2189,0,0,0,0,0
2023-05-09,a738b620257f44689b9ee7da55cbc19a,6545,0,0,0,0,0
2023-05-09,cd19b04911f34fb3ac10cad410e68ff8,8343,0,0,0,0,0
2023-05-09,7f62a2496cb04b74b11ba2462eb1c203,8093,0,0,0,0,0
2023-05-09,e3515261e1064565b27a56b94a1864fe,8618,0,0,0,0,0
2023-05-09,85854fdf76474849b823f44411f06afc,2235,0,0,0,0,0
2023-05-09,3e1cd20c92e9452d803f52424360505d,1232,0,0,0,0,0
2023-05-09,b647c41b5ef24c5cb3f5656f4692ecf5,8144,0,0,0,0,0
2023-05-09,d3f70ea2b2e5427d9df3e3353db360fd,6612,0,0,0,0,0
2023-05-09,c86215ae8c63450d83519aec89d3cc13,471,0,0,0,0,0
2023-05-09,0819576638d94bddbe6c4f8cfe9bd5ad,219,0,0,0,0,0
2023-05-09,22660123cd2e4d10baad7d1443ba994b,6114,0,0,0,0,0
2023-05-09,1df77b738acc4b30a103188b4a47f8c7,6114,0,0,0,0,0
2023-05-09,7444fdf882034919b743d38a7e88a9d4,6116,0,0,0,0,0
2023-05-09,c3c081dd2a2b4054bc2a2acae906948b,1000,0,0,0,0,0
2023-05-09,1430dbc08ae64068a970318180b001c9,1000,0,0,0,0,0
2023-05-09,ab1c6041c04a4a9caab358ae23a7ca53,1000,0,0,0,0,0
2023-05-09,5120430920934930991fa6d2588e86e8,1000,0,0,0,0,0
2023-05-09,a54a81b512574508bee93a46fbc3e6ad,1000,0,0,0,0,0
2023-05-09,6bbc889ffb5e4e2880b587bdf8d19a00,1000,0,0,0,0,0
2023-05-09,324ea35a165a467296b2b5afaf7a9a8a,1000,0,0,0,0,0
2023-05-09,92f1455484614517be99e5e7560b624c,1000,0,0,0,0,0
2023-05-09,c0a8245c573d4c35be48d4521ecac318,1000,0,0,0,0,0
2023-05-09,9efa143afb1b41929764a37b2f0b094f,1000,0,0,0,0,0
2023-05-09,279f349e60a5417d9b15da4fe0770a35,1000,0,0,0,0,0
2023-05-09,4a6e59f3d6854c079a93a7497f53c0fd,1000,0,1000,0,0,0
2023-05-09,42516eaaf6a943da9b3c7cf9a0e6a3db,1000,0,0,0,0,0
2023-05-09,61a398ca26ca4c4eb136560bec11f27f,1000,0,0,0,0,0
2023-05-09,1b216fa1888743dda4e0bcf5ce2aad60,1000,0,0,0,0,0
2023-05-09,8c157cc18f414ebda2b0ba38f45e6cc1,1000,0,0,0,0,0
2023-05-09,d6b97b8a89c444e8a05ff32a5c42421a,1000,0,0,0,0,0
2023-05-09,aa3e1fb1e2b8431dac61b408d991da23,1000,0,0,0,0,0
2023-05-09,e142597ffcf84c5ea7acac15d7cb7ace,1000,0,0,0,0,0
2023-05-09,236279ccee1f423aaeadab9416b84c39,1000,0,0,0,0,0
2023-05-09,fcf5ad082eda43a789852e67d3160668,1000,0,0,0,0,0
2023-05-09,e4b44607a48a43e18351483cfaaa7703,1000,0,0,0,0,0
2023-05-09,585772ec968e4aacada1edded0fbd5c2,1000,0,0,0,0,0
2023-05-09,9e7344ff742f481980b9d30e0517e66c,1000,0,0,0,0,0
2023-05-09,efa57f4ec4164e00b6476e87b1342c57,1000,0,1000,0,0,0
2023-05-09,acec20b0751a455d8bc3f550a197b595,6121,0,0,0,0,0
2023-05-09,35be0e13db6c47c1a6441d53dab463a1,6126,0,0,0,0,0
2023-05-09,e91cd98686834a3eaa9b1e2122bbca2d,6126,0,0,0,0,0
2023-05-09,e6e016b05553400597b7a1d259ca6b97,500,0,0,0,0,0
2023-05-09,7b1ba377340241ffa86c37024c89984b,500,0,0,0,0,0
2023-05-09,9eb85d1dd1b04ef59e4eabcb2e04dc9f,500,0,0,0,0,0
2023-05-09,5f4428dc6ca643c4bbc540a550905bdf,500,0,0,0,0,0
2023-05-09,2ea9cd7b0b544c7aa506320b383d82ee,500,0,0,0,0,0
2023-05-09,1832ec3b199149f3940c9541f2088b5c,500,0,0,0,0,0
2023-05-09,df69c1cf14e247d39455d93bb330812a,500,0,0,0,0,0
2023-05-09,fbf9eded2ceb4323ab7fc035bd2daddf,500,0,0,0,0,0
2023-05-09,5408684c4c1c42e7879e27b1db9a8b22,500,0,0,0,0,0
2023-05-09,0623363694244e7abe56b4a5077329ac,500,0,0,0,0,0
2023-05-09,a3fad611035041d1a7258259de6db7ed,500,0,0,0,0,0
2023-05-09,d7a0419d428c4efa8dfa7be576a5fd58,500,0,0,0,0,0
2023-05-09,fec98f4bcf31403abedf755df43372fb,500,0,0,0,0,0
2023-05-09,88abe70b9c1745f8b984c7da771cb5e6,500,0,0,0,0,0
2023-05-09,bb3981d6774a45918804d0d1e53172a3,500,0,0,0,0,0
2023-05-09,59644c06fa1240b5a0278bd5c6f45c0a,500,0,0,0,0,0
2023-05-09,dcbf94b1011e48bab8a7d4ce3dfbc80d,6136,0,0,0,0,0
2023-05-09,3aa7c1f5cbad4e1bb76a914c418e4fac,3065,0,0,0,0,0
2023-05-09,56d2f6a9c0c241fb991893ca3a7a7fdd,6144,0,0,0,0,0
2023-05-09,4d851ac7e4984d9d879e4264477ec526,6148,0,0,0,0,0
2023-05-09,2d4947f92f604e4a97631e60acd1a82f,6662,0,0,0,0,0
2023-05-09,ddc0f1c7188548fc8cebd0e7cc1a9577,6429,0,0,0,0,0
2023-05-09,e8b3680f73e54274a755aa93ebfe8417,8240,0,0,0,0,0
2023-05-09,3d2095fb71e94931ad491dfb16c98f57,6212,0,0,0,0,0
2023-05-09,5fc78cd54bad443f9ae3bed8e3bfe3ac,8263,0,0,0,0,0
2023-05-09,fdc744012522430dbcb71968105409e8,1105,0,0,0,0,0
2023-05-09,8b8dbea8993541fd931d8524af9db7b5,1114,0,0,0,0,0
2023-05-09,84d60668c2584cbe831ff7b17578dc59,2138,0,0,0,0,0
2023-05-09,14e4bac20e824b91b60e19ef88a6fab3,100,0,0,0,0,0
2023-05-09,45570cf9f9614b1eb273dfa8f2e17d56,1125,0,0,0,0,0
2023-05-09,7e86fcc5809f4070bb995bbe7e123751,1129,0,0,0,0,0
2023-05-09,def1e75ec8084a8f8c070621051f010b,1133,0,0,0,0,0
2023-05-09,3e29142fb4584c61a5b5197c825acc04,1149,0,0,0,0,0
2023-05-09,099a0dbeb4b14854a060d94a0c35f4b1,6285,0,0,0,0,0
2023-05-09,e45c336457c74481a5410f4a00d8589c,5790,0,0,0,0,0
2023-05-09,73dfc34525a44c57ab69b3205221c8fc,8613,0,0,0,0,0
2023-05-09,c4919f9af12e4e23b85338a94461d604,182,0,0,0,0,0
2023-05-09,bb21e87a65c0404bb6ede656605109c7,6593,0,0,0,0,0
2023-05-09,65391920487e4734a3bff0834642f142,8131,0,0,0,0,0
2023-05-09,0a5f396238234b01ac64607a4abab8b1,8133,0,0,0,0,0
2023-05-09,c1970de4ef894af3843dc41e5bfd3b89,8133,0,0,0,0,0
2023-05-09,80a6ee3acea341c4be3f8bbd60e50360,6103,0,0,0,0,0
2023-05-09,0c332d72c2f24b8b9f1437f526376af6,6372,0,0,0,0,0
2023-05-09,78d029cafd4148a9a9f1296b430458b9,6119,0,0,0,0,0
2023-05-09,a24c0fc40c1a448c8968adb4ee308730,1000,0,0,0,0,0
2023-05-09,270435222f494e27a8affcad8b5b0226,1000,0,0,0,0,0
2023-05-09,f47901285e424a188e46d773878f08bc,1000,0,0,0,0,0
2023-05-09,4e9c9343343840eb972ff029635e210c,1000,0,0,0,0,0
2023-05-09,1cda5e2caad04b06a8334baeb71b9950,1000,0,0,0,0,0
2023-05-09,d49447fb4bd74d8db155ec3a25f9c0c2,1000,0,0,0,0,0
2023-05-09,51edb8f0817640bcacd0c9147ca39eaf,1000,0,0,0,0,0
2023-05-09,9bcd4b3cd0424affb5b764c4ede7290d,1000,0,0,0,0,0
2023-05-09,aaec9664036f408db24680854ae2a434,1000,0,0,0,0,0
2023-05-09,26275203abda4517b13af498de375c6f,1000,0,0,0,0,0
2023-05-09,e8c8d93f4bea441ca2064ba5677f173f,1000,0,0,0,0,0
2023-05-09,8d1f01a368804ec6836a48bd9de153e4,1000,0,0,0,0,0
2023-05-09,1e670058f25146cd9a279bbcd864cb71,6121,0,0,0,0,0
2023-05-09,91b46e5b273045dab912e5b52e4561fb,500,0,0,0,0,0
2023-05-09,7b7d10454a5645d5a12c27073b91dab7,500,0,0,0,0,0
2023-05-09,2865be3aad4a4562bb35a724c1da2518,500,0,0,0,0,0
2023-05-09,7c17c14373fc4add8fbe5f76c2c42786,500,0,0,0,0,0
2023-05-09,187268fe2f7e47e5a873e1ff3b6c1b5b,500,0,0,0,0,0
2023-05-09,ba2c51b3631d4e9f960863e882257900,500,0,0,0,0,0
2023-05-09,edc5593678084f418e0c488dd091e689,500,0,0,0,0,0
2023-05-09,9d1ba55fc8804069a42b839703f2dd22,500,0,0,0,0,0
2023-05-09,9be524bd0b3341c8afb6566fe8157593,500,0,0,0,0,0
2023-05-09,807c299518b04a319021b03a0740a27a,500,0,0,0,0,0
2023-05-09,20912801adf743d6ac38992e6da8938c,500,0,0,0,0,0
2023-05-09,bdb585ec0c53495ab4f716f236001579,500,0,0,0,0,0
2023-05-09,5858082dcb1547cd9f3f138bd3fe7825,500,0,0,0,0,0
2023-05-09,b0faa4ace8a74fbc84eae2f802473ec8,500,0,0,0,0,0
2023-05-09,57b6e799ca6e49b48555d7d939c90a3f,500,0,0,0,0,0
2023-05-09,aa40bd0d7bb444ad935c8c0f7aed27b7,500,0,0,0,0,0
2023-05-09,dc387bb1277b40f2a1e6f4bfd9afb6ed,500,0,0,0,0,0
2023-05-09,b5993bc20e334bafb36eb3e35ff75238,500,0,0,0,0,0
2023-05-09,11f88f69acf543e0a8b975a7c8497123,500,0,0,0,0,0
2023-05-09,c38be5ced3a8422b8e1d86c91af5391e,500,0,0,0,0,0
2023-05-09,6269b65eb983494298184543cef15659,6136,0,0,0,0,0
2023-05-09,2c53973d1b6f46ac93d9c6a726b5f9a7,8185,0,0,0,0,0
2023-05-09,a84d000afdf34dec86e0850da5066c56,6145,0,0,0,0,0
2023-05-09,43cbc2c98cf74fbaaadd0949b8f8aa0b,6147,0,0,0,0,0
2023-05-09,9ed33a12b2ff46aabf1136be9585a6f3,6407,0,0,0,0,0
2023-05-09,0087688b33e94120856e7e871e31734e,6152,0,0,0,0,0
2023-05-09,29ac3b661456423ca90d75c6a32485de,2604,0,0,0,0,0
2023-05-09,18cf65f2ee5746ef8567a98f4318bc64,6447,0,0,0,0,0
2023-05-09,d452a75685de46b8a840f6816fecc82b,6213,0,0,0,0,0
2023-05-09,9f6fde9a36ed4fc698133a388a62b7b8,6218,0,0,0,0,0
2023-05-09,d2dddd5ffb3f48ce84df8621fe706c7e,8272,0,0,0,0,0
2023-05-09,f8276c52b0ec4bb7869bcc5506a12592,6226,0,0,0,0,0
2023-05-09,57d053ca3a164e04b8b14b516c671e27,1110,0,0,0,0,0
2023-05-09,a44ae53f05cf4a688347e6cfba23ccb4,6230,0,0,0,0,0
2023-05-09,61c39ccd0e264d4299be26d34f6383ae,1111,0,0,0,0,0
2023-05-09,b49f8f76ad8d47cf953d43037877f997,1116,0,0,0,0,0
2023-05-09,5a514e9548054348bda1c849abfb6d58,1120,0,0,0,0,0
2023-05-09,8dc6c535d76a400a91aad264afa979a5,1121,0,0,0,0,0
2023-05-09,76d84687963544e4a9b5b70f080a0dee,6248,0,0,0,0,0
2023-05-09,581236ea880043cdbe7fa82c29ed9de6,1133,0,0,0,0,0
2023-05-09,8a89dfe8b2ff4bc6b5235c1bee2654c4,6253,0,0,0,0,0
2023-05-09,afb499f445f34517956d2b05c2dfde2e,1134,0,0,0,0,0
2023-05-09,f3f615c01c044910864f9ce1f4404413,1136,0,0,0,0,0
2023-05-09,5a962b91f6fb4bb6b603aaf811a5f85c,1142,0,0,0,0,0
2023-05-09,20a18f4e5f1249f2b0b56b3760caacc5,8074,0,0,0,0,0
2023-05-09,b85f9c2cd3f841c882b309d14bdbf45b,8096,0,0,0,0,0
2023-05-09,16c100de43654b808e9357d5cbd14055,6307,0,0,0,0,0
2023-05-09,b2d8d69a1ad6402a9c5db02a0b3edb7a,8107,0,0,0,0,0
2023-05-09,d547e71e6d9d45efbcbb9ed1349ab5d2,8110,0,0,0,0,0
2023-05-09,89996bdba6cb45fe96ab826650ae2601,8630,0,0,0,0,0
2023-05-09,6481be4799e442eca5038b6f9b2069dd,8124,0,0,0,0,0
2023-05-09,c4987dc683674fcc90b826e08c104ec2,6342,0,0,0,0,0
2023-05-09,26c71aa5b4a4429097b944ea9741b596,8142,0,0,0,0,0
2023-05-09,4b49cf5758d0491aad24c70d0e24fc86,464,0,0,0,0,0
2023-05-09,ed512ea16dcf4928af49348471e8ce81,6112,0,0,0,0,0
2023-05-09,a840633919c94df1bdf30f57940bfd38,1000,0,0,0,0,0
2023-05-09,5d032be517eb4940b48f6a1af72e2ec7,1000,0,0,0,0,0
2023-05-09,08106ae238a648dcbce60d8e94671c8e,1000,0,0,0,0,0
2023-05-09,6c94ac30d57b4fc282292991d6c01fc6,1000,0,0,0,0,0
2023-05-09,75bced63037c4d89b7cc4fac2f22e18b,1000,0,0,0,0,0
2023-05-09,068b924ae8c24cb599c09557edc3d8d5,1000,0,0,0,0,0
2023-05-09,9f5ff306601d4052b0e151e1040c1e74,1000,0,0,0,0,0
2023-05-09,93c6d3bd9c944d05a225ffbba09175d2,1000,0,0,0,0,0
2023-05-09,4c8d5fcee49d44db8601641960eeb288,1000,0,0,0,0,0
2023-05-09,61d98b884f1946e78e2a026c4e264a4c,1000,0,0,0,0,0
2023-05-09,9a407a74e0d24950b7b478c64bd52146,1000,0,0,0,0,0
2023-05-09,55adaa02304243e881a13ea352d44fd8,1000,0,0,0,0,0
2023-05-09,b4b5c6026c504e0aab058b2b5a44a079,1000,0,0,0,0,0
2023-05-09,ebae6702e0f04585a221f0f627504dff,1000,0,0,0,0,0
2023-05-09,8818929ce6bb4def94b23109ec0187ce,1000,0,0,0,0,0
2023-05-09,0519f296556045bc9f161b4aff284e96,1000,0,0,0,0,0
2023-05-09,83978ae2f94f410bb616d601179cbeae,6385,0,0,0,0,0
2023-05-09,e6e9b7187aba44cfbc8c11f8cde2bdf1,500,0,0,0,0,0
2023-05-09,9a88e6a9531b49e5b9ae5dbba271273a,500,0,0,0,0,0
2023-05-09,237d29f265dc4ccebd6a399005d57b8b,500,0,0,0,0,0
2023-05-09,f5088d96f2ab4c8184f1fb9e60ef3e02,500,0,0,0,0,0
2023-05-09,5e85736a26be405bb27168780171c9f9,500,0,0,0,0,0
2023-05-09,e07a2a3dd5fe4e78b6fa10f0564ae12a,500,0,0,0,0,0
2023-05-09,50dc0a5764774d17b4249fcf1ce019f4,500,0,0,0,0,0
2023-05-09,0c29a91d60fd48269dfbc20fc62f5517,500,0,0,0,0,0
2023-05-09,5d3b050c3e0c44d5b7b2576702d9abc1,500,0,0,0,0,0
2023-05-09,998735f6b0a547889a5214db5a3830cb,500,0,0,0,0,0
2023-05-09,4373e2e8f0324c138742423ba19941cf,500,0,0,0,0,0
2023-05-09,6e157dc6950a490a82e0db85f58d18af,500,0,0,0,0,0
2023-05-09,1067bd281ad94504ae56df0e74f4ae62,500,0,0,0,0,0
2023-05-09,87c3bb0f1107465280c020130a9f3563,500,0,0,0,0,0
2023-05-09,452ccc745e964719bf743f80213fd26a,500,0,0,0,0,0
2023-05-09,7a2651c9c5ff4f0a99ed4700ed27f624,500,0,0,0,0,0
2023-05-09,5abd8ad3649b44ec9a3ea38e2228be96,500,0,0,0,0,0
2023-05-09,e0df8a7aeb7547389db4680fd5363112,500,0,0,0,0,0
2023-05-09,9e7e1e35350043a099257def9ede80d5,6132,0,0,0,0,0
2023-05-09,37dda89bdb8e4ef39dacbd80eae0cd3c,6132,0,0,0,0,0
2023-05-09,e861f5dd7c724d05b64278372643b745,6133,0,0,0,0,0
2023-05-09,63a6224db4b74cf4bd6025b21e00839e,6133,0,0,0,0,0
2023-05-09,63f2822d67744cdc88373eb18bd21553,6135,0,0,0,0,0
2023-05-09,21c7a01aab8545368e23ea3534e19f6c,6665,0,0,0,0,0
2023-05-09,11b3489a4c9148d4a39a20c2ca4caddf,8220,0,0,0,0,0
2023-05-09,388d83ffca3f4c21a273733448bbe645,20509,0,0,0,0,0
2023-05-09,e43c9818b6a346449ed280a3ce0e50e0,6453,0,0,0,0,0
2023-05-09,37908533f6904dc5ae8a2abe2f7b4fe0,8248,0,0,0,0,0
2023-05-09,abb3ad815c4643da9143e8af4f3f7fdc,1117,0,0,0,0,0
2023-05-09,3a138fa891834d6cb7fb0d6ae06418d8,1119,0,0,0,0,0
2023-05-09,82078a69887c4b59b3f02c3b87710c1f,6240,0,0,0,0,0
2023-05-09,272136a32e6f4c089bce3c965fd89935,6243,0,0,0,0,0
2023-05-09,f5fb9f58571744d68909800a1acddc1c,100,0,0,0,0,0
2023-05-09,fbd001ca2cf2424c857557586a8019b6,100,0,0,0,0,0
2023-05-09,fc1673d91d124c28af185a57e3696289,6000,0,0,0,0,0
2023-05-09,46fd2ab101d6496b932fbe6a498c2b46,6256,0,0,0,0,0
2023-05-09,790a1f51a4db45e7b0bc119ef4663c28,1139,0,0,0,0,0
2023-05-09,5d80dd884b4f405d8f371873e56c56c0,6515,0,0,0,0,0
2023-05-09,84ccb69c3a8e44ce83004f815fcba25b,633,0,0,0,0,0
2023-05-09,08f3322014e4428f986cfdf4467b4b19,6010,0,6000,0,0,0
2023-05-09,ff94e1fbce67404d8e5160ce02d5fb4e,8317,0,0,0,0,0
2023-05-09,a980fc3f20494bcf948747f383fce4f7,6282,0,0,0,0,0
2023-05-09,b3aa2b9d77c747afa942004564bbe002,8074,0,0,0,0,0
2023-05-09,73efbb47345648f394136d9b947b8a2a,8081,0,0,0,0,0
2023-05-09,57073308acd14bc2bf1f4e06000f0e9a,8084,0,0,0,0,0
2023-05-09,cabb9f621ace4904a1e15613691c1df5,6294,0,0,0,0,0
2023-05-09,51c21f3d380a4c52a90c448b2734bed8,8112,0,0,0,0,0
2023-05-09,9a7ec04930ec445682d3b503e7005b01,18377,0,0,0,0,0
2023-05-09,81083be0969c4a1da5cb88274137aa40,8143,0,0,0,0,0
2023-05-09,965cae1f77c5486787cc6e3c0c51c119,8144,0,0,0,0,0
2023-05-09,9e7e40ee8725425884b469358bfec99a,8144,0,0,0,0,0
2023-05-09,8f9da05321984f769748165b25e9c30c,6106,0,0,0,0,0
2023-05-09,13d26e0a91164a2ea07a11b5bc78c771,6107,0,0,0,0,0
2023-05-09,7145b23f9f814f579e417e70b4401c7d,6114,0,0,0,0,0
2023-05-09,8c6d6d029ce241ffa8d39b535b305539,6115,0,0,0,0,0
2023-05-09,719845f1fca5427d9570821b5df62764,1000,0,0,0,0,0
2023-05-09,3ab19fb9677245f583017106beffbb9b,1000,0,0,0,0,0
2023-05-09,7833ad9c71fc4fcd874f0574b3283330,1000,0,0,0,0,0
2023-05-09,982903edd0004043be56834aa5cc003c,1000,0,0,0,0,0
2023-05-09,2dad2510c2c340fc86868e1af12c8189,1000,0,0,0,0,0
2023-05-09,2b18f5c2c1f74520b0b73440e34b2d72,1000,0,0,0,0,0
2023-05-09,55d00f1803104ca4b6226cd8d82b1661,1000,0,1000,0,0,0
2023-05-09,04bab2c3a3124d7cab5d1c2bf56a53f7,1000,0,0,0,0,0
2023-05-09,227ca5ede4284c6884f00684b47946e6,1000,0,0,0,0,0
2023-05-09,19781405931b4dbb9860a1b2e5b85a68,1000,0,0,0,0,0
2023-05-09,307269d9610e4ea9b84cb1d1c2f9cd5a,1000,0,1000,0,0,0
2023-05-09,458ab9aebd354d8d9fbaa119985d5067,1000,0,0,0,0,0
2023-05-09,6b2cece5d3904e7fbc0b1a0c89d7b2c3,1000,0,0,0,0,0
2023-05-09,eb2d9b4257734c0494cf49ec19250b23,6379,0,0,0,0,0
2023-05-09,fc58b81fcd184351a488ee67b5d3ad5f,6129,0,0,0,0,0
2023-05-09,638c35462baf434c82e7abe2aff92392,6129,0,0,0,0,0
2023-05-09,ded71705b1174e088aafba9de5083e66,500,0,0,0,0,0
2023-05-09,841984d0e5144f768e9e2f7f5abeef9e,500,0,0,0,0,0
2023-05-09,aec7128f936944b9b523c4deda586831,500,0,0,0,0,0
2023-05-09,bb46f1417ef049c88898c657ad1ba7ff,500,0,0,0,0,0
2023-05-09,ddd4c160e2ad469496a140680a26cc0b,500,0,0,0,0,0
2023-05-09,444c38b0e1744271b99f45533b4c7ad0,500,0,0,0,0,0
2023-05-09,c0bf2dbe1ef5465a94aed14b6abd8c49,500,0,0,0,0,0
2023-05-09,a3895d5275864f0faea94fd0a0a5df74,500,0,0,0,0,0
2023-05-09,42891a6ff1a848fdad549fdad3c8142e,500,0,0,0,0,0
2023-05-09,07ce74698d814e93be685a1f74f78429,500,0,0,0,0,0
2023-05-09,586c7f72166b4449a3047cc2a47b2884,500,0,0,0,0,0
2023-05-09,b0f181466a764942be77164bf2600496,500,0,0,0,0,0
2023-05-09,30266bfb7cc546239598d13d08b2dc32,500,0,0,0,0,0
2023-05-09,2d7d98d9a15d49c7acfd496db1b52782,500,0,0,0,0,0
2023-05-09,c92b712a751e44b79a9a47ef38c620e0,500,0,0,0,0,0
2023-05-09,10bf289b76cd47f5b82f277b896c6eca,500,0,0,0,0,0
2023-05-09,f250b04acea340e082eb661bb13807be,6390,0,6390,0,0,0
2023-05-09,078831b815b9406cb17f0e82c6164fab,6655,0,0,0,0,0
2023-05-09,231468cec7f245d3923ad87472b7595a,1282,0,0,0,0,0
2023-05-09,023d03eb35d0413e9e2b7801b8d49771,6148,0,0,0,0,0
2023-05-09,b2efe1a34d8e4f078ff3179b84fa992e,8214,0,0,0,0,0
2023-05-09,bef0657c680744f593673e04419f881a,1104,0,0,0,0,0
2023-05-09,7247c39a628244a0a15cc2aa166c9a8f,600,0,0,0,0,0
2023-05-09,6d730284108f49ada51e6e3bb9e36136,1121,0,0,0,0,0
2023-05-09,c73ccb6f270b4850b47754acbabcf689,1122,0,0,0,0,0
2023-05-09,259bfa2f9bd343519b3803329364f4b9,8298,0,0,0,0,0
2023-05-09,b535742a482e4650b0c484da9dce3dff,6252,0,0,0,0,0
2023-05-09,4b443523147145609361b2efd0aaedaf,6000,0,6000,0,0,0
2023-05-09,9d61045d9f2c449dbf3dacfcb7a2fdc2,6257,0,0,0,0,0
2023-05-09,dd6d4518ed7a42a8a32c1f2f4b1a3e84,1138,0,0,0,0,0
2023-05-09,359b0f4656ab46ab80429a9884e03124,1141,0,0,0,0,0
2023-05-09,301794647b5546f882153920925117a2,1141,0,0,0,0,0
2023-05-09,41b91ddafd54494c9e8e0e8261359922,6262,0,0,0,0,0
2023-05-09,fbd9fc21bd224d48b1d2c821e7161d07,1149,0,0,0,0,0
2023-05-09,a1833548b313437a920b34b54e30c14e,6542,0,6542,0,0,0
2023-05-09,d1660f5a0c7c464db578cd72a3ddec32,423,0,0,0,0,0
2023-05-09,1236cc4862484114ae37cfacc3e1cae9,8109,0,0,0,0,0
2023-05-09,de653b6416ed46d49eb1b45501a786cd,8110,0,0,0,0,0
2023-05-09,5198ce4116804db0acebf97b639d1912,6326,0,0,0,0,0
2023-05-09,53eddd09cf834431bb32e39747d1bc2c,8119,0,0,0,0,0
2023-05-09,eef06a7f112d4b14b141e97fd0cb4ca9,8647,0,0,0,0,0
2023-05-09,4374ca910af54ac497c7711307555cca,6101,0,0,0,0,0
2023-05-09,27e4112d108142b48629c0b9ac822da0,6101,0,0,0,0,0
2023-05-09,7e22c57f5e69449cb115d84e967dce9f,6101,0,0,0,0,0
2023-05-09,877428192d1c494397d5badeab1657af,6104,0,0,0,0,0
2023-05-09,dbdd824f9e9a4ea0b8e0a2ab5af20452,6105,0,0,0,0,0
2023-05-09,cbbdf1322ed84726b618f6ee51942d63,6361,0,0,0,0,0
2023-05-09,256679c6bf4e4244a40642cf37c55ba1,6109,0,0,0,0,0
2023-05-09,9da5cab9244c45a88f6c7dc26f080d60,6373,0,0,0,0,0
2023-05-09,00da0bdf3397485d889e2cfd0e807f50,6373,0,0,0,0,0
2023-05-09,3dff9605376d47f0a888d0b1d7af4295,6118,0,0,0,0,0
2023-05-09,3b83acd04732440b954a11f01214415f,1000,0,0,0,0,0
2023-05-09,86cece79c526494494fc0ac67b60b946,1000,0,0,0,0,0
2023-05-09,ffaee60513104cd7a99796cbeff47fca,1000,0,0,0,0,0
2023-05-09,a9ab5da0996a429a849adeceb9976d9c,1000,0,0,0,0,0
2023-05-09,e5395bbd353a43d9824879886e9612d1,1000,0,0,0,0,0
2023-05-09,546902de6df04253886c0fdb22b9a83c,1000,0,0,0,0,0
2023-05-09,8023c179d43049f7852ee3d425cf9542,1000,0,0,0,0,0
2023-05-09,ee5de1eab6dc4f94b7b11b4010a6dd56,1000,0,0,0,0,0
2023-05-09,3feeae3543a24525940245e8d1d1c278,1000,0,0,0,0,0
2023-05-09,6208486f3fb64a4c95f86e17243eaba3,1000,0,0,0,0,0
2023-05-09,11bc0fb8b32543549d830493d29a89b1,1000,0,0,0,0,0
2023-05-09,036ecdf3d1ac4b379721137bd8d1499e,1000,0,0,0,0,0
2023-05-09,2de6a0d63c1d42fea8b04d4eaefe1a16,1000,0,0,0,0,0
2023-05-09,efd59cd0ba874e79bd192fafc9a1cee9,1000,0,0,0,0,0
2023-05-09,26d5ceccab1c40959b5828d80b2118ef,1000,0,0,0,0,0
2023-05-09,a7494e520f7948ca8629cd48409f9052,1000,0,0,0,0,0
2023-05-09,75387480df7e410e8e62a6b893ac17ce,1000,0,0,0,0,0
2023-05-09,8f20d176c8b441ed950dfdff78c58b1e,500,0,0,0,0,0
2023-05-09,e29dff96870941d6acc9d6bbd5566e84,500,0,0,0,0,0
2023-05-09,1aa4eeeeaf8746b2a7bf407b452193e2,500,0,0,0,0,0
2023-05-09,bee5b1f6e0304545bbbbc91b5fae5d18,500,0,0,0,0,0
2023-05-09,4d97eda3352543678a7199fc72c73d17,500,0,0,0,0,0
2023-05-09,5ce1e11460a541b38d688e1f51d7e895,500,0,0,0,0,0
2023-05-09,c9acb071015048958b9a0662f55e68df,500,0,0,0,0,0
2023-05-09,94adf91abf8146e49015fac353b7d6e2,500,0,0,0,0,0
2023-05-09,a5ff8d33f0374d6290267c99fc456379,500,0,0,0,0,0
2023-05-09,792a8eb351a94b3291940c2535a63a41,500,0,0,0,0,0
2023-05-09,1bc155bd37ee44cc91d6f47a7bccfcfa,500,0,0,0,0,0
2023-05-09,9e2be075a450487f99e3c8f521de82c1,500,0,0,0,0,0
2023-05-09,29e2f176e5544380ab4a788d3fc3fd15,500,0,0,0,0,0
2023-05-09,b012d77fa89342558485132a546f4253,500,0,0,0,0,0
2023-05-09,ab5e4712d18d461f87d79cbfabd7aa9f,500,0,0,0,0,0
2023-05-09,828e9070fb57425f96e325f1becf4ce2,500,0,0,0,0,0
2023-05-09,b3e87500a78e4fddb5109f2776ab33ee,500,0,0,0,0,0
2023-05-09,ec03bce7252848eea5b2374b5809e66d,500,0,0,0,0,0
2023-05-09,ed3f0c892be64da3b432938c82a3e409,500,0,0,0,0,0
2023-05-09,1974bf996437410482e7816a06b83dfb,500,0,0,0,0,0
2023-05-09,02047e3d69ee47b7832a1898487690ed,500,0,0,0,0,0
2023-05-09,63e62c40fece4cee811b8e97f0944a8d,6136,0,0,0,0,0
2023-05-09,ba27fe82d8d546708c13e1d69be6629e,6142,0,0,0,0,0
2023-05-09,1254a86a9a1b420fabea6557cb1382e8,6142,0,0,0,0,0
2023-05-09,23c7f8ba3aa44040b7f34b07279e5118,6148,0,6148,0,0,0
2023-05-09,6e6df92eae754bc9aaca0dea95db600e,8206,0,0,0,0,0
2023-05-09,072c63ec1d1648ab84683a5bf870b1bd,6166,0,0,0,0,0
2023-05-09,2090bd6db194426d9ca0cdd9754ac503,6423,0,0,0,0,0
2023-05-09,4bf36aa55ae648288b4ab9c57f8a287c,8216,0,0,0,0,0
2023-05-09,afb30baee7314790b129dc974522c5e6,8219,0,0,0,0,0
2023-05-09,1f4b67d161d848fdbec0fd543a2d9751,9022,30,9052,0,0,0
2023-05-09,7bb0a87c3de14f39930f670d22896746,1102,0,0,0,0,0
2023-05-09,d0a7cadecbe64902aef999e8ad40c115,1106,0,0,0,0,0
2023-05-09,e0719e34c56e4b389143cef02ab54334,1106,0,0,0,0,0
2023-05-09,6468f53a6624497eb66204930fad419e,6228,0,0,0,0,0
2023-05-09,110e0867428444a0b0227f6038a1a24e,342,0,0,0,0,0
2023-05-09,4b42f18c0d9444c4a79c742414b9188a,1111,0,0,0,0,0
2023-05-09,fa4035756a07430fae389928a5981fdc,1113,0,0,0,0,0
2023-05-09,d02527900aee49278d03d31a0beec684,1113,0,0,0,0,0
2023-05-09,d0a688f37ad34eada79a61616a2f1e80,1122,0,0,0,0,0
2023-05-09,885b0c18b93240b6870abe5e31f11ccb,1124,0,0,0,0,0
2023-05-09,d9b8d27f7ca74b85aefd4bc387458ea3,6245,0,0,0,0,0
2023-05-09,46d6a89ac7f948419d2c4e50516c3f6f,1126,0,0,0,0,0
2023-05-09,20f1a063b85d45369bd0bca330b30eb6,1130,0,0,0,0,0
2023-05-09,0b70cd700f0347e1a709cace279c3df9,1133,0,0,0,0,0
2023-05-09,dd32d97ef9534573aaf4da2e1a512d17,1135,0,0,0,0,0
2023-05-09,2bc332f42df542e292eb907930b20cf4,6000,0,0,0,0,0
2023-05-09,f5006e56355943c49649380c37d0d1cf,8306,0,0,0,0,0
2023-05-09,76bcd6f6fb5f454886457e494dcb9d34,116,0,0,0,0,0
2023-05-09,c392c7c32baa4c9db18749eeb62a755e,1143,0,0,0,0,0
2023-05-09,af021c89d0874cf287467e551f716e2f,1145,0,0,0,0,0
2023-05-09,7aca976f38894fd9acd9b38f766372b1,8062,0,0,0,0,0
2023-05-09,2728881fcac4414fb7ded3a8bf6abcc8,6015,0,0,0,0,0
2023-05-09,64980c2efae74e1aa8e071e2636dbaaf,6530,0,0,0,0,0
2023-05-09,d14b04866a7c485a9e88d5928202ccc3,6280,0,0,0,0,0
2023-05-09,db6a0f97d6444f04b3b89f4ffa4b9850,6280,0,0,0,0,0
2023-05-09,cb53fb3a3c634fa39f14962be60a0964,8081,0,0,0,0,0
2023-05-09,ed676f8981f24aafbd8a9e4c2e812e7c,6290,0,0,0,0,0
2023-05-09,8a8e82f248414639896944283fc33eb6,8087,0,0,0,0,0
2023-05-09,8bac917fe919422a93cf0a5421f3ccfc,8140,0,0,0,0,0
2023-05-09,df7f6c44a8c343f990b5b63806105d4e,6350,0,0,0,0,0
2023-05-09,979d25fcd762402d80b17ad67c6c5002,6100,0,0,0,0,0
2023-05-09,b88e6a6fa3dd4a11930cfea4c964ec64,8148,0,0,0,0,0
2023-05-09,6787decaf5ba42778f60c43e33e865e5,8148,0,0,0,0,0
2023-05-09,4c3ce929a9f04172b3b3ee439a3c3c91,6101,0,0,0,0,0
2023-05-09,ae8110b3effb404099b948c8412368d9,6105,0,0,0,0,0
2023-05-09,8219738103e94f8180862829657547f8,6109,0,0,0,0,0
2023-05-09,787a87a0f11541b784212db432e5f30c,1000,0,0,0,0,0
2023-05-09,fef615bab83e4edaacd0d5282bab04a0,1000,0,0,0,0,0
2023-05-09,c9217eec46fa4d2da813c15dcf6210d0,1000,0,0,0,0,0
2023-05-09,330ba3e7d3554d688609c05016d9f1bf,1000,0,0,0,0,0
2023-05-09,dd95dc988a7b4093b087883436951360,1000,0,0,0,0,0
2023-05-09,175eebc7fa764b968a5e0810f9f5272f,1000,0,0,0,0,0
2023-05-09,e6ae79d7d1364945a9e3e60328a341b9,1000,0,1000,0,0,0
2023-05-09,cc2f14d95f1842d0aec829497434d4f3,1000,0,0,0,0,0
2023-05-09,d9b06838f1ed482d9f7ebf0658ba954f,1000,0,0,0,0,0
2023-05-09,8f8f05b53dfc4c50a71649b703f3e315,1000,0,0,0,0,0
2023-05-09,aa2fdff75d4f4b82a73fc7d077605050,1000,0,0,0,0,0
2023-05-09,25628c314479455381362bc513c18a76,1000,0,0,0,0,0
2023-05-09,c20e26bb1aae4db1b376d1002e0d4f04,1000,0,0,0,0,0
2023-05-09,ae76b61e08c74f958fdc29ef059b428a,1000,0,0,0,0,0
2023-05-09,04c0fdbfb3614205af36147d5320f1d1,1000,0,0,0,0,0
2023-05-09,3adf5bd47d914519ba1a4c3b0b5f1a1a,1000,0,0,0,0,0
2023-05-09,dbb5e82b5ee04a92932f9059633c599e,1000,0,0,0,0,0
2023-05-09,396ca43056cd4f9ab6395c2b87c86500,6121,0,0,0,0,0
2023-05-09,2c2bd4ee984d43fc8e7e578a2373383e,6123,0,0,0,0,0
2023-05-09,f8fbaaa6c3bc4511aba3b35d9cf43773,8427,0,120,0,0,0
2023-05-09,7e7983d59e4a43529bd756947382bcd0,6381,0,0,0,0,0
2023-05-09,049248199a73488e988277ae7ba8927b,500,0,0,0,0,0
2023-05-09,60a2a5df71c24ff290ca6bfe3bf452a7,500,0,0,0,0,0
2023-05-09,665dedb61e0d42ad8a17bbbf364f6d6d,500,0,0,0,0,0
2023-05-09,7b0440212b0b4d91b9df32b368b2299b,500,0,0,0,0,0
2023-05-09,ca80b0ca48c24990930f54f516870ce1,500,0,0,0,0,0
2023-05-09,04a3979b1aaf4b8ca40f6673eeec1d91,500,0,0,0,0,0
2023-05-09,cc5ba27d861741349700589fb9de1366,500,0,0,0,0,0
2023-05-09,1e1851f3a84b43e6bcb74edcbda4c81a,500,0,0,0,0,0
2023-05-09,55aad3601bec44438db32998beff231a,500,0,0,0,0,0
2023-05-09,29bbc3c6f8114499bcab8901737a5215,500,0,0,0,0,0
2023-05-09,75e21ec9fd4c4998846b715194109779,500,0,0,0,0,0
2023-05-09,3569ac965eef473f9e4d8931d5291ddb,500,0,0,0,0,0
2023-05-09,58ab0af7e3c648bc914bf83f1d88c74e,500,0,0,0,0,0
2023-05-09,1976867c20b445039f5290b81aa84892,500,0,0,0,0,0
2023-05-09,d760a72076084f9bb450e85f183f4f4f,500,0,0,0,0,0
2023-05-09,adb5fd44b7f84ac1a6d586d5da4ea616,500,0,0,0,0,0
2023-05-09,eead09f3cfc644ffba48d0b110668301,500,0,0,0,0,0
2023-05-09,795bff3837464942b12171f493f1e8d9,6139,0,0,0,0,0
2023-05-09,40677e6b33c64f71b4c54007dd69c9ad,6396,0,0,0,0,0
2023-05-09,a439bf6ccb144a159759da74a7590c12,8201,0,0,0,0,0
2023-05-09,904c9ef215c6482c9dd78b2826aaa13a,6422,0,0,0,0,0
2023-05-09,8569615416d14d0c8e18ac30fb645941,3139,0,0,0,0,0
2023-05-09,ef285961c2e64029b6721020b0b76604,1101,0,0,0,0,0
2023-05-09,3ecb1a1e324d4267b264f479271815c3,1106,0,0,0,0,0
2023-05-09,7d0b06efbacb49408b8b1a0dd3fe840b,1107,0,0,0,0,0
2023-05-09,fe195a72b0244d6c867b10584955b407,6227,0,0,0,0,0
2023-05-09,abc0f0d006ce4f9aa9ee2dad7f849108,1108,0,0,0,0,0
2023-05-09,4f1f920227ec4bc1987fda8a25afb566,1110,0,0,0,0,0
2023-05-09,51d660c1d2d3422cb047d7aa352d00ce,1113,0,0,0,0,0
2023-05-09,5fd19bb91ccb428ca800ceb743a7278e,6490,0,0,0,0,0
2023-05-09,be7efff60f9b4367ae5246904c203238,1115,0,0,0,0,0
2023-05-09,87715043e22945baacec3621e35cb2dc,1117,0,0,0,0,0
2023-05-09,950550f7e9c54b1ab1146e3e0a0ea949,6239,0,0,0,0,0
2023-05-09,849c07fb915e410bb7be2dc40df2ddbc,6240,0,0,0,0,0
2023-05-09,9afd2e153e6648f29ffe6f5319ed3780,6242,0,0,0,0,0
2023-05-09,e308bf32505044f8a1b390db46bfc9db,100,0,0,0,0,0
2023-05-09,9e7c5505cfd74ba9a93c455900aeafa0,1124,0,0,0,0,0
2023-05-09,028cb31f65494498a7d24fbd1d1b77a6,1127,0,0,0,0,0
2023-05-09,028730dc95c1456184982a0169c32ba3,6247,0,0,0,0,0
2023-05-09,d0cd7f199c3141db83fabd545e7abba4,1128,0,0,0,0,0
2023-05-09,5eb98199114f44c99a695bd61930e52e,1132,0,0,0,0,0
2023-05-09,995f70e78d7e4329a79139e14a25bf7f,6252,0,0,0,0,0
2023-05-09,475a044d9d2a4a5683821d029a8ca47c,6000,0,0,0,0,0
2023-05-09,fa14f2d09ec64202b99043369a0d91a2,6000,0,0,0,0,0
2023-05-09,99951dcf64c34cb3821da7af5247da19,8309,0,0,0,0,0
2023-05-09,3f2a4976c5c344519962514a8351fe8e,1143,0,0,0,0,0
2023-05-09,e14304d7050b4c9e89e5976585ca4918,6264,0,0,0,0,0
2023-05-09,ae2e809069c4483aba42b02123777a8a,6273,0,0,0,0,0
2023-05-09,2f04b0caee9e4ff3a9161297a6b5ff4a,6020,0,0,0,0,0
2023-05-09,6009bed79ed9463d9dcc1fd99bba1016,8103,0,0,0,0,0
2023-05-09,0d2adc46d6c649c4a4f793d477706620,8146,0,0,0,0,0
2023-05-09,2cbaa32748ad4b5981a5c38a71ca266f,6103,0,0,0,0,0
2023-05-09,ce5804f43f53447f9f8ac33b0c557d69,6105,0,0,0,0,0
2023-05-09,1a8e7b5d732f43df87e1790c9178c4e2,6108,0,0,0,0,0
2023-05-09,1b75864126df4a7a9244c18e4d87bb0d,6117,0,0,0,0,0
2023-05-09,bee7143ccd724695bb31a9464e07050d,1000,0,0,0,0,0
2023-05-09,2404c831d3594bbe8af4b40599794732,1000,0,0,0,0,0
2023-05-09,70f76e47566b4182b45c08e6db90dd25,1000,0,0,0,0,0
2023-05-09,8fced18042b04ba9ad1bda9089312dda,1000,0,0,0,0,0
2023-05-09,00382651ae46478fad7e4b29e9979502,1000,0,0,0,0,0
2023-05-09,f7d14bfdfbb14c8f8a5fa4d5a647f8eb,1000,0,0,0,0,0
2023-05-09,d5f5fd5ca06f453d984deb5245b46606,1000,0,0,0,0,0
2023-05-09,c9270a6e934244138e0575814950c108,1000,0,0,0,0,0
2023-05-09,755fe9f143564b3f9647e4bebc13d385,1000,0,0,0,0,0
2023-05-09,07db605a0e29400ba9d42ea28be5e71e,1000,0,0,0,0,0
2023-05-09,72ef1cfd05a74f38b1c8004a363e0020,1000,0,0,0,0,0
2023-05-09,1f8bc6d1b2464354affe4cecde55fff6,1000,0,0,0,0,0
2023-05-09,e4ecd9a9f05e4d35aa037edf40a4438a,500,0,0,0,0,0
2023-05-09,41f775b95d1c4e6aae3de3a6b5eede09,500,0,0,0,0,0
2023-05-09,010d664e87fd4db7aa70e1129c84210e,500,0,0,0,0,0
2023-05-09,29b89a02d8e74c34a17d5787e4318295,500,0,0,0,0,0
2023-05-09,d11e194189114b459b4e3c9cc9750874,500,0,0,0,0,0
2023-05-09,2a661f6178cc4e7fa971053d8020e160,500,0,0,0,0,0
2023-05-09,4f2259bf49f446bd90cbf620e7c625b0,500,0,0,0,0,0
2023-05-09,cf0056d694b44897b979e05a412cb1f2,500,0,0,0,0,0
2023-05-09,3f69b790d59545f88b928d856105564d,500,0,0,0,0,0
2023-05-09,0dd44b366888408a81ac5458a1880750,500,0,0,0,0,0
2023-05-09,a80d5ea843d341d3bc8ff5afb60f59be,500,0,0,0,0,0
2023-05-09,7ebfe7d9ead94908873949a68d5c87d6,500,0,0,0,0,0
2023-05-09,72803d036a2148e3b65ee7efbd59f575,500,0,0,0,0,0
2023-05-09,1c4a945683aa4a2daab1497f00bfd4a2,500,0,0,0,0,0
2023-05-09,5a4de69672f240e28630dd1677aa1be9,500,0,0,0,0,0
2023-05-09,ba185a582ede43a190945b359959ebb4,500,0,0,0,0,0
2023-05-09,285508ffc42b4b6bb16d4c9dd89a540e,500,0,0,0,0,0
2023-05-09,72e4824307c2469898644ad480250f28,500,0,0,0,0,0
2023-05-09,d9812eaf9449497f95f13a34fc98c7d9,500,0,0,0,0,0
2023-05-09,3e7d254a640b48caab62de5bda0bae43,500,0,0,0,0,0
2023-05-09,f926ce9d393e4b2cbcbcfed5a65b0ae3,500,0,0,0,0,0
2023-05-09,be3d7bd082e54808a3707e0b05158a89,6134,0,0,0,0,0
2023-05-09,6a6779664cdd4e2486da6b4b6c1dea39,6137,0,0,0,0,0
2023-05-09,a21c787956c149f68d8cf60edf272775,6145,0,0,0,0,0
2023-05-09,076ca638b64b47b7a2b94ad00247f9dd,6150,0,0,0,0,0
2023-05-09,10cb708aff0141c98b621e89c1046d0e,16,0,0,0,0,0
2023-05-09,c7ad2423881a4020bff3d47eeec31e85,6672,0,0,0,0,0
2023-05-09,fe485a50106d490994b813a65594e46e,6419,0,0,0,0,0
2023-05-09,3500c90d0f47481daf5f22b18fcab215,8229,0,0,0,0,0
2023-05-09,ff0bc1f0e3f3498e8f68704dc5e98ca3,1327,0,0,0,0,0
2023-05-09,425cd5032e4f4fadb63e2141ebc87fcc,1100,0,0,0,0,0
2023-05-09,3b222cb0832744f29a0d2a546c14fe1b,1100,0,0,0,0,0
2023-05-09,f9bdc4dd5e574682957bbb7d36afdd11,1104,0,0,0,0,0
2023-05-09,b31b882650b94488a9426aeb8322d5a3,1104,0,0,0,0,0
2023-05-09,d9ab9203cfd5437e89d9e914edd63c90,1110,0,0,0,0,0
2023-05-09,6e647177fead4229b16285c74b0690bf,6495,0,0,0,0,0
2023-05-09,9860b2640fca42d2834e6a3518cb6650,100,0,0,0,0,0
2023-05-09,6fcbd35b545a439483e6e38785f19998,100,0,0,0,0,0
2023-05-09,a37b20d576d044d9a9dbd182586838bd,1127,0,0,0,0,0
2023-05-09,c8a4a97e822a480c993a72765dfb6be5,1131,0,0,0,0,0
2023-05-09,a4a042165e954e05816d8119d21ce95e,1140,0,0,0,0,0
2023-05-09,fb940688630246b9a363b48725b50583,6266,0,0,0,0,0
2023-05-09,6fc671439a5a4f60be061db799938e57,5500,0,0,0,0,0
2023-05-09,95a24783bb1645f495ec77697dc37b77,132,0,0,0,0,0
2023-05-09,38fa690f2b7c4b4092200d8ee7925612,2436,0,0,0,0,0
2023-05-09,e20eaf2d25b2471bb2ddf158624ed2dd,7825,0,0,0,0,0
2023-05-09,bf54fcc7696b442faf9ac8754ca9dc84,2464,0,0,0,0,0
2023-05-09,7662398a007a4f5e92f016e58f1914fe,2216,0,0,0,0,0
2023-05-09,7e0691c809d04a31a3f24b7f736058a5,5810,210,6000,0,0,0
2023-05-09,0340dad35cae4bcb9e6b15a2010cfa7c,20915,0,0,0,0,0
2023-05-09,04ba1084b2cd416cbb35d3cf469835a6,8118,0,0,0,0,0
2023-05-09,17c62e3eec5a4f67ac875466f12f3687,204,0,0,0,0,0
2023-05-09,455c672032d6465086b07e485b50281d,6354,0,0,0,0,0
2023-05-09,f79b618729ab476ba7be62a9c5941a30,1000,0,0,0,0,0
2023-05-09,2da1af62de2b4ba6b071f9201377d14f,1000,0,0,0,0,0
2023-05-09,605a2da3c4a648ebbfc6dbd455dc0b12,1000,0,0,0,0,0
2023-05-09,ca104e6ffad94024bcfd87346a674918,1000,0,0,0,0,0
2023-05-09,c2aa926321894dd99fe55dc8288500ac,1000,0,0,0,0,0
2023-05-09,7fb37d7937bf4b058f3b266555901b57,1000,0,0,0,0,0
2023-05-09,1947420d39634ffea190172d11994907,1000,0,0,0,0,0
2023-05-09,f93ac37013564c04a5fdfa61a88b4537,1000,0,0,0,0,0
2023-05-09,059b3b34c38e45b6835f3a9f7b874b6a,1000,0,1000,0,0,0
2023-05-09,0cfee5e27587404a9a6db5c9da809b8b,1000,0,0,0,0,0
2023-05-09,f5ffb8d84e89414cbd2033c57987c1e9,1000,0,0,0,0,0
2023-05-09,da0faa48ee894966ad54575fc6a41e7c,1000,0,0,0,0,0
2023-05-09,e8e62dbd626d4b51b4020dcacbeee3b0,1000,0,0,0,0,0
2023-05-09,020dcf0f5b434b1391c88fd84214d621,1000,0,0,0,0,0
2023-05-09,9a4165a04190425da36b28f6292d1c60,1000,0,0,0,0,0
2023-05-09,24731293bb4b4627b6e9c288bfb61085,1000,0,0,0,0,0
2023-05-09,53061115725146f08da520159d89336f,1000,0,0,0,0,0
2023-05-09,a4fb3a2072134716a38d273f59561e5e,1000,0,0,0,0,0
2023-05-09,a277269094904eed8929df57e7f43b0b,1000,0,0,0,0,0
2023-05-09,e01a0419728649a8a771ecd11e323b1a,2024,0,0,0,0,0
2023-05-09,afc1a3dc49a6467b914643e354c29fbd,2282,0,0,0,0,0
2023-05-09,9a9b44ce3b6d4991925dde3f854409fc,6379,0,0,0,0,0
2023-05-09,d23f5e12257742c1859cd6e5c344a53e,6124,0,0,0,0,0
2023-05-09,fade22a22d154d22828de7a7ed7a9ec7,500,0,0,0,0,0
2023-05-09,bc855ef469d54d4d8d7002176e5ad868,500,0,0,0,0,0
2023-05-09,0d2c2098ea6c4637b9056424249a5a30,500,0,0,0,0,0
2023-05-09,9454ab32956c4a01a727fd3b94ad8bb9,500,0,0,0,0,0
2023-05-09,08134c0761744302a6e7f021bcd894d4,500,0,0,0,0,0
2023-05-09,6878b0ccef14434b8494cf3812e36b09,500,0,0,0,0,0
2023-05-09,68148a79b79b4a16921b8d3c3ca4160a,500,0,0,0,0,0
2023-05-09,95e1b5c201c94e89a81549440be7d7d7,500,0,0,0,0,0
2023-05-09,2f606d60699845508e280b4a4a1f901a,500,0,0,0,0,0
2023-05-09,74e648e63ebc4476adf2a2e8be0a9a65,500,0,0,0,0,0
2023-05-09,3b98604d64a6412795343370ba827d14,500,0,0,0,0,0
2023-05-09,b4544cb177d9401a9cafef9f16d293dc,500,0,0,0,0,0
2023-05-09,b0ad24922c914e7883aa8e2f2d0f6712,500,0,0,0,0,0
2023-05-09,5c9e99791196407bb8f205f771f58e18,500,0,0,0,0,0
2023-05-09,2b03a55deffa451ebe9771aa9414d1e1,500,0,0,0,0,0
2023-05-09,71aeae7cb13f45cab41748e9fc110264,500,0,0,0,0,0
2023-05-09,1d1f241d7410457aaea66e6a17ef558d,500,0,0,0,0,0
2023-05-09,ad328b60ddf6417584acb39eba0c75b1,500,0,0,0,0,0
2023-05-09,be4c815dd61940858f48176484c4162d,500,0,0,0,0,0
2023-05-09,ed4ce95e10e642a08bfe8a765edc2930,500,0,0,0,0,0
2023-05-09,ad06d3fea9894a02b4a934d885c6a45c,500,0,0,0,0,0
2023-05-09,31a9615f2e1d4700a098c5fd15a91024,500,0,0,0,0,0
2023-05-09,e54b5cb674d6442bbbf63d512f320a09,6135,0,0,0,0,0
2023-05-09,cea7111995e84f678d3028bec5379c02,6138,0,0,0,0,0
2023-05-09,a39e0e8858034a878e3f7d9b49f85932,8195,0,0,0,0,0
2023-05-09,3f6375c3cd5d4a65935f5d2f13035926,1294,0,0,0,0,0
2023-05-09,56d73ea0e90f47608501296895999da8,3091,0,0,0,0,0
2023-05-09,8d644cd9912347149e0afb66050db0cf,7723,0,0,0,0,0
2023-05-09,b0bf5165de97413b9e28f2b1f8ff4096,6191,0,0,0,0,0
2023-05-09,33b5b5f1fa2b4640a8e24352736a97bf,1108,0,0,0,0,0
2023-05-09,69e27f69b0c6404c9e344023d2400ecc,6228,0,0,0,0,0
2023-05-09,aa608fce5dfc48d7a7a02db284955841,1117,0,0,0,0,0
2023-05-09,b91eaa63e6c441c093b49c03174c0755,1121,0,0,0,0,0
2023-05-09,abcfd80b925e449dabb249e6340e32fc,100,0,0,0,0,0
2023-05-09,2ddbc73a4a3642a28c79420cd0c516fb,100,0,0,0,0,0
2023-05-09,960f77f2ddee4a51bf1c86f387757b9e,1127,0,0,0,0,0
2023-05-09,f4dcc37d2f804fb6a5e7f83eaac89501,1128,0,0,0,0,0
2023-05-09,4c1d350ffbf74e77b7d10f4121a13d75,6248,0,0,0,0,0
2023-05-09,5b335b2843384ca39f70d3b81d4b5e6d,6511,0,0,0,0,0
2023-05-09,2d2ce0c755a4423daaa6a314254a3e83,6000,0,0,0,0,0
2023-05-09,35c34e0e5a74483c9ae9d2080fd2a679,1145,0,0,0,0,0
2023-05-09,fbb9ebd4007642f4a2318cbdaea47160,6782,0,0,0,0,0
2023-05-09,3ce5dc4bfdbf429d84c4fdd4781f7349,6273,0,0,0,0,0
2023-05-09,831dc0cee0484f6c9c7f3bae38fab642,6274,0,0,0,0,0
2023-05-09,ab5dd7a386e241dfb969d0f264c668a5,8081,0,0,0,0,0
2023-05-09,b1a2d4d1d6d545e19d2e0912891535a6,8090,0,0,0,0,0
2023-05-09,664fd881cdbf44799a979733237d3fdd,2472,0,0,0,0,0
2023-05-09,81a8df6e6cfe4a5d959d6386dd516000,427,0,0,0,0,0
2023-05-09,fd978fe606de47a0be43aecd40cdff81,6572,0,0,0,0,0
2023-05-09,04071930362f406ab87230e63dc1de8e,8108,0,0,0,0,0
2023-05-09,47dd972eda6a43ab9af2fd470975b8eb,8109,0,0,0,0,0
2023-05-09,7d12bc4f476e4526b3d51a6e970af4b8,8112,0,0,0,0,0
2023-05-09,e6847d5287a54f6c8158b88ca039ce33,8122,0,0,0,0,0
2023-05-09,9196b57eb572402ca05dd55fecc73f0c,8127,0,0,0,0,0
2023-05-09,8d079bb004934b009e3ad0c4905c430f,6100,0,0,0,0,0
2023-05-09,91880675bd6d4b9bbc61c8f31dd6d8ed,6104,0,0,0,0,0
2023-05-09,edf69d50a8dc425c83181ebb9f51e926,6108,0,0,0,0,0
2023-05-09,8054f25c5f784819b19987bb4926b551,6371,0,0,0,0,0
2023-05-09,ee0f56ddbbdc4cc2b45d6265c17343c6,6117,0,0,0,0,0
2023-05-09,23e1b5ef36f743ee97dd0ccb3e38093b,1000,0,0,0,0,0
2023-05-09,290bb2dce9f0494d9cff38e55362a4c4,1000,0,0,0,0,0
2023-05-09,1fa2759cdc534e10b09dd2c9bd8fa76c,1000,0,0,0,0,0
2023-05-09,26562b45c4b74973a5732b9215df2e47,1000,0,0,0,0,0
2023-05-09,65f9c7ec985b4ca6b16325a1ce56acb3,1000,0,0,0,0,0
2023-05-09,50a558e8b8ab474b8e55c8b8edf7ab97,1000,0,0,0,0,0
2023-05-09,e4d8903e60904ac0be243c38c11bdefe,1000,0,0,0,0,0
2023-05-09,ee109dc4cbcf44fea8521fbdb9dc361a,1000,0,0,0,0,0
2023-05-09,e892a2e6bb9e43e28db835d3c626f0ee,1000,0,0,0,0,0
2023-05-09,999718f6e4eb44c19951a01a43fdca5c,1000,0,0,0,0,0
2023-05-09,2ffb3938e89e4fa6b170bbf9b998755d,1000,0,0,0,0,0
2023-05-09,8dcd877c650b460da2edfaa5aa50ddc7,1000,0,0,0,0,0
2023-05-09,770ff2d46b954840b8e06cb365939066,1000,0,0,0,0,0
2023-05-09,cc07585e35cf4d249ff9cac6cfafa616,1000,0,0,0,0,0
2023-05-09,e6173e04f48a4b3bb15d762db92edfeb,1000,0,0,0,0,0
2023-05-09,4971a528f4504b9b87d7b5dc0d8019fc,1000,0,0,0,0,0
2023-05-09,f0484df770944016a59e5e104e8cff3c,1000,0,0,0,0,0
2023-05-09,056b6381180d4d73ab13971a1fb09f6c,1000,0,0,0,0,0
2023-05-09,b84b0343542643268fad5208fb24425d,1000,0,0,0,0,0
2023-05-09,57851c87696548cca478f2ef1ea276c5,6122,0,0,0,0,0
2023-05-09,20f22f6d0fb7471ea3392bb96ebc917e,500,0,0,0,0,0
2023-05-09,4926a4ca0db74b5bae391af45c0f0d8b,500,0,0,0,0,0
2023-05-09,e94e5a90fc0a451198c0cb3a001e9974,500,0,0,0,0,0
2023-05-09,13c3712fb0274ccab59a691fd97ffd0e,500,0,0,0,0,0
2023-05-09,ce8fd0860e334d39b7cc4120a46671a9,500,0,0,0,0,0
2023-05-09,fa8a37862e86461192e6aa8ad4267f98,500,0,0,0,0,0
2023-05-09,743806aff0e048b6a6e19295d2002feb,500,0,0,0,0,0
2023-05-09,3e4fdf524d3a4ef0b65baf5f3b1705b3,500,0,0,0,0,0
2023-05-09,6a015a9028394d838a979a3c9824417e,500,0,0,0,0,0
2023-05-09,a648952e85d64a339af1421753c131a6,500,0,0,0,0,0
2023-05-09,98531ffcb8144798a5ac20a24d527cdd,500,0,0,0,0,0
2023-05-09,7d60dcfdd58147ffb817a476cfa3d248,500,0,0,0,0,0
2023-05-09,b6b0bd7bf74448999a78b49a86d2987c,6391,0,0,0,0,0
2023-05-09,d7ad9184b73e42dc9c018a95ab0292b8,6137,0,0,0,0,0
2023-05-09,872ea4699bcd491187f7698bbbed419e,6142,0,0,0,0,0
2023-05-09,ee6cbdf08fc04153b84b04b6cdc920d6,6408,0,0,0,0,0
2023-05-09,f0158b515768490c9a165ff1d7007bd9,8468,150,8618,0,0,0
2023-05-09,303268cbe28c401cbcbe3edd10a3f881,6459,0,0,0,0,0
2023-05-09,6d6f9a9b04e0453095137a553599885b,6206,0,0,0,0,0
2023-05-09,b336f163fb414a77ac04c530bf0d135d,8268,0,0,0,0,0
2023-05-09,2dec949a354f42f98d3cc4de5c175c01,1109,0,1109,0,0,0
2023-05-09,feb6eca9872d48e89fc740ec3be6c532,1112,0,0,0,0,0
2023-05-09,5f1359b611ef43d0b4e982959df972bd,1115,0,0,0,0,0
2023-05-09,f6c510335b1c46929d10bb6ede533d5c,1116,0,0,0,0,0
2023-05-09,85c4f64de40f4b2d8cfd0403de65beb1,6240,0,6240,0,0,0
2023-05-09,dd5bc129c76f4910a0e4148ff30aba70,100,0,0,0,0,0
2023-05-09,04e94d5708d64724a2cfd8a3afbeb8e3,100,0,0,0,0,0
2023-05-09,420bfba63f764ab79b2178957ef8a02c,100,0,0,0,0,0
2023-05-09,9154ad0308e245109d137fd14937ec6f,1126,0,0,0,0,0
2023-05-09,fdb73aa535d344718f6770f41bd830da,1131,0,0,0,0,0
2023-05-09,e9cf2b497e4247d6a5891d9a3dd9519b,1133,0,0,0,0,0
2023-05-09,d08d2e7e5c64411691ab33cc3a583225,114,0,0,0,0,0
2023-05-09,cd4b04f5e0814623ad7d681de8f3a982,6259,0,0,0,0,0
2023-05-09,0e12c0a3ec7546c1b11269458f149a05,1143,0,0,0,0,0
2023-05-09,f3c846dae6b24ed08b237e4cba7c1521,6268,0,0,0,0,0
2023-05-09,5a71ba792ab24c1d9dc11c9c07211c16,8072,0,0,0,0,0
2023-05-09,b0432641b3774afca1e6e7242eed6bd0,3213,0,0,0,0,0
2023-05-09,a5a43961244546dea1f9e9d16e1b507c,6550,0,0,0,0,0
2023-05-09,bce0ec43342844589112272b5c96617d,5800,0,0,0,0,0
2023-05-09,ae33474823a649a08d7009be77ea8dcb,4272,0,0,0,0,0
2023-05-09,f2b785e8b4234f02b4ab2b85350a8ffe,6334,0,0,0,0,0
2023-05-09,e49851eb349f40c0ac82277b905ab9df,8134,0,0,0,0,0
2023-05-09,da84de890f41454d98677502da1fd856,209,0,0,0,0,0
2023-05-09,d17003f0c17e4221b3492b35ebdfb87a,6100,0,0,0,0,0
2023-05-09,641bb7e09c74446cbc2f16a25b9abc8b,6102,0,0,0,0,0
2023-05-09,ecc2e2fe07984026973dd07a2e1b6b71,6870,0,0,0,0,0
2023-05-09,966f212cdb6b460e92aa154e51c1a5c1,8406,0,0,0,0,0
2023-05-09,40b5dd8a29d343fe945e291f1b2e5484,6104,0,0,0,0,0
2023-05-09,806a525bc4f94aa987a517e67743843d,1242,0,0,0,0,0
2023-05-09,474bf4011d31485e8cc098f3b3788a71,6107,0,0,0,0,0
2023-05-09,15c37c7dbe144ddb8a1eaf31c536af40,6118,0,0,0,0,0
