dt,user_id,dice_id,dice_grade,dice_level
2023-05-24,c9a7bf8637054098a5abf17850c945a6,130002,일반,5
2023-05-24,2fd06ceac4e9473bb69ba66f8fea3181,130002,일반,5
2023-05-24,22dcf885aaa74d6abe6f3b169cfa2127,130002,일반,5
2023-05-24,eb54de2d36224582a2358a3d21732c6a,130002,일반,5
2023-05-24,28a102294162487cb0cac8fe28abdbae,130002,일반,5
2023-05-24,6ff2aeb1ea644933a4fdd7af6158ad0f,130002,일반,5
2023-05-24,a062fb9f693e4fb880635bcc08d43281,130002,일반,5
2023-05-24,2baf2b36a6c344e1bf76081a71503e05,130002,일반,5
2023-05-24,51d152e1c3b74fbdba372c509fe02f36,130002,일반,5
2023-05-24,17dea2ab786343029330eb19ab079505,130002,일반,5
2023-05-24,01914c6f1b394161b4d9a0ed3903af23,130002,일반,5
2023-05-24,ff39e49fd65f4d56833c493503d70245,130002,일반,5
2023-05-24,df1720c0258c4f7bb9aaf57c17b4b6ec,130002,일반,5
2023-05-24,9d5266c540c5434eb1344174e9381b48,130002,일반,5
2023-05-24,d8d655d339404082bfd9ef6dfa7df334,130002,일반,5
2023-05-24,35da6a1c52364629a55c4611bf9c8b34,130002,일반,5
2023-05-24,9bf68e24c413482fa2edccadb61d1618,130002,일반,5
2023-05-24,c98d6ecf23184b1db562208f64cadc5c,130002,일반,5
2023-05-24,ea78db696e4d4e6db3e6f52a3599bf60,130002,일반,5
2023-05-24,0ab2ba92f3144c11b55e29537358cdad,130002,일반,5
2023-05-24,2e0aa8544e564bab8b9ee7730a891d8d,130002,일반,5
2023-05-24,a704d9b7905348eb92751de653072e09,130002,일반,5
2023-05-24,ec06e4eae86d45ac9f4abe08d06376e9,130002,일반,5
2023-05-24,d551e3f634cc46c3994cc2cd2bf9f65b,130002,일반,5
2023-05-24,08fdb88beac348d18b03020b7baeb0e5,130002,일반,5
2023-05-24,3b6ce07419054033829678a89bc3a209,130002,일반,5
2023-05-24,632ab38ddef74c5691cd7920b5531500,130002,일반,5
2023-05-24,d6b4e1ea8706454c935fb5238893339c,130002,일반,5
2023-05-24,f9a22c3184174c8e856ee94d1ea7f5eb,130002,일반,5
2023-05-24,cf0c31b080184d3cb17384ebac2971cc,130002,일반,5
2023-05-24,09b7649c7c7549bd8c6179e97ff61493,130002,일반,5
2023-05-24,c59f1a25c65c41cb96a0f38ab84294c3,130002,일반,5
2023-05-24,14fcfd9129e24da5a836a29696737b74,130002,일반,5
2023-05-24,0bf34bf624b343e4b82b715e11ca3d42,130002,일반,5
2023-05-24,8c6548f6feec46b6b4b76a3dbc831831,130002,일반,5
2023-05-24,305820d9ba204553aac1a683405ef07a,130002,일반,5
2023-05-24,29b1cbbeaa0f43b8821aed112ad546f0,130002,일반,5
2023-05-24,daabf2dc39784112954dc45c3ffd6a19,130002,일반,5
2023-05-24,f3ff44393bfa4a2796c83d9ef7ff28f4,130002,일반,5
2023-05-24,4114e93046eb4b2e8faf03252b67e9ae,130002,일반,5
2023-05-24,b44f358ff3294b298495ab42bec69a99,130002,일반,5
2023-05-24,0856bb3b313347ae8df99ebf291403c6,130002,일반,5
2023-05-24,017f9d6149394e879ff1d9586d690274,130002,일반,5
2023-05-24,fb5e156b3a8142ffb15a42cf8f388966,130002,일반,5
2023-05-24,e040dc99da8144a6b4c4d6739fabd2f7,130002,일반,5
2023-05-24,14837f20b3da4dc68647a901fad1b9e9,130002,일반,5
2023-05-24,588c3d0ee52d4a008f90b29f1d3b5238,130002,일반,5
2023-05-24,00ee5796e9bd429c83554d019f19f5db,130002,일반,5
2023-05-24,0d415a3d3f6b400a8e90f4cdc0137bb8,130002,일반,5
2023-05-24,14fd347126ce4406b3800dce7a458e8e,130002,일반,5
2023-05-24,9cb3944a1a4b497c970bec4e10bebb0f,130002,일반,5
2023-05-24,31bf5838c4e84a2996575adb328ca48e,130002,일반,5
2023-05-24,7e68e67062ef4289ab2029e5ecca2055,130002,일반,6
2023-05-24,56a85653e7e1444d810b8457d6df3f7a,130002,일반,6
2023-05-24,7aa5a0e76c1643db902d5f7170ce456f,130002,일반,6
2023-05-24,396649ababa2481aa1f66ee49445c422,130002,일반,6
2023-05-24,6e1e63dff8274c3e862c4cb35f0acae1,130002,일반,6
2023-05-24,0ef983e5a82547748f9efe5491d1ce2b,130002,일반,6
2023-05-24,547a130ae1734866b94e165e0640e309,130002,일반,6
2023-05-24,51ccc664c5e44f84b1175c4e675e50e5,130002,일반,6
2023-05-24,9926f4f40ab942f2b16b2564c14994cc,130002,일반,6
2023-05-24,9259f3fa1ac84535b2dd042a6e80c501,130002,일반,6
2023-05-24,08b2fca5f8a94e29a8c6aee3bb92e50e,130002,일반,6
2023-05-24,3de5adc032c04013b9d83d2e3c5f4a4e,130002,일반,6
2023-05-24,636cc5aa0449494db975f1e9745bc457,130002,일반,6
2023-05-24,d58602f5c79745ec9de38caa1e034992,130002,일반,6
2023-05-24,9808147ab5874b08a8b0980badd98a97,130002,일반,6
2023-05-24,4e451848fa584ce7bedd47078ee23de8,130002,일반,6
2023-05-24,b22cff4d7b894355bebfd7a8bbebe749,130002,일반,6
2023-05-24,0c54d8c1dfea4ddf9dc362fef00d9627,130002,일반,6
2023-05-24,851e3ab77ac748db8afb9a42e6bb0a16,130002,일반,6
2023-05-24,ec867f24cd0746a6a6061aba79e673be,130002,일반,6
2023-05-24,51ae3ce7f255438fbe409d3633160251,130002,일반,6
2023-05-24,0fc86c41f46b4e3495c9cc3d8444fee1,130002,일반,6
2023-05-24,b1f64c1263cd457ca4146881764ce42a,130002,일반,6
2023-05-24,f2a809a7af8f4f9e9368607415b2f23b,130002,일반,6
2023-05-24,d90e2d9cef1a41deb85d407f5bac154c,130002,일반,6
2023-05-24,4b2fac8e0817475c8acee58d2f8167bb,130002,일반,6
2023-05-24,fa7891ad4fe64839b5a4076723b5acff,130002,일반,6
2023-05-24,e2fc8bd5ff844409994e0ffa385acb2a,130002,일반,6
2023-05-24,0cad154ce97f4754acc5d2ae4883a3f2,130002,일반,6
2023-05-24,d296bdd448ab4e0892a409d28bbaa05a,130002,일반,6
2023-05-24,08e21ec23b514c0190ebf96f6ec101bd,130002,일반,6
2023-05-24,726e043b46ad4ba29713d82a0a17721e,130002,일반,6
2023-05-24,2e98c3f3f3ac4419b8eea92ecfba9828,130002,일반,6
2023-05-24,a691d68de7094820ba4092a139e72771,130002,일반,6
2023-05-24,7d882e31d4a840bb856e2a410e926aaf,130002,일반,6
2023-05-24,2e5e4f72d61a42e19749ce6ad64333a4,130002,일반,6
2023-05-24,e0bec7b7a1214c86bb6d7bd94da81d5b,130002,일반,6
2023-05-24,4c70020bb82148c4a4f4bd114e169c85,130002,일반,6
2023-05-24,ada86375eaa9478d9de849859d0fa4b6,130002,일반,6
2023-05-24,269832bf0abe4d97b4aa65de5575d1fc,130002,일반,6
2023-05-24,3adc5899b1fa4ba79562a98042ee911c,130002,일반,6
2023-05-24,2dedcbae6cb24849a4da45d4552fb4fc,130002,일반,6
2023-05-24,fddb6023f67047509c83a44e4ef893c4,130002,일반,6
2023-05-24,3cae64ef9b2944f2a038fc6d4d315773,130002,일반,6
2023-05-24,2fea554faa1b44ffa5df70db14d49096,130002,일반,6
2023-05-24,c155cf3c28074eb1a8313f8d37b95cc7,130002,일반,6
2023-05-24,ee65fbd2b369443988104047b68b32ae,130002,일반,7
2023-05-24,e81c708dd3324f36b966ed3ede422bda,130002,일반,7
2023-05-24,a5a0c500be234ae486f30ce1d762772e,130002,일반,7
2023-05-24,c5380cb532e04216a8f46c0d0ab1a48b,130002,일반,7
2023-05-24,6292ed0be66d4f53b425e3b0b0cf29ba,130002,일반,7
2023-05-24,6cd4ec76da674bc9afa5c660cd910a1f,130002,일반,7
2023-05-24,61a05f1d77ca4c899efb7aaeffadedd1,130002,일반,7
2023-05-24,25ddea8c8f344e2e9e053ea2806eafa8,130002,일반,7
2023-05-24,904c31c3392b4f9ea0db3acfe0eb1f66,130002,일반,7
2023-05-24,af5b94c735514a25887ee9bdfb5d6f00,130002,일반,7
2023-05-24,2b9f8b37865f4a8995787210e789bc0c,130002,일반,7
2023-05-24,e341d00ef4c34bd8980042cff91562ed,130002,일반,7
2023-05-24,748031d30ea24680bb47565d47ba1433,130002,일반,7
2023-05-24,7d4105b8c42f4d18b4502092e353d468,130002,일반,7
2023-05-24,398bbfa57943442a94da5746a17e2c00,130002,일반,8
2023-05-24,638d57126b4343f0841e3e8dadb5cc20,130002,일반,8
2023-05-24,041789ecf1324c468ddb1d0a866d5019,130002,일반,8
2023-05-24,5f7e6b3916d84c688f1359af834874a3,130002,일반,8
2023-05-24,7aeb551c58174e159bfe53abe3d46ebe,130002,일반,8
2023-05-18,e11b8279e1c940dc8997f103b5cdd59e,130003,일반,4
2023-05-18,0d738898a0674106aeb3a85d57c65c4b,130003,일반,4
2023-05-18,b7a260b8839f4305a4031120e31c05ba,130003,일반,4
2023-05-18,fa931ecf5f96447faee66cc00cf5fc8e,130003,일반,4
2023-05-18,5271ed9f5d46492db019029be1a676e0,130003,일반,4
2023-05-18,7a512d206a49463d9676523c856bdcbf,130003,일반,4
2023-05-18,0ace71659f394fdd85c492835f695c54,130003,일반,4
2023-05-18,1ccd31c35a65412d896c267756d7eb21,130003,일반,4
2023-05-18,8993bf1f5afc47148dcdc687deee9eb5,130003,일반,4
2023-05-18,7f5aba1907ba49d287d497e6bb0cb5db,130003,일반,4
2023-05-18,ccfa5c1fd0df4f5d9afe4ef9dbc5c7de,130003,일반,4
2023-05-18,822e8b4b2bfd4538b65ef7a651ae2e03,130003,일반,4
2023-05-18,0f40d16e21244bf395e20aff190e8a7d,130003,일반,4
2023-05-18,fad23e1f476e4000b4ba3e069ada81c6,130003,일반,4
2023-05-18,ae80cf0d69a64844b73be651c328216e,130003,일반,4
2023-05-18,efb129a6514a437981cb973e7745a033,130003,일반,4
2023-05-18,52ef377b974e493da71c7635c884682a,130003,일반,4
2023-05-18,193257e76d9b457ab911f29a901f6648,130003,일반,4
2023-05-18,471e8a25c2804c6086469a73657829d2,130003,일반,4
2023-05-18,d766c3dad88240b7bdaa816f85ca31f1,130003,일반,4
2023-05-18,0847ebcddafa45cea17b098b534acd37,130003,일반,4
2023-05-18,f6a1c32ddcd64b049a9bcd89bb967716,130003,일반,4
2023-05-18,1eacbf591e9a4290949c0fa56caea443,130003,일반,4
2023-05-18,6d1b16446fc84c59b0371edaea8f044c,130003,일반,4
2023-05-18,7154eb6a523d480e8470b7325896d1f7,130003,일반,4
2023-05-18,9183668dad2e449bae7d25f3eefdb116,130003,일반,4
2023-05-18,b1f50fd81ebd4af1bfb83411185a277e,130003,일반,4
2023-05-18,004d77227f49420fa5ba50c1cc787a6e,130003,일반,4
2023-05-18,bd759408d8d040a195c324612f931e15,130003,일반,5
2023-05-18,2806bfe30f1548b3a08dca328eddd7a8,130003,일반,5
2023-05-18,8d1ee6d2a86243e98d8b21f149cd069b,130003,일반,5
2023-05-18,4590dd97207b4c13b4bf7d7328376431,130003,일반,5
2023-05-18,d6cccf8af78544a7bdd050cb67ae4f4a,130003,일반,5
2023-05-18,22c65690fc0441ce8b26fc9b1d898ca1,130003,일반,5
2023-05-18,465a68cfed2b4eab8e309a232872b937,130003,일반,5
2023-05-18,17140ac31bc6422f80b02ceb181a7257,130003,일반,5
2023-05-18,5a77f3e7bc174c35934bcd07d3b76adb,130003,일반,5
2023-05-18,724434872b30435490397a0938486be5,130003,일반,5
2023-05-18,0e77e94f81464df6bbbf92b0fda1b788,130003,일반,5
2023-05-18,b6526cb0f8e74fc2b331a520f51cf8f7,130003,일반,5
2023-05-18,3482d28e54fe43b19a1343b598548520,130003,일반,5
2023-05-18,35d7b783f90a4ac1b5692ed9ba4c9e42,130003,일반,5
2023-05-18,01d07df986d54c11b8387595494c357f,130003,일반,5
2023-05-18,13846c685eaa49d9bcded02391eda672,130003,일반,5
2023-05-18,cb8fa9efb066401f84eb3b19e9596cde,130003,일반,5
2023-05-18,ae83765c16264374a0e9382c5c0fea7f,130003,일반,5
2023-05-18,28cc4c0a16154ebfbf8d49c5455941c8,130003,일반,5
2023-05-18,ebe9ba67da62419a9edef0ed88e4dd0f,130003,일반,5
2023-05-18,7ad17dc466fa4e02be5db840482ee70c,130003,일반,5
2023-05-18,cafa38a87a4b428e8885c431476461a9,130003,일반,5
2023-05-18,c451f01ec0554220a75632cb0c261504,130003,일반,5
2023-05-18,4129df3642bf497db327d5cdee1f51b5,130003,일반,5
2023-05-18,87334f3c9d7c405896d9f0331ace5ffc,130003,일반,5
2023-05-18,5b708df1b6b0417db8b43e2dbaa2322c,130003,일반,5
2023-05-18,323ec6730392448e96da131430f8b75f,130003,일반,5
2023-05-18,fa0db82132874e0cbe9e95cc1e9413b6,130003,일반,5
2023-05-18,51eec4bbc72246beb4b1375a3cb62038,130003,일반,5
2023-05-18,7777643c4a6a41ac99a071f433cc4b94,130003,일반,5
2023-05-18,935c1ca0f59542f0a5cdd33e8d5a583f,130003,일반,5
2023-05-18,09237dd4fa934fcc804ebd8118b647df,130003,일반,5
2023-05-18,741cf08d9ba249c493f0b41359dab7f1,130003,일반,6
2023-05-18,77dae92d8676419eb7e3df8fe01563ca,130003,일반,6
2023-05-18,c80dbb943b814b86b66cadd36e28d5a7,130003,일반,6
2023-05-18,65d6d80ea0ca4a4fb3071f574a99b2d8,130003,일반,6
2023-05-18,98d46a4d58df41179aa6193a202cbfb7,130003,일반,6
2023-05-18,ae51eb67d76344f2b4eca33088321a56,130003,일반,6
2023-05-18,9adffadeaf294f4590e28e90c462374e,130003,일반,6
2023-05-18,127286a2b5d8446490b228f895ce54cc,130003,일반,6
2023-05-18,e7c49981560947048bb688bcd62cabf9,130003,일반,6
2023-05-18,2553126974004db4ba04cee672ee7a6f,130003,일반,6
2023-05-18,aaa66907b221402cbfab597402e4e47c,130003,일반,6
2023-05-18,de531c37f02646f785b5bcd68eaa67e8,130003,일반,6
2023-05-18,0eed5124a2484f428a278f6ee84d266b,130003,일반,6
2023-05-18,ac66f8b1b6ba4e3e8d8a8ae6b28a98a4,130003,일반,6
2023-05-18,1dadfd55ad564a1e94d0b792fe656b7e,130003,일반,6
2023-05-18,433fa2cddeac4dd592700838eeae72b7,130003,일반,6
2023-05-18,d61871c360af4177abbb437545f24e84,130003,일반,6
2023-05-18,76721d4d5cba433b9c990dc198fc63b2,130003,일반,6
2023-05-18,d399c64bc78e4512b9494776b45d1b10,130003,일반,6
2023-05-18,62bbbf8d34e04fbb917d4ec4cb7b05f2,130003,일반,6
2023-05-18,ba9d7d9dc8914b189fa54dc7642499f3,130003,일반,6
2023-05-18,8d907f73d51f4be68396be0cd5041de1,130003,일반,6
2023-05-18,85bb9f91a35c4549a67a7c1c441cde67,130003,일반,6
2023-05-18,fe8a22024d8641cea23fb24294e5dbd8,130003,일반,6
2023-05-18,869e553f109e47caa8af62d9ae211422,130003,일반,7
2023-05-18,54e145c0bcf7485eb68d082a128e0a7a,130003,일반,7
2023-05-18,33ee2b3dcba54f90b938bb8a63f9d106,130003,일반,7
2023-05-18,cafd04bb53fe440ea9dd9c8a8065e6c1,130003,일반,7
2023-05-18,b34ee471e08f499db1d68914f2f1c947,130003,일반,7
2023-05-18,559c1b7bf69f4d69bc97027d3637452a,130003,일반,7
2023-05-18,95c27ee0400b4436bc10b5c42d3c8050,130003,일반,8
2023-05-18,ecc1afcdfd0d47a9864709e1bdb56349,130003,일반,8
2023-05-12,58643eb05a4c4a078c43c31c076810c1,130015,희귀,5
2023-05-12,8a803a664c08495e9f63bfac085954d2,130015,희귀,5
2023-05-12,838dff68257b455abeece34e7d86e397,130015,희귀,5
2023-05-12,f044c6195e2c4b318b0e52a13bf7ca09,130015,희귀,5
2023-05-12,214e9091855443699bb38ed6f5812802,130015,희귀,5
2023-05-12,e2da1c71b0ef4c869f3d98fbe8796f5f,130015,희귀,5
2023-05-12,aea9fb278f904bc39d661815a71e3ef1,130015,희귀,5
2023-05-12,5efa033b74e34bb1b8a1cc777ecbd4b8,130013,희귀,6
2023-05-12,d2d9f3dca5074dcea9db67a847b0e7e7,130013,희귀,6
2023-05-12,1cc73b6229c04e21a58881920a825392,130013,희귀,6
2023-05-12,23b92508eff1452ca884e6c37a0b063c,130013,희귀,6
2023-05-12,4bda4bc065f54012814d1dcfef6314ef,130013,희귀,6
2023-05-12,ddb2db161d1b439ab2e168f7981f76e6,130013,희귀,6
2023-05-12,5291600bf7fe481ab8c254fa31b8ca27,130013,희귀,6
2023-05-12,08cf7eca85ff4dafabb2001f109eb86c,130013,희귀,6
2023-05-12,8888f041ea2c459a801a25b6f0b7c360,130014,희귀,6
2023-05-12,20308930a11e4227b1e2c420dda1fa6e,130014,희귀,6
2023-05-12,c439516cee6a44fa941d4694e68b9a08,130014,희귀,6
2023-05-12,292905cde15c4c0597729185dfa81294,130014,희귀,6
2023-05-12,bd88682b0cfe44f58b7c5524d0bb525e,130014,희귀,6
2023-05-12,0f9c8197396b4ef286247037576e8b78,130014,희귀,6
2023-05-12,4816613ffef445dfb0a89b26bd131bc0,130015,희귀,6
2023-05-12,2d867684bf854fdea963290c37e0fc8c,130015,희귀,6
2023-05-12,f7d3b33e5caa4c72bf7e026b5d5a2841,130015,희귀,6
2023-05-12,98aac4f363d7475ab02e51212590d7da,130015,희귀,6
2023-05-12,0e286ffb3d884ce091dba8a48cabc90e,130015,희귀,6
2023-05-12,7eccb9d14aa040888c945b58f44ae844,130015,희귀,6
2023-05-12,10d3c348fc284f3180ccf1a983a03935,130015,희귀,6
2023-05-12,c704c9802f11440188b97ad504211015,130015,희귀,6
2023-05-12,71222729f7084c2f95aa6c1650589336,130015,희귀,6
2023-05-12,09c218991c3949e1a14ffb7dca7432cd,130015,희귀,6
2023-05-12,417b0d85366b4cb584a8937206bdedb5,130015,희귀,6
2023-05-12,238bea856baa4d7494e56d7b4204559a,130013,희귀,7
2023-05-12,c3c2d5419ddc46b7927711476f20458c,130013,희귀,7
2023-05-12,8fbc3b35d6ca4b6099bacc260c3229fa,130013,희귀,7
2023-05-12,c9b3f208ce4e4f7eb903610e95b8bbb1,130013,희귀,7
2023-05-12,dcdf74370760427185836e8ca5df0842,130013,희귀,7
2023-05-12,50d8f5b1b7e64f5fb850b55750e02ea4,130015,희귀,7
2023-05-12,ca740d517cb24e39bd3191064d0e83c2,130015,희귀,7
2023-05-12,7b490c433da54efe85407e5dcb7e18ad,130015,희귀,7
2023-05-12,a264337c923544ef9789b2b9dc49c9cd,130015,희귀,7
2023-05-12,1472121dcde149b0830016df690d1065,130013,희귀,8
2023-05-12,baab30398ea345ac9749170741f8c2e1,130015,희귀,8
2023-05-12,88fa37d8da8540f1af9a60f1a0114e51,130015,희귀,9
2023-05-11,939125cb870c426b9b4bb34e23d3d22e,130028,전설,7
2023-05-11,7215e680a03d48949b15d224528cbb9a,130028,전설,7
2023-05-11,5e6f65d6db5343a9b569ee34c909ef76,130028,전설,7
2023-05-11,07f63d5c4c3a443baffed379da70f398,130028,전설,7
2023-05-11,af005a5de73e403eb3808e1558ab890f,130028,전설,7
2023-05-11,b3b699c6425344bdbda7c8432c1efef2,130028,전설,7
2023-05-11,b1cc0ee832fd4c5c869bcbc365218f09,130028,전설,7
2023-05-11,792602305b764ee68851311c898e2399,130028,전설,7
2023-05-11,7900302dfd5d4e23ba2c0ddb1a14b1bf,130028,전설,7
2023-05-11,efaaa4e1514a4af3adbbdfd8c8499c0a,130028,전설,7
2023-05-11,89125eef229f4f5bbd58082ac95277be,130028,전설,7
2023-05-11,ac0f13b77b774107a2da1df7c171d4c9,130028,전설,7
2023-05-11,c75ab3c9dcbb44668d8452056449bf83,130028,전설,7
2023-05-11,48dfb9b9b45a45e695a57edbcc5bf5dc,130028,전설,7
2023-05-11,701b61ffaae14af194242113e0b4b7cb,130028,전설,7
2023-05-11,4b821364e5ab418f94ae92781e1ec06b,130028,전설,7
2023-05-11,c1c89dc1997040d08116328874981df9,130028,전설,7
2023-05-11,7f3b684ea99f4435b95516cc79721fc8,130028,전설,7
2023-05-11,d9c1d46d1c68457696ff7c00329d6a76,130028,전설,7
2023-05-11,03476ceaf9354213a7e64bc32e5a9a06,130028,전설,7
2023-05-11,3c66eeca1e5f4527b8deef9380e9f410,130028,전설,7
2023-05-11,8142e184483f4dd0a2d6e6a9466580e4,130028,전설,7
2023-05-11,976989b2521843768ae72bd780831b29,130028,전설,7
2023-05-11,f9305dc8a7c841b2831d618c008eebe4,130028,전설,7
2023-05-11,c8524afc4d6e489d9e3b3c46235349f7,130028,전설,7
2023-05-11,1eea236eee834239a3ab66d80a427f2f,130028,전설,7
2023-05-11,b8b9589cbb124bec9924fb41d96099f6,130028,전설,7
2023-05-11,d466a6f565a340beba808b2ae8617f15,130028,전설,7
2023-05-11,e94158063a0644529ff825d478354487,130028,전설,7
2023-05-11,15a8d49a297f47faa9d7ed06057815a7,130028,전설,7
2023-05-11,2d5dbd8a41d145f0b826fdbb818053e0,130028,전설,7
2023-05-11,138fc23746ea4787b1441e374767b884,130028,전설,7
2023-05-11,2e1786c3e91a430ea49e85b6c358fb8f,130028,전설,7
2023-05-11,7eef7689957f487c88ab9d6624a7bfa7,130028,전설,7
2023-05-11,fefbe0162dd745ee80a6740a9ae2ae28,130028,전설,7
2023-05-11,828829bba74e4180b51043b72b8c86ac,130028,전설,7
2023-05-11,4f5ae7fa977c4b0ab923c97f67a0b9a9,130028,전설,7
2023-05-11,816a82fb4c434312873202c56341404f,130028,전설,7
2023-05-11,7349f9e9009249148f9c514a6d810df1,130028,전설,7
2023-05-11,cbdf75ee39dc43e08a47080735f7b1e0,130028,전설,7
2023-05-11,dca1f0374594476bbcd558acaf629d85,130028,전설,7
2023-05-11,0b6c47f31f6943caa1e77fc8f9cfa9b3,130028,전설,7
2023-05-11,d8dfb0e613644811b4063b685792ef63,130028,전설,7
2023-05-11,0c32f32659744d02ab4af327095f9420,130028,전설,7
2023-05-11,bca227b21cc1458eba23b0e3cd1d4ddf,130028,전설,7
2023-05-11,bbe5cf075f574b6ca4220535ef4e7725,130028,전설,7
2023-05-11,5796cb9d85594e018c16b3affa9f31e4,130028,전설,7
2023-05-11,e0b0249411bf4123922eb6c0da41bca3,130028,전설,7
2023-05-11,77300e3be02547d0b79840c08dc70b1f,130028,전설,7
2023-05-11,72801b5ab2894ee3b37c2c966653c1c9,130028,전설,7
2023-05-11,6db7ece220a04500bf7e840419b4b366,130028,전설,7
2023-05-11,e0416102040f4e17a0491f2f5d7c23d1,130028,전설,7
2023-05-11,8696ac633ae3408688a8f7bca5cb0e2a,130028,전설,7
2023-05-11,50b9914d85f64555a9bbaef461b04ce3,130028,전설,7
2023-05-11,b39a8df1101547c6a35573ce181831eb,130028,전설,7
2023-05-11,9eb8fa84610d4b75a2109e561ca343d7,130028,전설,7
2023-05-11,bce651de32ca480e8d1af316796c73b5,130028,전설,7
2023-05-11,ca3f0ed769c044c6bb362b49fb210e9c,130028,전설,7
2023-05-11,821a6e12034442a8aa78ade1e58dbf07,130028,전설,7
2023-05-11,1ca63d0a76c741e0b4325980a9db4861,130028,전설,7
2023-05-11,038377334ce84747ba94fc8c44f60804,130028,전설,7
2023-05-11,866c3e70123d47d0b12e50d6ac89eb2d,130028,전설,7
2023-05-11,b8c3c974e13c4340bfa8e0b8649219df,130028,전설,7
2023-05-11,d6c8cdf5def04d03982464fb2c6d7946,130028,전설,7
2023-05-11,76248226d1bf45a09a876bb05cd06bd6,130029,희귀,7
2023-05-11,8feb6c80b21e45f3ac02e644ef42b60e,130029,희귀,7
2023-05-11,d8d588d681644766a7191f317d7e4df8,130023,영웅,8
2023-05-11,b9f266b153e14e19a95741d243fa0a69,130023,영웅,8
2023-05-11,46f969bf719d42dd898ffb4c0b0533b0,130023,영웅,8
2023-05-11,a69260300fb74bc081d5c7af6b864d89,130023,영웅,8
2023-05-11,3f8affa252624724837e371558a82833,130023,영웅,8
2023-05-11,9874ada59c2b4ca28dcc9b68ce2ac7d5,130023,영웅,8
2023-05-11,ed398635cf944c7fa1dffbbddd5ad1c4,130023,영웅,8
2023-05-11,1fd5403560d644c0ba8c3f53483bc935,130024,영웅,8
2023-05-11,884265b6658846aaa065b30daba6ff75,130024,영웅,8
2023-05-11,93c81339648d4625bb3d85d17ec298a6,130024,영웅,8
2023-05-11,1034456fce494c719ec5eb23431e8d70,130024,영웅,8
2023-05-11,ac5ebef1d07344b7ae9752abbb4319ea,130024,영웅,8
2023-05-11,c98965d1cebf47b3919a58942156b0be,130025,전설,8
2023-05-11,3f38d12b36ca4118a3dacf4e6085e727,130025,전설,8
2023-05-11,efa678efc85a4575ac6d73fcc049ed5e,130025,전설,8
2023-05-11,90c23ebd79d44086b5bb180c6edb0190,130025,전설,8
2023-05-11,ca1d69ecc5e64b478ecf976939a6498c,130025,전설,8
2023-05-11,147ac2b42e554cafb2fad2f4c9edfea2,130026,전설,8
2023-05-11,34ed2eb4159d4e4ca619899b0bc0fbca,130026,전설,8
2023-05-11,b9fd8f76f4e24e9d85442d3d52c9ea9f,130026,전설,8
2023-05-11,b5ea5dc586ce442db52e2c3daf4738c8,130026,전설,8
2023-05-11,2115bebde87e48359d6f1521e6833552,130026,전설,8
2023-05-11,03950ae1d2a048b2b7b31c9246008fd3,130027,전설,8
2023-05-11,3a589b42cd5049e6a1b3b7f5197369dd,130028,전설,8
2023-05-11,9383fa9bae1f4c43822fd0585cbaeb22,130028,전설,8
2023-05-11,0443814622be464f9251963664f725a8,130028,전설,8
2023-05-11,a9838ce2cd6a42209a10fd5e2d004948,130028,전설,8
2023-05-11,d77393c64ddf4c84a7aa00e680db3491,130026,전설,9
2023-05-11,ac9291ba8bd348bd9cc11f1da30bf5a4,130026,전설,9
2023-05-11,a2b293162c864d39b889be270051e9f1,130027,전설,9
2023-05-11,9c2f498274804dc584bf0995defac512,130023,영웅,10
2023-05-11,52482a121f2746a2b42a3aa75b9ea3ae,130023,영웅,11
2023-05-11,9c065d2bf25649319ba52282e0a84f7e,130024,영웅,11
2023-05-26,d2a62a0c3bcd48f1a5d57bfb37223cce,130000,일반,6
2023-05-26,54dfe0fe5e33448d8d248d68f1e85782,130000,일반,6
2023-05-26,07de060448944d6fb1751d3fbe175353,130000,일반,6
2023-05-26,bd1bfc21832c41fda4a535f388890805,130000,일반,6
2023-05-26,815347815f8d4258b8399ff26d9670bd,130000,일반,6
2023-05-26,0b666e49f3594ed79ac48d8add1bf1ff,130000,일반,6
2023-05-26,cc74f106425c40c9b1bb8bf5cb48577b,130000,일반,6
2023-05-26,6e90027c1cd042d294b9bac02b5d47d7,130000,일반,6
2023-05-26,1702fe10968c477e8862f9991020a299,130000,일반,6
2023-05-26,e53cbe9ce0cf4f66942f0ec80d5036d5,130000,일반,6
2023-05-26,715ddeb340984f858d65f5b4275bc136,130000,일반,6
2023-05-26,43f8b83fc6a545a1864cabe11bd8cc28,130000,일반,6
2023-05-26,e8a680c1db6742299cc588da3ba0a9dc,130000,일반,6
2023-05-26,22f11cfe5f1e4d3daa7837faa50b0497,130000,일반,6
2023-05-26,e16e76f901ad4d44ba27253ccd9d023d,130000,일반,6
2023-05-26,08001c8610e34f47a0b9f8dc200842ac,130000,일반,6
2023-05-26,51a247983f584eb39fb67d6e61bd0408,130000,일반,6
2023-05-26,5800b232ed54443da6c18337a4b93ed1,130000,일반,6
2023-05-26,6e80c717cab34227a8cb3018f8f33170,130000,일반,6
2023-05-26,62325153cce447479ef5177fc5d12e5b,130000,일반,6
2023-05-26,ed002cf45f8d4fd29367eb7d79055cd0,130000,일반,6
2023-05-26,80f4211a89a04731a8fdf901cb92877c,130000,일반,6
2023-05-26,5a407f66e4fc4881abf7c204815827c9,130000,일반,6
2023-05-26,eaf1488d487241d4983bff8063c20c23,130000,일반,6
2023-05-26,3a93c48c7629448ea3fc3452845a8702,130000,일반,6
2023-05-26,717729a1c99145c59c8837a61375ded0,130000,일반,6
2023-05-26,ea933176a11d43af82d6ea4b8c1f8a9f,130000,일반,6
2023-05-26,8725b630f98f43568f0629d1379917c7,130000,일반,6
2023-05-26,93666bdf63eb4caeb5588d05fbde5cf8,130000,일반,6
2023-05-26,75476a4015fd4a2b985790a56cabde51,130000,일반,6
2023-05-26,28150832affc432a8fe0ca8b1793f7aa,130000,일반,6
2023-05-26,037b3334992647968948f0a2874eb53b,130000,일반,6
2023-05-26,598d63abef814da59ba5f17893dc347f,130000,일반,6
2023-05-26,d76ab17817fd449bb92c4c683633580c,130000,일반,6
2023-05-26,58ed7059506d4b0f9aaca845db84e615,130000,일반,6
2023-05-26,ee33e3aed8ec4b688bf44694f893ccfc,130000,일반,6
2023-05-26,78aa863acd22439ba0c64d6af7739754,130000,일반,6
2023-05-26,ddfaf733236b4f73a28eef56fe8247a1,130000,일반,6
2023-05-26,d16f0c65f6b14799adfe63682ca750ad,130000,일반,6
2023-05-26,795b22ebbfff46568315247cf813872c,130000,일반,6
2023-05-26,fde7700345904a00b28e3e5eb8032999,130000,일반,6
2023-05-26,5ba08fc6ac5f4d0eb954a7d0f33a1e46,130000,일반,6
2023-05-26,243e613a34084d7895b27b7779bfb0d9,130000,일반,7
2023-05-26,1e3b11e3b7fa4463907acf31624d5835,130000,일반,7
2023-05-26,65b21e3ca3f74dffac940a6b6b75d2f9,130000,일반,7
2023-05-26,b43bd1a5a0754a0f9c506febe265e88f,130000,일반,7
2023-05-26,bda6eab7aa2a429da8b6935a0b0d343e,130000,일반,7
2023-05-26,7708ecf099ba4acab452671a3684547d,130000,일반,7
2023-05-26,c5caf93e8c0b4160b8f6cbf01a90ceb1,130000,일반,7
2023-05-26,238e8e9e79454dd4b3cbe0ab7a7af951,130000,일반,7
2023-05-26,1512340e98514cc2b0e8384fd281a7ec,130000,일반,7
2023-05-26,265ac4670a7d4d1b81a4990b8c9033ab,130000,일반,7
2023-05-26,397199929d7c46d882d3ac3b2760fcca,130000,일반,7
2023-05-26,bcfdf935aafb4172be74d3db561c3c81,130000,일반,7
2023-05-26,d844a955c76740b29d7d20b94550f32f,130000,일반,7
2023-05-26,d45646e546054a6eadaf11da98747c2b,130000,일반,7
2023-05-26,ae757bfadf374b49bfa992c73a4604ec,130000,일반,7
2023-05-26,68af58664314465185e61175b107202d,130000,일반,7
2023-05-26,134a0f15bc8f4605bba85a5ed9c92c2a,130000,일반,7
2023-05-26,01546d50243242deb43e14ade7cfa1a3,130000,일반,7
2023-05-26,c4e020766eff40118969fee0ed50e49d,130000,일반,7
2023-05-26,75bb6a3c55ea459582e8ac4f764ca3ff,130000,일반,7
2023-05-26,e1b40fa786f94cb190c465324ceaa958,130000,일반,7
2023-05-26,91e6f0379ee74041801700af877b005f,130000,일반,7
2023-05-26,24068a7ae636451ebed044d7798def0d,130000,일반,8
2023-05-26,25a91a61897f4f5a989c20ea77a96c91,130000,일반,8
2023-05-26,69c943ece1244fa3b1eff4682717e4f5,130000,일반,8
2023-05-26,51cb9f4cbdb04ed48ab33cda2bbbd61f,130000,일반,8
2023-05-26,960ad65d0c914d40b83e25f79d1b859e,130000,일반,8
2023-05-26,0994986f0f14429d9e622c6c74fb3096,130000,일반,9
2023-05-18,77d539d2d9da4b1196a0db8c4efe0e80,130005,영웅,7
2023-05-18,46d210e2037f4672964523a640a63565,130005,영웅,7
2023-05-18,370a6fb41b8e4b51a72619d597f79592,130005,영웅,7
2023-05-18,2c0ca3bebc7643b5b3bb46669d440892,130005,영웅,7
2023-05-18,a6826491726b47aba95576b301aabfb5,130005,영웅,7
2023-05-18,4985d349d3fb42838d6774eb9e17278d,130005,영웅,7
2023-05-18,f89dcc3578c947b0ab8bf5a15c0a7206,130005,영웅,7
2023-05-18,f19d2f87074541f39b554fc42d13a9ff,130005,영웅,7
2023-05-18,d3700b30c32b43fea977cdb1a0113ae9,130005,영웅,7
2023-05-18,a94704c4477a447c9ededc54665c4690,130005,영웅,7
2023-05-18,47030c4960164c09bb2265e22561ca16,130005,영웅,7
2023-05-18,9d472f322a2d400f9ecc37d6cd1ddf20,130005,영웅,7
2023-05-18,466c1ec563104efab828f49fa231d091,130005,영웅,7
2023-05-18,2f1592a1a8984ccf8ec68d7b51569f65,130005,영웅,7
2023-05-18,2d5052672cd84d79ad5d414a42253a5d,130005,영웅,7
2023-05-18,500d8fe977a446ba8caf0267e6748eee,130005,영웅,7
2023-05-18,97202d9dd2104161b26efe105e05261a,130005,영웅,7
2023-05-18,217410c0923f428e9f3340aeac24fa0b,130005,영웅,7
2023-05-18,49a8e0c400204d679b0d0e0723ce14ed,130005,영웅,7
2023-05-18,7553e12008c64c1f9310efb80568db2c,130005,영웅,7
2023-05-18,628a6ae6aaa0476b8e74911df6f8f35b,130005,영웅,7
2023-05-18,4652e4282eb6495994fcb2e6375a706f,130005,영웅,7
2023-05-18,f93a34033db4460c91dc7152bf07966a,130005,영웅,7
2023-05-18,8749747c3d4949909cbe03a6f21e2677,130005,영웅,7
2023-05-18,1811d8e0fbf14f82a5a1b58108ca523e,130005,영웅,7
2023-05-18,2e1e5e49e5cf44469b2719605fbd7910,130005,영웅,7
2023-05-18,bc08b11aa3774dc89ff7533b6bb343cd,130005,영웅,7
2023-05-18,a475d2c371554f64b5eeb1de01b3a986,130005,영웅,7
2023-05-18,0122c00da0c648788ef1c4d01e7ca62f,130005,영웅,7
2023-05-18,fb9d79673ce241fbb2102754a3728877,130005,영웅,7
2023-05-18,910a9a039c934625a38f531c36e3cd2e,130005,영웅,7
2023-05-18,2e2fb32be5d249cdaa3b726d9f31b130,130005,영웅,7
2023-05-18,e21d11ffb66f4632b6b14eb72c77bd7c,130005,영웅,7
2023-05-18,3f2c205fef3e4aa29e456fabb6a259fc,130005,영웅,7
2023-05-18,46a8f1777f504a37a0e1bbc9cca842db,130005,영웅,7
2023-05-18,a635cee35a4c4eb18adb2c51f60219c1,130005,영웅,7
2023-05-18,17367610b7664405b954604d70966585,130005,영웅,8
2023-05-18,bb6e3063613846759925413acaaa84b3,130005,영웅,8
2023-05-18,569fbbf1750c4cbba533ace161ab923b,130005,영웅,8
2023-05-18,860b3b7da2cd49a1969a82e4c66b5f9e,130005,영웅,8
2023-05-18,e1ac82fcdd41412aae4fd342c30f3f2f,130005,영웅,8
2023-05-18,a390606bc2e84bd3b698fbb59326ef5c,130005,영웅,8
2023-05-18,ab23ff2d35b649508e563dee601b3bc6,130005,영웅,8
2023-05-18,2e484ed45e2b403b8850b5cbeb9e84b0,130005,영웅,8
2023-05-18,4b21e579545b4532be1b477fd4116c5c,130005,영웅,8
2023-05-18,d1453a60e45f43f7a2304e684115feb5,130005,영웅,8
2023-05-18,cf54de7abdd9414b9a5783a52ea27b16,130005,영웅,8
2023-05-18,87d6a69d54a74adb8b67dd3cb2234af1,130005,영웅,8
2023-05-18,baf09c5691ca4c10aea3368550a65a67,130005,영웅,8
2023-05-18,a3efe9fb8c1d4077922c367982960015,130005,영웅,9
2023-05-18,93c81339648d4625bb3d85d17ec298a6,130005,영웅,9
2023-05-06,6ca4204355d84b6dab8a6ad2e9ba2688,130030,영웅,7
2023-05-06,7d5c913ae4c64757bd1e00ff73702c1e,130030,영웅,7
2023-05-06,a7b56193680e4338a4ca9e7a33740621,130030,영웅,7
2023-05-06,22c4df95add24005ae0a8c5ac29d0b77,130030,영웅,7
2023-05-06,2015b4b3c8324672bcf72e1e9600162d,130030,영웅,7
2023-05-06,22d01a42e4974fe2a5896b141f53f920,130030,영웅,7
2023-05-06,f1683c66b4c341b28ca58fa42912e2c3,130030,영웅,7
2023-05-06,f55d0c066b8f4d5fa8258d3c6e13c4ee,130030,영웅,7
2023-05-06,7e45bd565bd84117ab7f974752304dc7,130030,영웅,7
2023-05-06,f675798cd9d74237b141cce64a0685b5,130030,영웅,7
2023-05-06,70844c10d26f46a19612748108755d5b,130030,영웅,7
2023-05-06,23987e9ebaed47258fdc32ab3a710303,130030,영웅,7
2023-05-06,86fd4dde80ac4ff69cf0ceb5a431ec1e,130030,영웅,7
2023-05-06,185e59da7c6940b9b0a4477d642ceb1b,130030,영웅,7
2023-05-06,c717abfd8dbd489eb8ed0b33005bb9b3,130030,영웅,7
2023-05-06,e5771a936e0c4474a0558ef02db7e3cb,130030,영웅,7
2023-05-06,4327c0da0d404479a8088f7ae1bf6b9c,130031,전설,7
2023-05-06,446d013f992f4fe3834f080156c163fb,130031,전설,7
2023-05-06,431826bf2fab423c863c6e4bee2f023c,130031,전설,7
2023-05-06,24ca45e91a24456e8d7ed9b04efa76fd,130031,전설,7
2023-05-06,ebf16700a7a744eda40199af6b72da98,130031,전설,7
2023-05-06,2c5b24d81eaa40a5ac603418252a2f55,130031,전설,7
2023-05-06,15dc6f3c95a14f50a3e657238c920311,130031,전설,7
2023-05-06,e4b6ad478c1744d8850cf9204bee8b35,130031,전설,7
2023-05-06,084d0bd3a7f8486e9b0d3dd787641da5,130031,전설,7
2023-05-06,46dbacdd1f164652834aa5228a76fa29,130031,전설,7
2023-05-06,f099798bce3643fe85e89c18f64cad02,130031,전설,7
2023-05-06,3be11723fd914ee6a593043209914e65,130031,전설,7
2023-05-06,21935708fa4743cd9428938c3bd53779,130031,전설,7
2023-05-06,8c3fc35b83184b5d93ea553b130cfbd4,130031,전설,7
2023-05-06,a86994ce4f434a1585fcddf6b1880fa3,130031,전설,7
2023-05-06,4f7e00af06584da8ab58172a88b3f971,130031,전설,7
2023-05-06,ff4adf89d22d4b74ae932ee3dcf9ddca,130031,전설,7
2023-05-06,73ce4385681c4c70afdc041f98ea4f8a,130031,전설,7
2023-05-06,2b1647dde03c48b3b08c20d55118060b,130031,전설,7
2023-05-06,a2232287053e4eb29e3bb02765354cca,130031,전설,7
2023-05-06,84ba757acfcf4101b62271b1d68e4695,130031,전설,7
2023-05-06,f215fefb897f41e59908c8cda545dc4f,130031,전설,7
2023-05-06,4b5f25dc1ec247b89187b3fda7e9c01b,130031,전설,7
2023-05-06,1ccc389b3fe640c581ac49c30bc0898f,130031,전설,7
2023-05-06,0c467732383448609e2c304d0644d7ba,130031,전설,7
2023-05-06,13c42913e533496e9df4f563c817abe8,130031,전설,7
2023-05-06,757dc97e22f9436096e7bfd28642e1c5,130031,전설,7
2023-05-06,70dd5f8061cf486ea519e1c77b5a9863,130031,전설,7
2023-05-06,5355acb1939146d59b3003514e9284d3,130031,전설,7
2023-05-06,a44cb77b4f554009900cebc71910acb6,130031,전설,7
2023-05-06,bf21dc21b20342b7831a097165c84687,130031,전설,7
2023-05-06,1c5f066e67b743d4a4a006685b3f8e0e,130031,전설,7
2023-05-06,d612cc420cf44ce19eb8e5530f92fd34,130031,전설,7
2023-05-06,a451c62c095444a7b0e33f81938fffec,130031,전설,7
2023-05-06,1475a9edb31c411f86a9a7c74bbe5596,130031,전설,7
2023-05-06,c66766ceaced439e91b314b395e9b2e6,130031,전설,7
2023-05-06,eec64ce810504ff9a7bac85868ac95ca,130031,전설,7
2023-05-06,c936bc0565aa4c26aa804fcfefe1d7e2,130031,전설,7
2023-05-06,342b38486ad2413fbae739c391f7d849,130031,전설,7
2023-05-06,d819aa7b0c4342c69f7b58293ced5b2d,130031,전설,7
2023-05-06,a92957afda5e44d4a35c3a86cbd86454,130031,전설,7
2023-05-06,556e1e43f08d4577ab3a947f68563d1b,130031,전설,7
2023-05-06,7df6fa07f8624ee5b55c3882f787abb1,130032,희귀,7
2023-05-06,f5a540e44fdd4f949794c73575085019,130032,희귀,7
2023-05-06,091b0fa65e734a88867c2f84fc7080c7,130032,희귀,7
2023-05-06,5b4963ff5adb4ac0acbc6a3229ef5e2a,130033,희귀,7
2023-05-06,95b3ec4245be47d7985c7f0ab5433c58,130033,희귀,7
2023-05-06,e05c0e247b5b46d1a8809149c9186a1b,130033,희귀,7
2023-05-06,c625f0df97404dc2b04ae3e2f6efaf85,130033,희귀,7
2023-05-06,902a6c98c482437c98da368538113b05,130033,희귀,7
2023-05-06,c0ed75a73fe448e18e2c8803c36cdd03,130030,영웅,8
2023-05-06,ec60225a7bfe41df87d2c66fce4d374e,130030,영웅,8
2023-05-06,36489bf62d1f42e48dcb8e1d3c0ed06a,130030,영웅,8
2023-05-06,e636a2b9b1234109949d293452037e0e,130030,영웅,8
2023-05-06,7e8169b67c1f4211a3e8db9441bdb656,130030,영웅,8
2023-05-06,7c094d00f34e40e3ad18493136b8de5f,130030,영웅,8
2023-05-06,a964ec2d13c440d0988973171ff4eb09,130030,영웅,8
2023-05-06,d9c52295d2704184a5641e76bc6577d9,130030,영웅,8
2023-05-06,15037d4e029a40e286f0ec4c110259ef,130030,영웅,8
2023-05-06,0de36603ea49400f813bbf2583761ab0,130030,영웅,8
2023-05-06,a4c76742502c48398c73fcc9c2807ef9,130030,영웅,9
2023-05-06,5c0462b07a884977b1f7405f3b30cfd2,130030,영웅,9
2023-05-13,0a05b9e302b14fa68991edb3f8dd6161,130006,일반,5
2023-05-13,9e574e46bafd4edcb06a1511617918cd,130006,일반,5
2023-05-13,6b0137396fc84051ae24689fd5c10e67,130006,일반,5
2023-05-13,5a0d115d0fef45dd9f71367b6dd91cc7,130006,일반,5
2023-05-13,01d07df986d54c11b8387595494c357f,130006,일반,5
2023-05-13,9dee70e153a0485a8105ad8e32c6fb61,130006,일반,5
2023-05-13,3fe2f41f49cf49a39847ab71825a675b,130006,일반,5
2023-05-13,ec38080d0e6644ed875206af45768663,130006,일반,5
2023-05-13,95273fd559ff41ce985a5bd09e19bd5d,130006,일반,5
2023-05-13,5a075cfed14d4b7587ddf77665e8f15e,130006,일반,5
2023-05-13,45ae7452f7f84056a711a31d3bd791b3,130006,일반,5
2023-05-13,fa8e4e40caf64b3a823f48fd9afb2b8e,130006,일반,5
2023-05-13,90661a1cb5c54db6b7557ff184623d49,130006,일반,5
2023-05-13,0f7dbc826ae44b2d88603cc5ccef7654,130006,일반,5
2023-05-13,1f6ab855660c4a2b9f23c0daa7ff3acc,130006,일반,5
2023-05-13,9adbcbf0a7f34f6da62eafe8545ad33c,130006,일반,5
2023-05-13,5c7d9cddd90f49c2b6fcacb68dd6e799,130006,일반,5
2023-05-13,debf7dd08f4540a48414c765916ca89f,130006,일반,5
2023-05-13,384772e6a2894cab951e0f09b574a688,130006,일반,5
2023-05-13,f917085555eb4398a0ca58209741e107,130006,일반,5
2023-05-13,ae3358bcac474bbfba5ca69af36d2630,130006,일반,5
2023-05-13,cf5530a5b48047e5ad7037067512c1ac,130006,일반,5
2023-05-13,ea74cb5013f84dc89e1db7f5f985ff3e,130006,일반,5
2023-05-13,07a1b145a4394fc387290b9282b6b125,130006,일반,5
2023-05-13,dd81c493461d4cbbacaa3dfa51f4e522,130006,일반,5
2023-05-13,d093de2a1b19445591c909bf418b1703,130006,일반,5
2023-05-13,8ee6a6bf8ec34ec09163ce51483809e8,130006,일반,5
2023-05-13,da5853685c5a450fa8cdda1486547fcb,130006,일반,5
2023-05-13,74dae3da043148498d63380a2f7b79b5,130006,일반,5
2023-05-13,7dc6e197bc8a476c83f3580e36c3d6c9,130006,일반,5
2023-05-13,9e78f4109f8f4c3e805f47290ce35f5a,130006,일반,5
2023-05-13,44a3627067124105b3f7de1eedbe9696,130006,일반,5
2023-05-13,80008cecd92f4c859415673df2707caf,130006,일반,5
2023-05-13,eb5ab646fa7741deb27b69722b6fcac2,130006,일반,5
2023-05-13,2f4ff3ff6004490fa46f0cd6e1cf96d5,130006,일반,5
2023-05-13,f38c39f7f4be4b679fd97a3239131eb7,130006,일반,5
2023-05-13,8389ff133cad4c9ea5638ba7c027e2a3,130006,일반,5
2023-05-13,2c4ed3e19ce843dfa4b6986fc6a87be8,130006,일반,5
2023-05-13,9e2df23c260a45d5aba3e74b3b8c0d58,130006,일반,5
2023-05-13,31962749380b494f91060e29ab7a52d2,130006,일반,5
2023-05-13,ddb0026425f04f998d41f2e1ed73e203,130006,일반,5
2023-05-13,86f4cfdfc5b94295859552177d19ed84,130006,일반,5
2023-05-13,72cba849ff0440608d65c627949fe3ef,130006,일반,5
2023-05-13,8548c1170ed14178aef6abfafe7b845c,130006,일반,5
2023-05-13,addb709a328141eba8c4244828532214,130006,일반,5
2023-05-13,d479974da0d54133b845f504bea24430,130006,일반,5
2023-05-13,d21ff30e275740ecbb59bec22845513f,130006,일반,5
2023-05-13,11f32eeee46145c39b66d3ed1e70cecf,130006,일반,5
2023-05-13,3c86fcca5db849b387aae58b8f3ab73d,130006,일반,5
2023-05-13,fa451f1bebf54fc897c3e58d478588c8,130006,일반,6
2023-05-13,1c519d76163746ab9e4eab0204df9819,130006,일반,6
2023-05-13,d09afc0e288148a296781240909ca731,130006,일반,6
2023-05-13,f1f35761f02942169f9bad0a19b9e790,130006,일반,6
2023-05-13,2c17ca4c3d414271b9154baa368ff779,130006,일반,6
2023-05-13,1e8adb527e9642b2bce53b5cff2e2c1e,130006,일반,6
2023-05-13,56779daec6cd4a2698d217829ddf6c82,130006,일반,6
2023-05-13,67965775b56342dcaa4ed42f42d6d54d,130006,일반,6
2023-05-13,572e86330e2341d495f3b24ed8829d20,130006,일반,6
2023-05-13,3dd6653464794cb8855a29c79cacc8df,130006,일반,6
2023-05-13,da9bd99408ec430e9bd44ffc94213467,130006,일반,6
2023-05-13,b75733cb8e6e4ad9b0ba601a8290ea4d,130006,일반,6
2023-05-13,7f6b5c497c214a57bacd72b7ca00f4c0,130006,일반,6
2023-05-13,41873e4160a24563b44ec2895d8497a2,130006,일반,6
2023-05-13,4a486ec0f3904d8b89e77b4540e7e2eb,130006,일반,6
2023-05-13,5bf931342a55464481792c83878b0b92,130006,일반,6
2023-05-13,cf3e76ed80ab4bccbac4110a5c9ee244,130006,일반,6
2023-05-13,f46f121d299d48c5979023427d02a26f,130006,일반,6
2023-05-13,7af603cfb5624627accc7707639ec281,130006,일반,6
2023-05-13,9c169949e70f4158b6117c79ad9f3f56,130006,일반,6
2023-05-13,ba602ddcc04b44ddafca4e85f8f9f754,130006,일반,6
2023-05-13,168a49c9a0ed44be9240a7f0724c51e2,130006,일반,6
2023-05-13,ba147e43e9ff4cf5aefe5a7cd3e34358,130006,일반,6
2023-05-13,75a470daf1bb42e0aec279f5ac997eb6,130006,일반,6
2023-05-13,d6b71ae1e5ed49d39530ae65b83e1ac0,130006,일반,6
2023-05-13,524b2069b44e4bfa9c308abe1310d3f7,130006,일반,6
2023-05-13,9530ab5d04604e71a32a0f08b515cca7,130006,일반,6
2023-05-13,d16da226176e44c5bb8259c8bb490dea,130006,일반,6
2023-05-13,b09d406e90764c31a9cc3816f51647ce,130006,일반,6
2023-05-13,a9a02b4e722744de9019f9421bce2e8d,130006,일반,6
2023-05-13,5265d2a3e1d5420b98087e700671e6b5,130006,일반,6
2023-05-13,32a3387205964d6fb02cc144c772e3de,130006,일반,6
2023-05-13,8c5a43ede78c4a8993f3f94a79d27724,130006,일반,6
2023-05-13,eb9a2ced7a504a4aa74c2d712623d51b,130006,일반,6
2023-05-13,7440c43685cc4123bd53995a3245aafe,130006,일반,6
2023-05-13,30696835593c4dd2a4d6c0e99d8833b4,130006,일반,6
2023-05-13,23a87ec604384c79b6afdd4ebfaa4477,130006,일반,6
2023-05-13,81f72ff3a45948ff8a687ad94e0ec5c6,130006,일반,6
2023-05-13,3cd99a38a7ea416184767ef8369fc950,130006,일반,6
2023-05-13,5b501e7a4dde419aabac083d6159da65,130006,일반,6
2023-05-13,db0b9af85a1e44cf829df82be5b92a5f,130006,일반,6
2023-05-13,307ce61aacca406daf2eb404d0bb94c6,130006,일반,6
2023-05-13,3c5996d912b84a049e9f8092261833c6,130006,일반,6
2023-05-13,d64f4e0a802a4a86bf2a46c0a3a570d8,130006,일반,6
2023-05-13,baf3317c34884105b47a62096699b26d,130006,일반,6
2023-05-13,444e72c95c924dde8cb90d9babd4681b,130006,일반,6
2023-05-13,f43f48a6c4e540dc9d3df8799806baa1,130006,일반,6
2023-05-13,e6a7a6c646064d98b62aa5fcbb2c0d1e,130006,일반,7
2023-05-13,96160206ea9642f8847b8ae881192c35,130006,일반,7
2023-05-13,8ac118abaf88408389232db053661c74,130006,일반,7
2023-05-13,18cd1977a7cd4ff4ab7449579412e3d7,130006,일반,7
2023-05-13,4d55bdac71f4427eb225c2070fe15566,130006,일반,7
2023-05-13,ef9955ca8122446b9273a90db07778f5,130006,일반,7
2023-05-13,ca59e9267fca4737ba78b900233ab723,130006,일반,7
2023-05-13,044a94be530a4d858412fcd19cc93a42,130006,일반,7
2023-05-13,9cd1ac62d414442fa82d0022ca220410,130006,일반,7
2023-05-13,153692577b714e2c8119a188aca17d72,130006,일반,7
2023-05-13,d399c64bc78e4512b9494776b45d1b10,130006,일반,7
2023-05-13,88983eccdee44f9eb210cdbc5c9469fa,130006,일반,7
2023-05-13,68d0834af9ef4d9eb19ac80560cac877,130006,일반,7
2023-05-13,282fd939f16647bcb29e69e0df59a24c,130006,일반,7
2023-05-13,07bc2c529a59408590f61ae83b31122d,130006,일반,7
2023-05-13,a5dd426458c7418ab5cc444be01ac0b1,130006,일반,7
2023-05-13,c68ea66e0e2346feac5099d801738fd0,130006,일반,7
2023-05-13,2d5b978bf4cf470181d22fbc667a5017,130006,일반,7
2023-05-13,f42e882224c04491b6b62b16184214a3,130006,일반,7
2023-05-13,094eb6eaa380445e955f1b2143d7ca05,130006,일반,7
2023-05-13,6e67f5faa94c46739304f99ea9c0fb05,130006,일반,7
2023-05-13,8d5647a32d0146c6a1a9a86d081655d5,130006,일반,7
2023-05-13,e3256e8f95484e97a1b8eee4a792320b,130006,일반,7
2023-05-13,0ec42289fb0749a7b846ce8d3aae4e29,130006,일반,7
2023-05-13,9c8357b1334c499ca64be30963c9bc6c,130006,일반,7
2023-05-13,6e6827679d804d1bbc3ee050732a76df,130006,일반,7
2023-05-13,ec7a74d22cc444a8a73a90f8966059ce,130006,일반,7
2023-05-13,a2575d5fd66e4865aaad1cb8a2ae2645,130006,일반,7
2023-05-13,7feeb56d10ec4c56a56e42e36db97f9f,130006,일반,7
2023-05-13,b1232a563024438ca157ccbb554030b2,130006,일반,7
2023-05-13,b14949ef62304c9590e301f94c762e99,130006,일반,7
2023-05-13,1c298f976e814a969af875330c7e0460,130006,일반,7
2023-05-13,684882d5a4b345c3a561965e44893d4e,130006,일반,7
2023-05-13,b0ab39ce98df4ebfb1f02a7e211fc811,130006,일반,7
2023-05-13,8f14130e608e400a8511c0f04944358a,130006,일반,7
2023-05-13,bbfee9363e9e419287496b655bd3865a,130006,일반,7
2023-05-13,a6651c5e3d634b6cb830bc62fc3e59d8,130006,일반,7
2023-05-13,578974dbb3dc4d2c8f6e4fbce3081042,130006,일반,8
2023-05-13,4e33090bd1764d3badef350877d40129,130006,일반,8
2023-05-13,4235919b45e64a0c8bd4bca3916ef8f2,130006,일반,8
2023-05-13,4d989303126140b5b841234f681636eb,130006,일반,8
2023-05-13,fbe5c23f05174fc78961fbc3613c74cd,130006,일반,8
2023-05-13,77ac814236984cc68a2d7bca69e60cb0,130006,일반,8
2023-05-13,398b99790a914fe1928714889055ecb2,130006,일반,8
2023-05-13,f389e6e94c8343058d3fe2e57af53bf7,130006,일반,8
2023-05-13,826ca9cc39954eef996ee94b049bf178,130006,일반,8
2023-05-13,b67a47c00ef942bd99a61e619343c291,130006,일반,8
2023-05-13,67ae7a201c0e4c229cb4766ba94abc30,130006,일반,9
2023-05-13,6e55fdb8370140c3a7ff97ef476cbb80,130006,일반,9
2023-05-13,3162870e799e49c59e9ce121ad7739d1,130007,전설,7
2023-05-13,d64b11cadd2049a39148fef4468bda3f,130007,전설,7
2023-05-13,eada29be171644ba9d0a830c1cfbb189,130007,전설,7
2023-05-13,13c0dba1e2e141fcb4b52fdee09a4c8f,130007,전설,7
2023-05-13,3e8e98c6011f432b98601b164d8ce249,130007,전설,7
2023-05-13,467877300cbd491088a64ca055bb1f75,130007,전설,7
2023-05-13,16561364629c4a38b20adb1fda012c26,130007,전설,7
2023-05-13,af41ebb0b1d24a199d9e59618c3180de,130007,전설,7
2023-05-13,a9db0040dc1a4d77a21416823cd8de00,130007,전설,7
2023-05-13,8c6932c6896749e8a834db21125f74bf,130007,전설,7
2023-05-13,306bae82793c4d1085697052c160d8d1,130007,전설,7
2023-05-13,ec9ecf9001984c3bb1ec5e649095c460,130007,전설,7
2023-05-13,45c940d9361844fcae59d8099f45fa1f,130007,전설,7
2023-05-13,aca9bea5c8ea4dbcb2569f2c5269530b,130007,전설,7
2023-05-13,0912f49138ae4a7498aaabd54c8c1993,130007,전설,7
2023-05-13,88ce796c9ff344c09d743c9444c73e19,130007,전설,7
2023-05-13,3c090e62cd004f219c1ea2fbdf72ce60,130007,전설,7
2023-05-13,f73005b930de477180c13a38de7f705a,130007,전설,7
2023-05-13,ee662381a4ae46c1a3d82b89470797c0,130007,전설,7
2023-05-13,9b16b810e4fe4a2a853976aeb8018968,130007,전설,7
2023-05-13,fd1dfbed486448d4b4f2c24d190b1e39,130007,전설,7
2023-05-13,5631f34569f144b09048df20457ab498,130007,전설,7
2023-05-13,5bdf6f028bdd4c14bf4c97d174004bff,130007,전설,7
2023-05-13,15c682d498c448ef92083850ceefa3f4,130007,전설,7
2023-05-13,4bddd69d2cd0460484346f4f4f62380b,130007,전설,7
2023-05-13,79f119e4e5644f5ab71a4f615c7d3b58,130007,전설,7
2023-05-13,97794a445d2742b9af49709cc8b9752e,130007,전설,7
2023-05-13,dc767a23417b43159f0e7a8a29f42861,130007,전설,7
2023-05-13,1c018016235545d382e217e9e8f506b7,130007,전설,7
2023-05-13,2e2121c4967941fc9523f604d75048e7,130007,전설,7
2023-05-13,19bb897e66e046db8994b63a348de9d0,130007,전설,7
2023-05-13,8301404d63f04b79b31e342b77205ebb,130007,전설,7
2023-05-13,1efd681be83b4aac819717f2cffea259,130007,전설,7
2023-05-13,6ce105f7e8824cc0b80589721f944bac,130007,전설,7
2023-05-13,f929a47a85734cfbbdabff9b61d88abd,130007,전설,7
2023-05-13,673e4addb9d34fd284e260ddc7c424f1,130007,전설,7
2023-05-13,28899205283548a1be2208419450a15b,130007,전설,7
2023-05-13,5d5763ed3a1146b982d185d35ef4d8bf,130007,전설,7
2023-05-13,247913b81b1c4693aa4bb570ac39f5b4,130007,전설,7
2023-05-13,c704378600664888a9f5f5054cdaad37,130007,전설,7
2023-05-13,7d232166427f4054902050ee88eca6e2,130007,전설,7
2023-05-13,e9756540c4d34c60a3c69d19e8fb3fa6,130007,전설,7
2023-05-13,4f1b75bd0bbd4d2da23372fac0040ea1,130007,전설,7
2023-05-13,39c36efde0d44403ad939c1767ea3f36,130007,전설,7
2023-05-13,b1804617bc7845349690aae46cd28e68,130007,전설,7
2023-05-13,e57a2bb9d55847e888c2b6e1603a5714,130007,전설,7
2023-05-13,fc51ff810949417baf8b7a4c7fa70937,130007,전설,7
2023-05-13,6c991b7f555a41deb9f7f1d3a13a1a0e,130007,전설,7
2023-05-13,c8f1097b9bf7486ebf0aea4efbb3daf6,130007,전설,7
2023-05-13,55bf53edd62642989b83d724100855c2,130007,전설,7
2023-05-13,f030026982624317b882f1972950e630,130007,전설,7
2023-05-13,5e2233a987ba4b1a91978aa717327330,130007,전설,7
2023-05-13,6487b24566b64ce2831ce7766bd9f91f,130007,전설,7
2023-05-13,3c733eb776044f38a37ca5432c0bc82c,130007,전설,7
2023-05-13,00a6f9f731424d2f923b729bd39eb08f,130007,전설,7
2023-05-13,3c1ceaaec86b4de7adf3cf67d017b3fa,130007,전설,7
2023-05-13,87f2edac6eb046ea865a4b39e4539b28,130007,전설,7
2023-05-13,26341eacd66640068fd2abfe21880324,130007,전설,7
2023-05-13,189caacbd6494515821beb0fa90de6aa,130007,전설,7
2023-05-13,541319d33eab495ca821bb36ca9ef0d3,130007,전설,7
2023-05-13,4e59663e5bc7453cb20fc85327f02c7f,130007,전설,7
2023-05-13,6f29cc8f32f748e49d7eeca9c2826eba,130007,전설,8
2023-05-13,2242c5fa344b4bfea241e1d8ae333b17,130007,전설,8
2023-05-13,978d840ccaf342668242289b01fed0e0,130007,전설,8
2023-05-13,bff7addb9c92457b9013148c21746b68,130007,전설,8
2023-05-13,b9d33f8275594a05b763b86a5a51e010,130007,전설,8
2023-05-27,e3fb03ed76764905b8c8270caa0a1138,130022,영웅,6
2023-05-27,7e91482ff51f42f087dc484b0f61e9c0,130022,영웅,6
2023-05-27,c5772b693e084f90b79a5db9c930c423,130022,영웅,6
2023-05-27,e398131a715b4bfa8643e60707f80ef7,130022,영웅,6
2023-05-27,afa8fee962134405b28238bd7449da80,130022,영웅,6
2023-05-27,371fc8b1ab4942539796ce3a9aab2cfd,130022,영웅,6
2023-05-27,7a47da80361c40058ae815d3ca33ca31,130022,영웅,6
2023-05-27,d6a0c89529124937bed1087139d6142f,130022,영웅,6
2023-05-27,91356b75dfb54278abad44179ea50b80,130022,영웅,6
2023-05-27,bef4c76a4dac4d979cb7930f20f9fb18,130022,영웅,6
2023-05-27,388ea0dc7e3147dabdb567f500f0272d,130022,영웅,7
2023-05-27,812a04069f7e470094a57b0e7e6a83f8,130022,영웅,7
2023-05-27,3751368e373d4848a90eff00c4b29192,130022,영웅,7
2023-05-27,4aa21c55bd98474c8824da378e61d3e1,130022,영웅,7
2023-05-27,4dabf425d4014d8ca9ad1cfe8181ed47,130022,영웅,7
2023-05-27,0f2a3938918b42e4a63aabb314dc3de6,130022,영웅,7
2023-05-27,2ab3982e40344e3194690ea16268fe1e,130022,영웅,7
2023-05-27,848eb2612d7747a78306429cc449718a,130022,영웅,7
2023-05-27,4b5f0f2fc82b4db9aeb3e48bf1e76ce9,130022,영웅,7
2023-05-27,3ab662764b894fa9b39957247414e01f,130022,영웅,7
2023-05-27,9f3ed28e06a84ff9ae9133afc0534ec5,130022,영웅,7
2023-05-27,c44835714ae245ee8f56fb77bb181af0,130022,영웅,7
2023-05-27,e1112beb4b2f4bd0850bab45e1c1174d,130022,영웅,7
2023-05-27,57b814879c934fe38ebf58120adccf0e,130022,영웅,7
2023-05-27,527170d9de704b8a9a0c19a0f654a682,130022,영웅,7
2023-05-27,ef92b5633bc0428583ef07025b3c71ca,130022,영웅,7
2023-05-27,679a9b743a734093a02cdf20d0b3184d,130022,영웅,7
2023-05-27,eeae378004594a4f9e0bff09784d89b5,130022,영웅,7
2023-05-27,2cfb15b91fbc4cccb770604a5c434bfa,130022,영웅,7
2023-05-27,4f96e873a88743fbaeb95094426198ef,130022,영웅,7
2023-05-27,6a6197a54c2a46f5b42929a9365947fa,130022,영웅,7
2023-05-27,3c7df38fe6cb4318a115be541232fb80,130022,영웅,7
2023-05-27,c367bf6a8a1a46aabb783a0b63e4ec94,130022,영웅,7
2023-05-27,c9db07be4062482588bcaa9ae92e3153,130022,영웅,7
2023-05-27,44c1c88c28bd4ce49e3cef034e1e4158,130022,영웅,7
2023-05-27,b5f0240d021e49c48894f817854f23a5,130022,영웅,7
2023-05-27,151da4cd70704a0d8d7740b74a72a544,130022,영웅,7
2023-05-27,11dac1ff6b984fa696adfa7b958d96f0,130022,영웅,7
2023-05-27,2af07f34be3e48d2bbf5fd8e6769ff64,130022,영웅,7
2023-05-27,c34ed0ea65ee4122bc905e87640fa02a,130022,영웅,7
2023-05-27,0e6036b0e0c2471188dae8c003f5120d,130022,영웅,7
2023-05-27,0763bcfc422e4f0fac3030b8e7010a1a,130022,영웅,7
2023-05-27,1bb23f17c1dd4b9695d4cf0d8026a25d,130022,영웅,7
2023-05-27,369f0a0b2f2845deb315a2cc34928420,130022,영웅,7
2023-05-27,aaceff8608d9436e91bd9e87139f19db,130022,영웅,7
2023-05-27,99ffe81cc9b649d195d12531cc9ef3ed,130022,영웅,7
2023-05-27,0ef9f4e3f1b34d5a9e269999c0b23c55,130022,영웅,7
2023-05-27,c0564cce19084eb5b3adfa11db62c1fb,130022,영웅,7
2023-05-27,44b6b3e78761475b9de00ffeb1c9b943,130022,영웅,7
2023-05-27,3ccaa18ff76b41a69001f3c8f817fc7e,130022,영웅,7
2023-05-27,486f8b49eac64077b719fab27e66bdfc,130022,영웅,7
2023-05-27,ddf73f70a5b940889b6f9c32e0958fb1,130022,영웅,7
2023-05-27,f42c152087f64cd2ad9e289742d7f76f,130022,영웅,7
2023-05-27,70844c10d26f46a19612748108755d5b,130022,영웅,8
2023-05-27,0c291dd8f77c4e1dbe509452d413d920,130022,영웅,8
2023-05-27,e7526f4064fc45dc9d562cbf6bcf2135,130022,영웅,8
2023-05-27,d9005089f20a4568a706556373a94a2a,130022,영웅,8
2023-05-27,ae1a4a11359c43d9a91c9fb5970c4424,130022,영웅,8
2023-05-27,b56c11b5f22648bbbb72b8da4815ba5d,130022,영웅,8
2023-05-27,6130f656c10c435c96dee3a71e4973fc,130022,영웅,8
2023-05-27,b6f1db075fa04c0db1e12ea9c9e1827f,130022,영웅,8
2023-05-27,911fd0efd50747478791dc0d9828d874,130022,영웅,8
2023-05-27,23ba830760334ed9af3f3fb9d53278eb,130022,영웅,8
2023-05-27,c84df5c8ff60430ab234dafd79034dfe,130022,영웅,8
2023-05-27,4cf8146ff84c430eb9fe77f11cb636bc,130022,영웅,8
2023-05-27,391a010f57dc49a594913cbb568207fe,130022,영웅,8
2023-05-27,d6a69b6406fd496491df971942648655,130022,영웅,8
2023-05-27,5742e03ba4964a2681a18906ca11c9ca,130022,영웅,9
2023-05-27,2cc9f661594049e3883ce7cff19a3c97,130022,영웅,9
2023-05-27,5588461d4f8b49e088b0922c40703048,130022,영웅,9
2023-05-13,a9c5a3a611e94088a82baf883d6bcf02,130016,희귀,4
2023-05-13,76d9d8988318482198a3690842ed949c,130016,희귀,4
2023-05-13,70413fcc249b4c2dbd63d63cbbc8350a,130016,희귀,4
2023-05-13,ab5954dc1b7b4b6993154d9968edde6c,130016,희귀,4
2023-05-13,6b7cfed8f3c84ce1989cbf7b6d1725da,130016,희귀,4
2023-05-13,ed7b19d7b04e4602bc0b8522e6e92dc7,130016,희귀,4
2023-05-13,9c74d8adcdc84021ac93300c5007c119,130016,희귀,4
2023-05-13,62cb4b8abe384224bcd62b82c6627392,130016,희귀,4
2023-05-13,3a81d4e7c1fe4aa897c846cb01bf47db,130016,희귀,4
2023-05-13,1d9defd2bb6747d9afbd024495019464,130016,희귀,4
2023-05-13,0bb3c2da5b9049a198e7d85cce8e253a,130016,희귀,4
2023-05-13,e1571db3dbad4f2cadd5b7415fc219b2,130016,희귀,4
2023-05-13,5b379be4ef664a51887342145149d33b,130016,희귀,4
2023-05-13,95176c88270542c487c402e1c17b2705,130016,희귀,4
2023-05-13,98165ad099b9457ea50d7363987b598c,130016,희귀,4
2023-05-13,8babd9e7d9f247b3bfb7cbf84257b85c,130016,희귀,4
2023-05-13,abe5ec8424f845b6921a775bd1da144d,130016,희귀,4
2023-05-13,1ae8ef2cc5814ac796a2ec5381ca19e5,130016,희귀,4
2023-05-13,23fc0f79d02941ecb011b392b7aeb14e,130016,희귀,4
2023-05-13,4b56d7771e854504b2d85029c47bd298,130016,희귀,4
2023-05-13,944ab1db2c954b1f9ca16b6e14c1f5b0,130016,희귀,4
2023-05-13,0568f262a4cc47ab98cc7603240fa34c,130016,희귀,4
2023-05-13,030a59ee3014422f9a914a0616f078c7,130016,희귀,4
2023-05-13,876a81ec36324205bd68580f35c6080e,130016,희귀,4
2023-05-13,9764c69aac7d4209b29d3b2bca3bee39,130016,희귀,4
2023-05-13,18c2089565344b5db5d3c034ae739202,130016,희귀,4
2023-05-13,b72e5a9bdf994d228d88ec43ee83da4c,130016,희귀,4
2023-05-13,978c25225e5f41ab93ab40693287f170,130016,희귀,4
2023-05-13,69731812a7384557992193a1bf95fc8e,130014,희귀,5
2023-05-13,efaaa4e1514a4af3adbbdfd8c8499c0a,130014,희귀,5
2023-05-13,ff0fe868193b4f228105e9cce3b37774,130014,희귀,5
2023-05-13,f2017e840b2e488aa594bc8c588de9db,130014,희귀,5
2023-05-13,5ce96375dc974d56aed41aefc418ea71,130014,희귀,5
2023-05-13,c1a58b618aa94c4c8a932b96251ec41e,130014,희귀,5
2023-05-13,f38e1facae824b16bf15c7b7bf343868,130014,희귀,5
2023-05-13,975303742ae54234a9348cd0a3115fd5,130014,희귀,5
2023-05-13,70731116aa23446aaaca75d43faf356f,130014,희귀,5
2023-05-13,0cc5a0100f7a4a8ab168849dd07d3bc2,130014,희귀,5
2023-05-13,9ea5261ded5544cdb434f6ce0b2edfb6,130014,희귀,5
2023-05-13,ca243403d4ec4180bc33a6053b89ab61,130014,희귀,5
2023-05-13,32c9d9849ff0449587c52712dc497941,130014,희귀,5
2023-05-13,38f1f99c652248879faad5a1a01d5d40,130014,희귀,5
2023-05-13,5202bf31ead745e79ca67bc9c0e660f8,130014,희귀,5
2023-05-13,48493bc016cb458a81ba78c4650da2cf,130014,희귀,5
2023-05-13,1600572691294ac4a45da4e4e21cb80b,130014,희귀,5
2023-05-13,9f551910c7014044b643f6a100d2912a,130014,희귀,5
2023-05-13,28cc4c0a16154ebfbf8d49c5455941c8,130014,희귀,5
2023-05-13,ad6c88c71ed544298d339b5861ffe87b,130014,희귀,5
2023-05-13,209177a3e3204c8db59bacadbc7a0562,130014,희귀,5
2023-05-13,9b249a2412bd4ac2a784dbf58bccd098,130014,희귀,5
2023-05-13,59a01800e4bf4cddb7d99d1ce7f95eee,130014,희귀,5
2023-05-13,0b747f03eac94fe1a8df7516da72ad72,130014,희귀,5
2023-05-13,9a204727377d4c2dad27b17d5850861f,130014,희귀,5
2023-05-13,85ee8ce0504e4d6ba70e38ad7628216f,130014,희귀,5
2023-05-13,99e36578654544cdadc35a6d6cc9bdf5,130014,희귀,5
2023-05-13,26529c34b0ae4e169f47f40f2bd93e01,130014,희귀,5
2023-05-13,75e3cf2f4f1d4c6ab00fec114886fde6,130014,희귀,5
2023-05-13,87890d3c947c47908dc332c9f0d11862,130014,희귀,5
2023-05-13,1bbc10956502452bb12e2447d64607ab,130014,희귀,5
2023-05-13,22baa40859904dec8925a26c87cc4b49,130015,희귀,5
2023-05-13,091b4562a96c46639809aee011e5d740,130015,희귀,5
2023-05-13,348901ddf6b2400aac1c8f863a1bd55d,130015,희귀,5
2023-05-13,bcadd60037f943b381c7139e4c5bb5be,130015,희귀,5
2023-05-13,81da13d5eaad42aabca94a9de41420e5,130015,희귀,5
2023-05-13,a6cb09b83ee947ce9aca013fdd97911f,130015,희귀,5
2023-05-13,5be44e54f6f146cc88ae0477ef9686ed,130015,희귀,5
2023-05-13,6f49a318370b4e02aa9b857f9370246c,130015,희귀,5
2023-05-13,1a2c864a5fe043679985475a6a57f51a,130015,희귀,5
2023-05-13,6f23d8f3879943a992fc315af92d1827,130015,희귀,5
2023-05-13,857ee53f29f7421c9d08e80a095cc52d,130015,희귀,5
2023-05-13,7fc6d281df18451a89a878f3fc399ab4,130015,희귀,5
2023-05-13,0f7ba5677d494e49a3c1ee09f8df887f,130015,희귀,5
2023-05-13,639c2c6db0a64afbac9a6387266b8e07,130015,희귀,5
2023-05-13,241be8bbd3e945419e8bcbe70e9c1d6d,130015,희귀,5
2023-05-13,ab99ffa240b34a17aaf5411d451ebbd8,130015,희귀,5
2023-05-13,832c0ea403a04fdd97ae7d8a1058cb28,130015,희귀,5
2023-05-13,8c6a1b8c478b41acbb7ebc1b7b8788b4,130015,희귀,5
2023-05-13,76c45787174345d48769fbd36ff1fd81,130015,희귀,5
2023-05-13,8d56702c344e45cb97dd4a348c61c2a6,130015,희귀,5
2023-05-13,d07b2f972b2f46a0a1ece6a9185affae,130016,희귀,5
2023-05-13,c9c7501a483543eb8c27c4d550d66098,130016,희귀,5
2023-05-13,e01514bdffa942a1810022e7cc9b2339,130016,희귀,5
2023-05-13,8ba39a2453b04d2fa39765fcf94d3fb2,130016,희귀,5
2023-05-13,4606c6e31b77485d983fb9574df09aba,130016,희귀,5
2023-05-13,e70f9796ae82413cbe13266e099425a9,130016,희귀,5
2023-05-13,518e057ca5ae4a57acfa179a94dc48f5,130016,희귀,5
2023-05-13,9e3424ef62e44258b8cb5ca68e638f8d,130016,희귀,5
2023-05-13,ea267fb4b3634c5391a45ff0870a40ac,130016,희귀,5
2023-05-13,a2387e72d1d540259007bb21d923971a,130016,희귀,5
2023-05-13,b86571fdd54f4e11a18fa8de2de702c6,130016,희귀,5
2023-05-13,a38fcae3baa8457487a632bf432ab2e6,130016,희귀,5
2023-05-13,e2e674aee0404155a0da93149a1518b5,130016,희귀,5
2023-05-13,0bffab57dacd40c99ef28cb470a61e3f,130016,희귀,5
2023-05-13,2153ce34ccca4189860cf6ce7513b890,130016,희귀,5
2023-05-13,0986b42a855248a29742a9c4d067af88,130016,희귀,5
2023-05-13,64a494d5f8dd461fbc27277aefd6c98d,130016,희귀,5
2023-05-13,10ee7eb516ba43068d119ef8e71cf8b1,130016,희귀,5
2023-05-13,9aa2791bb3034c7f9e515e438a0c27cd,130016,희귀,5
2023-05-13,bc8d6da0367848ccbbebf580c3fdc735,130016,희귀,5
2023-05-13,41063cba4fa54107abd12a46a815c8c5,130016,희귀,5
2023-05-13,88566dd3fca944e18defbafe98bb33c1,130016,희귀,5
2023-05-13,25a91a61897f4f5a989c20ea77a96c91,130016,희귀,5
2023-05-13,db68c0307a0e4e8288f39fac3649088b,130016,희귀,5
2023-05-13,bb0d43c372bc4d5690aefec99a2f1b97,130016,희귀,5
2023-05-13,8234f4901e6546b4aa80eb6c71b3e1f6,130016,희귀,5
2023-05-13,94759699d18747288897dba13f6c300f,130016,희귀,5
2023-05-13,715553e37fa2450cac3c3d7b1edeb5ac,130016,희귀,5
2023-05-13,1b2d8f3e44364bddb67939b24b209bfb,130016,희귀,5
2023-05-13,1812f89be2964e46ba7cf772c02fb9f6,130016,희귀,5
2023-05-13,2e10d9cd5fde4d5f993cbab4056a1bd6,130016,희귀,5
2023-05-13,d64008df5ead44a8b0903eba48e59f7a,130016,희귀,5
2023-05-13,43cc22e4ce58408b929901b7ceadbcff,130014,희귀,6
2023-05-13,7e722796b44543a48a008533d3fc8e12,130014,희귀,6
2023-05-13,a2a0a084e8ae44dfa824920c1aa29046,130014,희귀,6
2023-05-13,de1bc72137aa4760a7a672b46435e5e8,130014,희귀,6
2023-05-13,b1609eb3495e4e8eb7ad00daee0432a8,130014,희귀,6
2023-05-13,5bb8b628eeea4b8cbf2753b9aa6de1c0,130014,희귀,6
2023-05-13,243227f048354893abc1d800653896fd,130014,희귀,6
2023-05-13,c6af781ccd4b4770ba55e485ddcfbcac,130014,희귀,6
2023-05-13,4d5165819f5b4e58aae6d2d68e1868e7,130014,희귀,6
2023-05-13,1549642c031142bea66a5b98d299d332,130015,희귀,6
2023-05-13,c74ccaed7b204c9c8bac58e4edbc0719,130015,희귀,6
2023-05-13,742a3d6152f34ad19e0e903221d69d2e,130015,희귀,6
2023-05-13,4983cbaef81d4ea4969751f854eae311,130015,희귀,6
2023-05-13,80bb5ac2ecfd43f9b7b06b105d7d07f1,130015,희귀,6
2023-05-13,c492c76706594614b6d5f09f47a2fd04,130015,희귀,6
2023-05-13,21436995422e40c6b50dad82c1fdf972,130015,희귀,6
2023-05-13,95207280247e40548e17127d1876f023,130015,희귀,6
2023-05-13,5506c7bac71144f69c4060fcdd610713,130015,희귀,6
2023-05-13,70624970299f4ea9a1a7f89941e52c8e,130015,희귀,6
2023-05-13,e87f3075e9fe4768b55898aa78a55061,130015,희귀,6
2023-05-13,08b98472f1e14c62babd65c8944cc12f,130015,희귀,6
2023-05-13,c0b99dc8f3a94432818282a74f936cbc,130015,희귀,6
2023-05-13,398b99790a914fe1928714889055ecb2,130016,희귀,6
2023-05-13,28d951762fd243e9a6cc2b239b9f6878,130016,희귀,6
2023-05-13,78def3fd671c4d65b7601a02229eaf6b,130016,희귀,6
2023-05-13,d61584b590a54b289a9dc6f3563941ba,130016,희귀,6
2023-05-13,b66e37ecd44b4e7480e985de96bed24b,130016,희귀,6
2023-05-13,5324ffe8f64946e98974f3f87f303afc,130016,희귀,6
2023-05-13,111e5279c4e24739bd47e1841eb42b6a,130016,희귀,6
2023-05-13,9c7c2c27c9ed4c19be58167d4ff0f8a0,130016,희귀,6
2023-05-13,38b669a7e8794e23b1605c5702085871,130014,희귀,7
2023-05-13,94347229e3cc44349ecf7889f9d040c8,130015,희귀,7
2023-05-13,fab134a69b9540f48477374599cdbd53,130015,희귀,7
2023-05-13,6f3a8e8c5eb3487792acd1c7312196c9,130015,희귀,7
2023-05-13,09b03a3fd6e84d80a346ce9fbfe429a4,130016,희귀,7
2023-05-13,2242c5fa344b4bfea241e1d8ae333b17,130016,희귀,7
2023-05-13,7effbc3d7dd54b7da400e616f6290e06,130016,희귀,8
2023-05-13,11cfb03cf0c1417b8f54386eb8fd2c05,130014,희귀,9
2023-05-13,11cfb03cf0c1417b8f54386eb8fd2c05,130015,희귀,9
2023-05-06,aa89d496d3f94094b27cfb79f3c52161,130001,일반,1
2023-05-06,5123c64796124e0ebda968fd242a837c,130001,일반,1
2023-05-06,a8bde07e14e04a5cabc37808c47d6da7,130001,일반,1
2023-05-06,e5ce232fdc82416baaa3a2d4a77fa08b,130001,일반,1
2023-05-06,6ff8f7bd83f94950826c94fbee9e3566,130001,일반,1
2023-05-06,93a6621eadbc4d9fb28cc51f10d0bfb2,130001,일반,1
2023-05-06,e9308e5cda4d42df803e1b1f3b19a030,130001,일반,1
2023-05-06,8e9a1f73c32b44e29a2d6b7406d580d1,130001,일반,1
2023-05-06,cd7b70da3e6746108377fff082921299,130001,일반,1
2023-05-06,c6200032d0e448448f46694996d25fdc,130001,일반,1
2023-05-06,721f6c6b942d4aed81ed37b631fa5b40,130001,일반,1
2023-05-06,3bddea8bc4ff44bf847d16222faed869,130001,일반,1
2023-05-06,b83c347bb5784736b90c63143a7675fc,130001,일반,1
2023-05-06,c1084c1942b041e88807cb3e461290da,130001,일반,1
2023-05-06,94580e79aa7843a38df10ef3b8290f2c,130001,일반,1
2023-05-06,c7c64c0925274fb7b11566ed5c1e0a3c,130001,일반,1
2023-05-06,aa10a53fa760480ba673574b3468b203,130001,일반,1
2023-05-06,f21792cabdf74f62a34f54c1c748142f,130001,일반,1
