dt,user_id,dice_roller_cnt,box_open_cnt,ad_dice_roller_cnt
2023-05-12,fff8a0e6e9e04fc7a6834ca06dd1d3a3,0,0,0
2023-05-24,289cb23081b14c3c9588d74e462aa7fc,0,0,0
2023-05-24,a07c7bdc82874c7887391be1fc39fd1c,0,0,0
2023-05-24,3228b174ca044a98a46979e1487fad5e,0,0,2
2023-05-24,fd56f40a4a084106b0f3a0954f1de348,0,0,0
2023-05-24,e569644841aa406d9920397b7bd7886a,0,0,0
2023-05-24,0de176580e9a44c586bc4a7597d8bc5b,0,0,0
2023-05-24,da38cd005f1f4a018401960a6f52f464,0,0,0
2023-05-24,5be7a9691fcf420b80e0325e5705721e,0,0,0
2023-05-24,7e7affe7c6ce48eea4fa288f83d6751d,0,0,0
2023-05-24,957dd05ea2cf4b2aadd926d66e2ebbe8,0,0,0
2023-05-24,32303aaca91f41a5b6fae9cc4fbbae54,0,0,0
2023-05-24,23a4ba6d5b4a49e3809c975f4a844f51,0,0,0
2023-05-24,63dbfbedf0ca496f8f124fd4724741d1,0,0,0
2023-05-24,63e62539ec2c4789b7c1b7bfe1184d00,0,0,0
2023-05-24,42dcfa6711a842fda5e6fdeba96afa4d,0,0,0
2023-05-24,9b6b3e2eed3544b89391cca54ec7bace,0,0,0
2023-05-24,0fae300d159b4d0c913d6b1ac845dd03,0,0,0
2023-05-24,49d1a637d47344728eba7c264a60be4b,0,0,0
2023-05-24,7a7ae2ff06ee4a6f850c15411fb49869,0,0,0
2023-05-24,7e21cb57789949b19a59d7e44616fec1,0,0,0
2023-05-24,7f4b2ce3ae6347358901e5539dba7c56,0,0,0
2023-05-24,f7fa469cd7f94935b5f21ed38ee39ad3,0,0,0
2023-05-24,dcc2ee8e79f74bdcbcff1862219642f0,0,0,0
2023-05-24,bcfc9c43a8ca4a07b036556021fa4f34,0,0,0
2023-05-24,6e8f16be51a543feadf30f9e2998b1c3,0,0,0
2023-05-24,7f8181cd735f496ab6e6558ac56074b8,0,0,0
2023-05-24,92e6e3ec2bd142adbe97eac38d1ec6bc,0,0,0
2023-05-24,377e77eb2fd342909f16cd5657812cd1,0,0,0
2023-05-24,2f6d7ff80b38468980b57ab6d5a1c02d,0,0,0
2023-05-24,90a59e33c83d4381b845529b7dac322f,0,0,0
2023-05-24,c467070d32244406b9623e7c2519dedd,0,0,0
2023-05-24,f438195f2e5c416cbb41757717bbc109,0,0,0
2023-05-24,6f5069b70bc4486b8686bc2d8e43923c,0,0,0
2023-05-24,9fe8492911c04be78a8325e31efc3b6b,0,0,0
2023-05-24,5f9684cfcb414006955e4c6c3683174d,0,0,0
2023-05-24,0797818281e64cdfb53c9467f5bf71b0,0,0,0
2023-05-24,6e0fcea508114172926bd1257ec5588c,0,0,0
2023-05-24,5b9d870a252c475a9e982bc0ce48c320,0,0,0
2023-05-24,9d4401fe95e34930b0c76333770831b0,0,0,0
2023-05-24,96dc97d4159e4400bb38a11487118f99,0,0,0
2023-05-24,4243a9ff118242e8a60d940693f909f0,0,0,0
2023-05-24,262446e2ae874088824d910dd77136ef,0,0,0
2023-05-24,58a9e3ab090e4d649fc44401977b56ee,0,0,0
2023-05-24,7df6029e3377415da0acfb5756afd497,0,0,0
2023-05-24,a02e1cd4e36340c7badd40ee53518826,0,0,0
2023-05-24,e402cf9e44aa4ff2926027c3def85ef9,0,0,2
2023-05-24,474aa49341e942f094f89459876cc13f,0,0,0
2023-05-24,dc80fe15165c4c95ba08ac4edd8987ab,0,0,0
2023-05-24,bc0f2a19560f40cc8a5a79434fcca5af,0,0,0
2023-05-24,a8b2d219cbc54206bb8020601bb54ece,0,0,0
2023-05-24,b4e72d589f1848d3992e2fed384de7d9,0,0,0
2023-05-24,c12a88cd7dfc4895a3ca7a4665cbf5fb,0,0,0
2023-05-24,5c0694796573425b8d6f99e23de61bdf,0,0,0
2023-05-24,b88ac5ce31644b80831b5413addf0003,0,0,0
2023-05-24,80e251888ba347209b364f6fc8bc37ac,0,0,0
2023-05-24,8e8424a1e905482c8421d81083fe495f,0,0,0
2023-05-24,1429823f3f4c47ca9893e283cc472ac5,0,0,0
2023-05-24,e232f58685274e748fc57c13de6c2af2,0,0,0
2023-05-24,99dae335a27c424d86d51890ca6d7f41,0,0,0
2023-05-24,a16f6abc8aa549bb8975702726d459c2,0,0,0
2023-05-24,830b6df6165744e5936a4146c0c13e47,0,0,0
2023-05-24,d9d760d177074cfebf947644d308c11a,0,0,0
2023-05-24,534e3f5e2621437485535e33ea739710,0,0,0
2023-05-24,51ec4e3a7d314dfa928a915d62a96f6c,0,0,1
2023-05-24,9ed308c8bdf448ea8a803f0c8e13338f,0,0,0
2023-05-24,84fafc22d40040cc95a37766ad7c6df5,0,0,0
2023-05-24,acf8d7bc26ca41b097b7b70979bf49c0,0,0,2
2023-05-24,f3e0ce5f1dfc4304920cadcd64809786,0,0,1
2023-05-24,d6636d3aa26543f59a9b2238255a91b5,0,0,0
2023-05-24,016507ff2ed149068fcbfc8afec1816d,0,0,1
2023-05-24,bf0740a73f2d466daa4066d679a75a16,0,0,0
2023-05-24,7921f7e0f1dc427b9affef559ee0be40,0,0,0
2023-05-24,51387c2247854d80b1c22b8dbc41d9e7,0,0,0
2023-05-24,425338226ade473a9b4ca226429c65c6,0,0,0
2023-05-24,30daca8a31864314ad11f8f7f1764578,0,0,0
2023-05-24,3ee3a566794d434d885ba9f972983ef5,0,0,0
2023-05-24,caca0a7055664e7297dc30314dcd7e9b,0,0,0
2023-05-24,80adea9e5be844d0ae416c975a934d5b,0,0,0
2023-05-24,7dca07345f304d4c84517a6fccd4e89a,0,0,0
2023-05-24,ae40280ac4c04d70956e6fc994d7204b,0,0,0
2023-05-24,d4bc604f33e94a5fafbee125f8e71858,0,0,0
2023-05-24,e10a6c4b82574f108f5519edbc8a3acd,0,0,0
2023-05-24,d1c586a501c84e86acc913130d7dad52,0,0,0
2023-05-24,bc72d9b6ed46462492be0e3f7ece10d2,0,0,0
2023-05-24,f5e391451f4a435a832ee45aa0905031,0,0,0
2023-05-24,ebf3ffce404042a3a0e3ca7e3308b591,0,0,0
2023-05-24,e72992a24f3449cdb5f373bc3d100776,0,0,0
2023-05-24,7ac46c152403413aac903c79d06e3dc6,0,0,2
2023-05-24,97bf548f7d4c470fa4efb3c0af1e1c63,0,0,0
2023-05-24,47d3629217f242829c3e308daed7bddd,0,0,0
2023-05-24,66f278f63b7a4560b973715b04c0d3b2,0,0,2
2023-05-24,1147fde390d643eabcd18d0e9d41e2e9,0,0,0
2023-05-24,ad4116439a054d8d9dd19ae200a73238,0,0,0
2023-05-24,ab0e8af0ceb54f61983cc0c921eefc89,0,0,2
2023-05-24,83c78f2f58b14a2b91e2abf1960446f7,0,0,0
2023-05-24,bac66834ff5d4df385df89e345529ea4,0,0,0
2023-05-24,f73ba681a35e421bb9a37b5f64e9aa0d,0,0,0
2023-05-24,5100da9983554a528ac01c417a71a6da,0,0,0
2023-05-24,627b07e8d3774427a1fa3be3e27bbce5,0,0,0
2023-05-24,c221d90a7f2447c59206184fee5960f6,0,0,0
2023-05-24,ad8331cc153440bf88bcf7bd7cd571b8,0,0,0
2023-05-24,125910eb47b0428bb959e476fe0e8ab6,0,0,0
2023-05-24,0c23ed01a7d34871b830ecdbcf73fe63,0,0,0
2023-05-24,73f5a14534ca49d0bde2670ef394c36d,0,0,0
2023-05-24,9792fe9359d44f0aaded58f3a674f76a,0,0,0
2023-05-24,4c1b8094defc4fdbbb922ac0a47414f0,0,0,0
2023-05-24,6a192211f6d24dfda5a8581ecaf34cf1,0,0,0
2023-05-24,6b9c29f86a44450785cd16b514f51933,0,0,0
2023-05-24,f3ede6bd7d3e4cdeb30eba127734bb61,0,0,0
2023-05-24,06ffc08d6ab44a2384de65ddf1b83d55,0,0,0
2023-05-24,e7f3b148106e4f8b8e870943c47bc590,0,0,0
2023-05-24,32fa0586c6424dbc9b923ab6907ed4d1,0,0,0
2023-05-24,ee31c241f29f4e6895b721acc6fda3b7,0,0,1
2023-05-24,a645d3f330664b29aa8debaec4308076,0,0,0
2023-05-24,7a7af37b99d14a0ead90f40c94601e26,0,0,0
2023-05-24,9b8c4ea8e1b945949bcac3a5b45afcf8,0,0,0
2023-05-24,de7822b1330f4204bb2111b9eae24219,0,0,0
2023-05-24,52d5fcb477cd4e3f8a84f922d058ef78,0,0,0
2023-05-24,f4fc0f68004a4a4ca9c0ae437ed65a5e,0,0,0
2023-05-24,c263f46452e54dda952aa74cd14d1cf1,0,0,0
2023-05-24,02c87976546f4cf5b068cf64e092e84f,0,0,0
2023-05-24,38b5ca4f9fbd493491a66fe28e307d3e,0,0,1
2023-05-24,75f907d8cbba4549815d6b9551e59007,0,0,0
2023-05-24,338405a5c5534fa88329c3786ca8661d,0,0,0
2023-05-24,1607596243f04bcaa62433c28eebbc81,0,0,0
2023-05-24,e60ed8f916c7469cbe469591891fd547,0,0,0
2023-05-24,b5891bddfe484e1da4fce4dc7a92d44b,0,0,0
2023-05-24,8ff709f015724f7f9e1aeaf964588c14,0,0,0
2023-05-24,367b8e45c26d43dd8e6280ba71c54a65,0,0,0
2023-05-24,dfe6b1e0c1ad445e8052228e52509512,0,0,2
2023-05-24,bfba25a6990049f5bd48a8229eb412df,0,0,0
2023-05-24,90352e3484714196b3152d2c9c35bf31,0,0,0
2023-05-24,df50f332c0ba42c6b37840f362499ddb,0,0,0
2023-05-24,938941ffab7a4fefa733e445f531fcb0,0,0,2
2023-05-24,07a11dac717840558862c575acd19499,0,0,0
2023-05-24,f6d03052eca14283b7645cf5941f7d4e,0,0,0
2023-05-24,671571c6d6044d6f8310cf4db8a6e13e,0,0,0
2023-05-24,4c1c8a88a36f4aeb904614d75f191395,0,0,0
2023-05-24,a64aa02143a448288e3326827c98295d,0,0,0
2023-05-24,b88768e145ba4bcf99aaa8c2dc8d4ab5,0,0,0
2023-05-24,4904e2b777d84888ad8b144d410d9208,0,0,0
2023-05-24,77190afac64f495d88017cd763322136,0,0,0
2023-05-24,bb45a7cc0df84ad1a039167c662b9ef0,0,0,0
2023-05-24,b8b68eca61eb477891fd860696e2a2c9,0,0,1
2023-05-24,f52e5f2b96324deb9930d42ff2ccc87b,0,0,0
2023-05-24,2742512c83b74526a4e2a69800caede0,0,0,2
2023-05-24,95b5c68405594f52804b23923e81ddfc,0,0,2
2023-05-24,f97428c9d55145a0b76b1011e59e9fa7,0,0,0
2023-05-24,b0fe330c0b874efbbda598146e17b5e5,0,0,0
2023-05-24,438a4049001247efa9732b31f7ff19dc,0,0,0
2023-05-24,9a150c2e7a4448dc80d1d9f0307fa4c6,0,0,2
2023-05-24,bc1d841d726642fd84c1e0450816bba4,0,0,0
2023-05-24,5358b64c90954765966c1ec0bbf82e54,0,0,0
2023-05-24,dd59e0adb72e4118bb01c5de718478a5,0,0,0
2023-05-24,2bb799ab5dbc46b8814ff9e406743351,0,0,0
2023-05-24,affe589dae06480586b85dc76c6ec16e,0,0,0
2023-05-24,b065e21443ec4505a6d85c98b23b42b4,0,0,2
2023-05-24,1c3be21992c14c8f963824e7b8018550,0,0,2
2023-05-24,f4fedd1bc70a4077ac53152aa7ac83eb,0,0,0
2023-05-24,2fd7de0a2ba94b928ac397196d866e08,0,0,0
2023-05-24,64ec72190bb643f4a9866d9dd9bf9730,0,0,0
2023-05-24,e4257c1de61b467f9860b292a4078382,0,0,2
2023-05-24,5efd8b6f456d4cf7aa947e097afa6386,0,0,0
2023-05-24,36a1ae6d92fc4fddb9a9f3475320f826,0,0,0
2023-05-24,15fca6477dda4391b0e60ba032b3d9c2,0,0,0
2023-05-24,3b9d368f85734514bbe1ae0bd671a49c,0,0,2
2023-05-24,e1ab18a563f14b25bf5c564843d41cd9,0,0,0
2023-05-24,cf254ab4acaa469bbbc6061586b2b779,0,0,2
2023-05-24,f6b8e823d9064416b50784f10cdf96f4,0,0,0
2023-05-24,0f90fe6f12e34d75871ab8cc22940587,0,0,0
2023-05-24,c1eeb2c61e564d18975e851afee7b02c,0,0,0
2023-05-24,56ec975c5c944d25849aa11dd7b6e256,0,0,0
2023-05-24,75821d858dae4b23b3906d3807f40b2d,0,0,0
2023-05-24,7b16d5acdca84f4f907a565e22f6cdc7,0,0,0
2023-05-24,91a5408e25b049aebb21a439a2d64af8,0,0,0
2023-05-24,8c32fc30d1e04f15b3c009d3d99434c7,0,0,0
2023-05-24,ef2656356a5a444487f347ef69c23b88,0,0,0
2023-05-24,89175f1bea824dba940085cf5cba44ed,0,0,0
2023-05-24,bb2bcd8250ad489ca8f6a661cb07be82,0,0,0
2023-05-24,87b3c4e3a8244880bb1c3eaa781c98d7,0,0,0
2023-05-24,67e7f1fb4ecf4d9a87d1afe46f39586b,0,0,0
2023-05-24,af44e42ba42a4e21b7778d50b691705c,0,0,0
2023-05-24,511ef992eeb540289dbaaaadcaa4129c,0,0,0
2023-05-24,e2c052bc81d54d9bad1d24c0bcf30fd4,0,0,0
2023-05-24,5e49303529ee49bf917ff96115ea7cf7,0,0,1
2023-05-24,159fc5efe7e145ab9bb79a975f225549,0,0,0
2023-05-24,16b489914607431fb0680f0c0ceb405d,0,0,0
2023-05-24,82506f13e0084d08b639cc5dc9fae61f,0,0,0
2023-05-24,6da05570a1114966ae2c0061be58c606,0,0,0
2023-05-24,9ced8ff328b343c5936cf919c1561fdf,0,0,0
2023-05-24,c3cd67f6bf9e4ef7977891208c5d7580,0,0,0
2023-05-24,f31850bc329142b08f21e61ae4d2b508,0,0,1
2023-05-24,919da9b214e54393b09bdc27efc9bea2,0,0,0
2023-05-24,0d487279b6344261831b9c52c67bedbc,0,0,0
2023-05-24,6943f247ac924517a7602af0e0bf6e01,0,0,0
2023-05-24,eb160ee86d4a4b32845668cf2efb99eb,0,0,0
2023-05-24,b76dc3c9ab0e4603a62b38f0d1c63eaf,0,0,0
2023-05-24,5a5639f79fc14fb49706d5970e343358,0,0,0
2023-05-24,c9df1eaf665140b68b4c396a558d54ab,0,0,0
2023-05-24,dda93f5a7f764c5498d88e0a62eb1484,0,0,0
2023-05-24,b138e0d42eea47899b475e2663046e18,0,0,0
2023-05-24,a059f5e441f34f75bb173d821df0b0c9,0,0,0
2023-05-24,c7a99d49e41e4132b3b656c1e703d028,0,0,0
2023-05-24,6a44247e618e4f9783ee0db56bf5a99c,0,0,0
2023-05-24,e6e24ef47d434c6d872191b04826f393,0,0,2
2023-05-24,a0ff000d15344c1faaff510dbb3e7385,0,0,0
2023-05-24,1839f88191f84620b152f3ac7cf724a3,0,0,0
2023-05-24,9279132673954e50b337562c6a4d7c8b,0,0,0
2023-05-24,c585f3b9f81242b1bcc115137cc0498d,0,0,0
2023-05-24,98c13a681e0746358049208d19d87485,0,0,0
2023-05-24,7e314587588c49fc8bd27e2256ae99aa,0,0,0
2023-05-24,c8b96523acb344ed839ad924af777e1a,0,0,0
2023-05-24,cd17cb98c212493f80de5513d2424746,0,0,0
2023-05-24,31bd64bfcd5e4dda9b72dbb2733d3348,0,0,0
2023-05-24,1aa2d4055ff04e6ab6f6d078fd0b3848,0,0,0
2023-05-24,bb23b53bf7eb4d37aae41058390c0aa5,0,0,0
2023-05-24,135e5bd243584456be3b3558782a71bb,0,0,0
2023-05-24,6175f8a55bed4f4c972bd29b10a08d55,0,0,0
2023-05-24,bddcee9b3ccb426cacd94f8754f8e3c8,0,0,0
2023-05-24,8d78dc44dd5d455db50bf60852cad333,0,0,0
2023-05-24,a842e9dea42148909890a2a65ccf944f,0,0,0
2023-05-24,58e313514e724ead8b0ad5f07b02337e,0,0,0
2023-05-24,1c78e81ab69549259d0423b6871c8a73,0,0,0
2023-05-24,f781a55135504a848cd66e12cfb76797,0,0,0
2023-05-24,221edfcc77874983861bc86438e06cd3,0,0,0
2023-05-24,f3a3dd4c787345ffb2d5d00281dfb852,0,0,0
2023-05-24,e3ce1310b95143e1b5a5e9c027a7519a,0,0,0
2023-05-24,e370f70fedec4a45977db227a5a88f2c,0,0,0
2023-05-24,a3f9c5c1dd8140f4ab3f8705ba6a83b0,0,0,0
2023-05-24,f017e5f808a4423783e98a65af9e8fc9,0,0,0
2023-05-24,e344df64f47040e490e66f9b2b7e5d58,0,0,0
2023-05-24,b7c976f339f34e38bb6f83af0357a2da,0,0,0
2023-05-24,f068f43e4ade4d01abe387bca4a890fe,0,0,0
2023-05-24,831f370790564366a0c9c79bdd2d60af,0,0,0
2023-05-24,f6d30b67be1c42a7a3219d9501edd193,0,0,0
2023-05-24,6ff6d5ade5fb46cea5be2342a6b597a9,0,0,0
2023-05-24,6a6197a54c2a46f5b42929a9365947fa,0,0,0
2023-05-24,08a16da1222d4ea8a99de06b247a8a07,0,0,0
2023-05-24,15d98b378e464d9d8c728a1cc81e6f9b,0,0,0
2023-05-24,a8fdf3a8298345ba894d9fe9d396a33a,0,0,0
2023-05-24,69725eefaa6c40d0bca704b33c6006e9,0,0,0
2023-05-24,2ad7ee23962d4b02a7dbd00c869410b7,0,0,0
2023-05-24,5d1fc12aa5df484d9ddad1eb3a763fa1,0,0,0
2023-05-24,ab79b05eac284ef29d9dcc0fd51872db,0,0,0
2023-05-24,56369da15dd24fa490505ec0ca7931c5,0,0,0
2023-05-24,91d06ea8e6b941a897eea06e8c381481,0,0,0
2023-05-24,29c8139437ab4ea083539b2e3434b4c6,0,0,2
2023-05-24,b188f23c993b48f0a3141187fc49df16,0,0,0
2023-05-24,31cb17a3bf4745bab8f916ffc3829ec0,0,0,0
2023-05-24,34c06d60baa74f5d9e6556ee76725014,0,0,0
2023-05-24,0e79984ceed140d8b8615c5ad300c885,1,0,1
2023-05-24,04e4377854374a6093f192fb17d9fd97,1,0,0
2023-05-24,a49390dc5f7c4d8bb55f24302d8122bd,1,0,0
2023-05-24,cd3c6da9aa8a4a7282093496a6478a34,1,0,0
2023-05-24,26637904abef407b9ac1aea6d419ad09,1,0,0
2023-05-24,50c6b6265c814d20b9d88b39f6e06139,1,0,0
2023-05-24,91b535a8d11b467fb7c2934628856542,1,0,0
2023-05-24,85afbcdc6a3b4823bf800640f1fde27d,1,0,0
2023-05-24,4934b6e451984c7a8a1fc6826bf0794a,1,0,0
2023-05-24,c3121f164ee349d1adfccd80b97f0370,1,0,0
2023-05-24,d759b04a0bfc47e68c333866478799d8,1,0,0
2023-05-24,6b91bd6eefbc410cb7ae0fdc76ef5819,1,0,0
2023-05-24,a765cbf37e3f41eb88c4c8c3765499a0,1,0,0
2023-05-24,82bf048201814539b5f4ad12335b8570,1,0,0
2023-05-24,227e3d1d63ea4a6ead5a4df1126f29fa,1,0,0
2023-05-24,2f2ec8c7f60f4add96e137389f8859b2,1,0,0
2023-05-24,252d2de532a84ef2a26d0db59ae23d76,1,0,0
2023-05-24,6e635b1db90d48bb9cb671b0d7e11419,1,0,0
2023-05-24,692281f0683e459bb7b8c7f0c94aa72e,1,0,0
2023-05-24,5d23e9a6cc45403db826a8724fbb5c36,1,0,0
2023-05-24,18ef44453acb4367a982cfe6a2939064,1,0,0
2023-05-24,efc7e2d355f4457d8e2671f62ec34f0a,1,0,0
2023-05-24,8d72fdfda51e4c7da98ff9a451df594e,1,0,0
2023-05-24,600dfb1f237047dbbcb19093e010040a,1,0,0
2023-05-24,d03d918706db443796f83e8017b64198,1,0,0
2023-05-24,6aa9a6ef1e824c99baab9e6da0633f87,1,0,0
2023-05-24,af9d8948764f48c7a2161ef5c351e37a,1,0,0
2023-05-24,0ce1144442594684bd1f852495c42797,1,0,0
2023-05-24,0cd4ad46afde4f31bd133d6317abb4d3,1,0,0
2023-05-24,51ca88e978284eec9d2f94a0cc74f13f,1,0,0
2023-05-24,17a7a69133634b73b7e759796eb3dccf,1,0,0
2023-05-24,034c4e3b75f74dc4ae8d8f97f88e66d0,1,0,1
2023-05-24,a5fcf3e77e674578ab0e66ed986ba5ad,1,0,0
2023-05-24,52cf163a25634e1d8e2356e1c31fa239,1,0,0
2023-05-24,2dbc564a6f434f3b9ddff681e06550b6,1,0,0
2023-05-24,2ad9d0d4421245aea122eb348c959a90,1,0,0
2023-05-24,bfc15149389e442682f0bdc474e9f889,1,0,0
2023-05-24,5629c55412da4fa6ba8163216f2b6455,1,0,0
2023-05-24,0452fc7916784f5bbc24b79baeb08a59,1,0,0
2023-05-24,a99b1549beff49168601b2e8a6d33629,1,0,0
2023-05-24,0e62a3e065d341f5969d97064d2da21a,1,0,0
2023-05-24,6ed76465430a45319e19a4b44f0655a2,1,0,0
2023-05-24,b47cb7c0e1294419aa355e215c3abac2,1,0,0
2023-05-24,3f5924a2280646b7b7eb4fe0b489c380,1,0,0
2023-05-24,04ef11b9a6364abf96cc1598da443c2c,1,0,0
2023-05-24,775375001001471497b9fe53b69e142e,1,0,0
2023-05-24,3982ec6e3fa645738526330651bed2a2,1,0,0
2023-05-24,6b53c1f93a3e4d7b9343de350ab65015,1,0,0
2023-05-24,5224871bfe0642da8fcc9989cbbb96ee,1,0,0
2023-05-24,939c0d66628e448096dcae732c6d3c9d,1,0,0
2023-05-24,f064f9903f194ebabe6ccdedd5d865e6,1,0,0
2023-05-24,15e4974eb6d748ceab73cbc8121eabd9,1,0,0
2023-05-24,1ce4abbf0f744c0ba65911d7505ac37b,1,0,0
2023-05-24,6b8592abb1cc447e92741393406b0d29,1,0,0
2023-05-24,b1613a96e6714c8ea11dd083a8f92fa5,1,0,0
2023-05-24,2e366e155af54441b9f7a7515523bfe4,1,0,0
2023-05-24,57f4b0b88dff4f8bbe3d5787bc06e925,1,0,0
2023-05-24,cc82eea565884b5398ca8a05c75e4ea6,1,0,0
2023-05-24,7db26dabbb084209ac4af112fa040acd,2,0,2
2023-05-24,3a723a1d92494f868795c24fbaa76465,2,0,0
2023-05-24,38dfa0c0a62244c888702df6c79ecc12,2,0,2
2023-05-24,66b3f7f490fd4138b730dfd74e265ecd,2,0,2
2023-05-24,4ba1165f7491463dac04dc624f0527bb,2,0,1
2023-05-24,5bc7daa760fc417b83bac1b562ee7e85,2,0,0
2023-05-24,dac1fc40e5ac41dfa2c71a150286305c,2,0,0
2023-05-24,238c97105d684429aaaa0f181f940bfc,2,0,0
2023-05-24,be14c395170148fd8dbabf182e13c0b9,2,0,0
2023-05-24,c0cdfa1ea51d4e239970309572772021,2,0,0
2023-05-24,bf2d7ea11b0a406b9f35287c1931f658,2,0,0
2023-05-24,15b0ecac1c7e4c0f93d1bb8c3f664985,2,0,0
2023-05-24,97e628ad427f47c6aab7a314b595b8e2,2,0,0
2023-05-24,6f8fb13ed2bc477ba1ce5736f227e0fa,2,0,0
2023-05-24,8264db82e308478daa5131f0d265c0db,2,0,2
2023-05-24,9fe4644a4269432eb1304fc043938d23,2,0,1
2023-05-24,ffecbc48d9754f48be5e43c413540e36,2,0,0
2023-05-24,780cb711920f441b9bed0dd5fceac10b,2,0,2
2023-05-24,d10769e0a754481eb31113d64221ef12,2,0,0
2023-05-24,a7e4cb76e63a4870a7b05dee46df453e,2,0,0
2023-05-24,3c0b6c0999e441c2a7f81e5071fd0d4a,2,0,0
2023-05-24,e51dc983d02e4b2d966c677ef9f39056,2,0,0
2023-05-24,553fae5d9aed4e97846d3b5c9cad2ff3,2,0,1
2023-05-24,3ab662764b894fa9b39957247414e01f,2,0,0
2023-05-24,ad2561e33f7e4b40b911a5f59573593d,2,0,1
2023-05-24,2691174f739649388dbb552d06920ea0,2,0,0
2023-05-24,6db5b9c639534a738657327b19e771f5,2,0,0
2023-05-24,c8189dde20194e5396bfe8753997f03f,2,0,2
2023-05-24,837e812c557648b89a50bf9b40d60a88,2,0,0
2023-05-24,f243982d90934ecabde8c3887fb0f024,2,0,0
2023-05-24,e0e790eb80d04f88aa415f8af5f572b0,2,0,0
2023-05-24,d20966e1182e49f1be802d930b417c1d,2,0,0
2023-05-24,a0bcf597dea14372902d3ab8354a8a39,2,0,0
2023-05-24,90a3c7a138554baca85b84534193cdb3,2,0,0
2023-05-24,b563830423fa46daa56be798501b29a8,2,0,2
2023-05-24,90a91076d7f1498bbf2f54f2091ca3a3,2,0,0
2023-05-24,a4376c2626bf48858ef0cfdf6da0c648,2,0,0
2023-05-24,090a9f11712245859264e2d81291de1b,2,0,0
2023-05-24,51c13ea7d67c45a4b5fe162e05abe190,2,0,1
2023-05-24,cef90a94ec0c4c0a857d0cbd164fa447,2,0,0
2023-05-24,047a51eb19364c7db70d44e29cdca55f,2,0,0
2023-05-24,65fac70b2a9e47169a461093e6d309d0,2,0,0
2023-05-24,61c1217719814845be1f4c08505597c8,2,0,0
2023-05-24,926c9ef5d8fb46bd80e1fbcf88a1acc6,2,0,2
2023-05-24,339816cb66924750b237fa556831c496,3,0,2
2023-05-24,e45adcbbee094e24b42c4e8d9902dc07,3,0,0
2023-05-24,522595b279d44b3f880e7b17a439679c,3,0,0
2023-05-24,73caf17834274e9db7b12461406fe4f9,3,0,0
2023-05-24,fe28640e5eab4e158b46b1c60305bafc,3,0,0
2023-05-24,b5d819897aea475883e4b5baf6a47e61,3,0,2
2023-05-24,8985a3bc078e499893e64d2bbdc86478,3,0,0
2023-05-24,eb844544f4c447508b5a5fc32c8addf4,3,0,0
2023-05-24,99c307069f7545ff968068ea5510c19e,3,0,0
2023-05-24,1c757ba9d0eb4042a8aa34c64de2fbbc,3,0,0
2023-05-24,1d6979f8adc44079adaa3d4bce733534,3,0,0
2023-05-24,072a913aebc24573ac53cb9f7830d6bc,3,0,0
2023-05-24,bf2508ebf3e64bd68f4e62de89ff3c14,3,0,2
2023-05-24,f44d33750a534b1a8aad7a9c1c8ca5f7,3,0,2
2023-05-24,5af38639c8b44d3b87437f0ad4535b45,3,0,0
2023-05-24,60f4b809eb164edb8f7b51e75fefa742,3,0,0
2023-05-24,4ab78c08af9a4bb59cff67f4107acbb7,3,0,0
2023-05-24,d407ef4fc86c41039f8425c132a7d5a2,3,0,2
2023-05-24,fd65b68d6c924edda6d1733b0dd27342,3,0,0
2023-05-24,17f22e90198847319be033ffdb05d9a3,3,0,2
2023-05-24,e061ae5f4938491c824fcbb82e5240c5,3,0,0
2023-05-24,5c03e79394f94083a7cb5a142cfec0cc,3,0,2
2023-05-24,65a133a6c19545ce97fade859ad04dde,3,0,0
2023-05-24,07fb230edf34401f9332a695c88c9dd3,3,0,0
2023-05-24,28fce6e052fb40a0bec13485b9bcbd1d,3,0,0
2023-05-24,84f0c73a68874600aff2eb316f1bca79,3,0,0
2023-05-24,322da0970fbf48eaab50dabce616f785,3,0,0
2023-05-24,adae3399885640ab9b4575b9c0656049,3,0,2
2023-05-24,8912cbe575424d1dbcdaa231573f1833,3,0,0
2023-05-24,02e10ec2a6be4852a066a660df452901,3,0,2
2023-05-24,b351a448802947c88433fddbd0da0d9e,3,0,2
2023-05-24,7248681b3ede4034838e5ce223cd07ad,3,0,2
2023-05-24,ea437507b7c045b8b2e444635744ff27,3,0,0
2023-05-24,3c67000f3d764205a41462001f44de2f,4,0,0
2023-05-24,993f93ad68d44ae0a84112a96d573cec,4,0,0
2023-05-24,d8c08a92d09141fb9955efb402de1975,4,0,0
2023-05-24,f2063bed53e748af960f1a58fa25b373,4,0,0
2023-05-24,6d1d28756c4a423dbc93842f51aae109,4,0,0
2023-05-24,89087479cbe24cfcad48c82b283b453d,4,0,0
2023-05-24,06c3de289d8f40d5896bb84dbc9a970e,4,0,0
2023-05-24,0a178b14996b44d4bfa4b720f16da843,4,0,0
2023-05-24,4327c0da0d404479a8088f7ae1bf6b9c,4,0,0
2023-05-24,a44e76d481534428b91ebc95a78bb98c,4,0,0
2023-05-24,077e85e837a543259f5f212a70456637,4,0,0
2023-05-24,6dd1dcdb83294009b1b91ebd94e30d2c,4,0,0
2023-05-24,8c07bd5aba604bea98658bd6ce8e8c06,4,0,0
2023-05-24,7d72e306393d42cdb6d848fddccad229,4,0,0
2023-05-24,5f258288a0b64a0290f8315fe5e8f155,4,0,0
2023-05-24,19ec990a7e4d41cd8a132757f58cb948,4,0,0
2023-05-24,5a2349ad004c4cd292af28e6a9764e75,4,0,0
2023-05-24,66c185bfd78f44918d0d4e72f0607810,4,0,0
2023-05-24,12b1c4254f5647baaad7ae82fe4976f7,4,0,0
2023-05-24,2744c5fe4247495bab6e22ed952dfb34,4,0,1
2023-05-24,7ef284d63c1841e191ba049f48094e58,4,0,2
2023-05-24,7fe945122c664937b4a3ba8b924ce257,4,0,0
2023-05-24,faca1f5176804aa887120257574d3f8a,4,0,0
2023-05-24,28a87887783841eda21f087c6f1b5b97,4,0,2
2023-05-24,f08556446e9e41c1bc7d816c655a5b6b,4,0,0
2023-05-24,a4d87600f45242a6a1e298a07230126c,4,0,2
2023-05-24,8c8e151b91c64abd8fb4fe8d56cadada,4,0,0
2023-05-24,c1b1a268979148d99eaf3f57bbfb4f5a,4,0,0
2023-05-24,e72e619a2e794c1d924349e13b2d327b,4,0,0
2023-05-24,a1a39c2400d2478497d0b3ee933f940c,4,0,0
2023-05-24,3a43e93663354383af4dd71c879a67a6,4,0,0
2023-05-24,4e16f8f02e7e4cfc9da756f0ebe8731e,4,0,0
2023-05-24,befeb15e7b2a4ed29055b5e7afc0857a,4,0,0
2023-05-24,f7cac3ca1565447897469e4f8b08f24f,4,0,2
2023-05-24,bdea2621a70f45d8b971f0d2a3ac8dcc,4,0,0
2023-05-24,0ba71d0ff9db4f77afe804cbc65c7939,5,0,0
2023-05-24,17c8d825a4084ce19b71b09032af0b7c,5,0,0
2023-05-24,dbfbf1d73a96406e8cd9534b460a2b2e,5,0,0
2023-05-24,1ecd66b3a4844f80be983ac8713b8175,5,0,0
2023-05-24,cb8288e80bf040359ea2c728c2901613,5,0,2
2023-05-24,a475d2c371554f64b5eeb1de01b3a986,5,0,0
2023-05-24,8e729329cc45494eb9858d128fa14219,5,0,1
2023-05-24,0f1233f8e7e44ed3989971a4549c11f1,5,0,0
2023-05-24,e77a2e85d2754684bafbe1f4ab2caf7c,5,0,0
2023-05-24,e24b120bac3b4063a8db6d7ea93b150f,5,0,2
2023-05-24,15436f97839b489b8d4bb7d34d1443d2,5,0,1
2023-05-24,1136b7c16d954ff1a2b82fd0d973fef0,5,0,0
2023-05-24,9e8103b9f4454144b60ea0c81dce9a14,5,0,0
2023-05-24,54e78810f5f5445d938c1d7d0d8d8689,5,0,2
2023-05-24,4288a71d6fd544b9a0f282453c15a44c,5,0,2
2023-05-24,37ab5c905f0e433381801159743f4a52,5,0,2
2023-05-24,a02fc3acb3354aff9342c81401119f60,5,0,0
2023-05-24,352ecda8ef3d41368fd02c5e6ddfa2a4,5,0,2
2023-05-24,9257861b9cf64039a33ed86d17b4a50c,5,0,0
2023-05-24,366162194da44720970cfe0c6da339d4,5,0,0
2023-05-24,f12d32fc6a014bb89264484176ff6877,5,0,0
2023-05-24,44ceb631cf3b429c95a20d2775d80b74,5,0,2
2023-05-24,4425990111a14acf9f6fd8fe21111e02,5,0,0
2023-05-24,c25f879a501940b793f41f5c7758d56a,5,0,0
2023-05-24,4d45cae60c974f5eb640285fcfc859d2,5,0,0
2023-05-24,da36321eaab243d3a082df957e8fa50d,6,0,0
2023-05-24,46a5fe2881ad49149b11c904f9f5a8fb,6,0,2
2023-05-24,2c218e18e02e4270b6af5b84640c1105,6,0,0
2023-05-24,732db42c495b473bb71e699f2405f7aa,6,0,0
2023-05-24,94a3ff47f43c45caa543bc89c0b6a43e,6,0,0
2023-05-24,b58431d063984661b2cc1e47997232da,6,0,0
2023-05-24,ff4adf89d22d4b74ae932ee3dcf9ddca,6,0,0
2023-05-24,2428de4c918a44bb8699817296ce1b89,6,0,0
2023-05-24,d8502616623e44be8f22cac6978f1d32,6,0,0
2023-05-24,57d7d5006079490a889d1876cca2b5b3,6,0,0
2023-05-24,99af2dd557564e1aa928515ef775e767,6,0,0
2023-05-24,be562e38ab1845f1a1ab4dacdec21c41,6,0,1
2023-05-24,1a1e36a28c0142a788c7854075733657,6,0,0
2023-05-24,2935929a9c294df182b348f753492731,6,0,0
2023-05-24,e85d98608d534508b361c707e900029e,6,0,2
2023-05-24,a785cb90d1214daeb920cd5604a20fb1,6,0,2
2023-05-24,0e133a546b2b424183a5064d6a50d5a8,6,0,0
2023-05-24,294a137f03d34c5e934f52cfe1e85821,7,0,0
2023-05-24,081a1d35800146bc94c9537ece5921a2,7,0,2
2023-05-24,c552b0256cc54ee39f28c016b33764a3,7,0,0
2023-05-24,eb20b5b43f80485ab36bc3dfaee49192,7,0,1
2023-05-24,25884328e03446508cfb770507857408,7,0,2
2023-05-24,5bd48b308ac34556b3379a152e344c02,7,0,1
2023-05-24,43bb0c1ec7264b4686962c2177120ab3,7,0,0
2023-05-24,05c8eed2a1434cf0b4c9a1efe7fea97b,7,0,0
2023-05-24,a97058c1e0aa46769ec1f80c83ce8801,7,0,0
2023-05-24,b460347dff8a415ebed24cddeab4d783,7,0,1
2023-05-24,bb6e3063613846759925413acaaa84b3,7,0,0
2023-05-24,a9db0040dc1a4d77a21416823cd8de00,7,0,2
2023-05-24,a5059eca7c97447592610235685eb7b3,7,0,0
2023-05-24,a3f5154f26634e8892060b51334c35ce,7,0,0
2023-05-24,f26afd628f9949c293566798f3823120,7,0,0
2023-05-24,24363774559242649d7068bfca0db1cc,7,0,0
2023-05-24,ef4d77c7fed341a185016d781ad9768c,7,0,2
2023-05-24,830bca3e67804f1493cbdf556a794215,8,0,2
2023-05-24,4633cfa92a3c434c884fc91c8bb4b35b,8,0,0
2023-05-24,7bc930d58cee4c0aa0a0af1ddf32401a,8,0,0
2023-05-24,0d1d16acf69244cb8a3a0ffba3818e0d,8,0,0
2023-05-24,eb8638e9264a47a191131d2402872a2d,8,0,0
2023-05-24,2783cf51963346d3aeb3458b75cb49a8,8,0,2
2023-05-24,277fe3c3ff3b40db83078aa086d6c288,8,0,0
2023-05-24,ef0880e1ca304280a77b80208cb5f2a0,8,0,0
2023-05-24,9559b9d96e9a46b2bbb612e2e38ca1fb,8,0,0
2023-05-24,59b79c83216e441fadd814b00c22685a,8,0,0
2023-05-24,66be58e8be4d404f90cb3688b92457b4,8,0,0
2023-05-24,5a3b8b0e06c44b9eace4987d273fc78d,8,0,0
2023-05-24,b13f4a008c034a9ab74db89ba0bbe524,8,0,0
2023-05-24,c7d740e8cc6b4852ac35a825961d0b9f,8,0,2
2023-05-24,79d2a3a7797a46f59b623694101d3f39,8,0,1
2023-05-24,44e448f8b42a4dd2af52877eea44535e,8,0,0
2023-05-24,bce0a7d4ab6044768093b9fd9db9cb7c,8,0,0
2023-05-24,62fd4bf553b441fa981b9ec370e4c9ae,9,0,0
2023-05-24,2aebbc67db764d69aecf583e7cd9788f,9,0,0
2023-05-24,93a2219da2a14c5692a9054887245b03,9,0,0
2023-05-24,00cca9fdbc2e4e2491a3dbd26225f629,9,0,0
2023-05-24,493b7ba64921494c9e939e51af1d2461,9,0,2
2023-05-24,44e45336d8c1402a90f1fd2f20724d3e,9,0,0
2023-05-24,49ae3947630242b1823ded1323614785,9,0,2
2023-05-24,81e3f09b42604f4782e08ac4bb088a60,9,0,0
2023-05-24,cfa49dd1861444a38e7aa512bcb52cf5,10,0,2
2023-05-24,89667849d6c64ba48e3e34946cee6726,10,0,0
2023-05-24,5996620c62e64249b3ad2f01f0bdfe20,10,0,0
2023-05-24,22bfa34702684fd199ab2766cbcf4a96,10,0,0
2023-05-24,35d2640f40904e76869eb2a823ed4baa,10,0,0
2023-05-24,86b22ffb17284cf1a9e3c47d8f1e5b4e,10,0,0
2023-05-24,9f208c5b8a4b4fa486a8d20737e3c142,10,0,2
2023-05-24,4752e7d8dd894bae943c4ccece0a31ed,11,0,2
2023-05-24,90ac81e04de04573a5214dfb55acc16d,11,0,2
2023-05-24,a8aa79967d444058bb47fa3ff95f1c66,11,0,0
2023-05-24,31a4e77c8c8b480894ff63a36b67a6df,12,0,0
2023-05-24,150a28b67ca142b19767cc8ca30a02b9,12,0,2
2023-05-24,df3a9bbe27a942a98ea606af39cda52b,12,0,2
2023-05-24,b55649f96f0448949b02cd542dab9b8c,13,0,1
2023-05-24,cc0258866bb147ef86a45469c8b99285,14,0,0
2023-05-24,e708925a2ad140a1893f738f561a8455,15,0,0
2023-05-24,1abf566d4e0b4318b399209734fc2815,15,0,0
2023-05-24,ad6ad27ac9fd43b9aa91d8b7afadd84e,16,0,0
2023-05-24,5699058c708441718ed7e4d8636833c3,16,0,2
2023-05-24,3307578084a84a1b8531a012bff76d35,17,0,2
2023-05-24,22b8073aa7124473b6c29564ecd4f213,17,0,2
2023-05-24,94f3394f0fc94f0084fb2ca4206bfab8,18,0,0
2023-05-24,68abbebf7b3643d199cf60c94da7a2ab,18,0,0
2023-05-24,cf315b39d8d24926b75a05bb13cbbc03,21,0,0
2023-05-24,aec56af251c84ce68e6e1d579be2b199,22,0,0
2023-05-24,794838824bda4db29909f17b0d40af34,22,0,0
2023-05-24,37ddaec9ede54a43924594b8c79ccd66,23,0,2
2023-05-24,d48f4769bc0c402487ba582347420f80,27,0,2
2023-05-24,cb70b740e0084ba395c45663ee16ee76,28,0,2
2023-05-24,b9f01bd28900475e9c391d5a7183824e,32,0,1
2023-05-24,c02c91b023b54e2a91eb440c4675438d,35,0,0
2023-05-24,e263e14068634001831cebae3b5a4139,37,0,1
2023-05-24,3135752087144b9a9653bd614d6d0e16,40,0,2
2023-05-24,ef8949e55ee64e15b7e9e20cfb319bc3,12,256,0
2023-05-24,7cbc87f8a1504661b5a17ed270fe7fa9,15,256,0
2023-05-24,e9bf60ad9c324ddf82e11c3ed239ec54,18,256,1
2023-05-24,57734b5dbf2745e091523f7875fdf80f,29,256,0
2023-05-24,6c3941b4888746898cf1a8539de905af,0,1,0
2023-05-24,e975bd6669f346b1ba7f693352c7a8e9,1,1,0
2023-05-24,d86f17c2c4554e74b149375275d2df2b,1,1,0
2023-05-24,fbc0505522424147b3b0ded634f63f16,1,1,0
2023-05-24,77d0f6daa68444ec9f1c4e78592f0286,2,1,0
2023-05-24,057e5de9dba14b1793f9ccc81577aa79,3,1,0
2023-05-24,44527d14e1114ae2b8bacdc7d7ae27ab,25,257,2
2023-05-24,3d3b2967dce44fcba0ea498ed5b4c86d,28,257,0
2023-05-24,b19ec73d59e84829aeeb4d0ff892a735,1,2,0
2023-05-24,487545424fe148bbadc021233613ef0f,1,2,0
2023-05-24,27cb9be0bcc744bd89dad26a32cd8001,1,2,0
2023-05-24,fa765fa06d5043c78ff503e8ad91dcb9,1,2,0
2023-05-24,96af1e0007a344cab7883cc848d5b433,1,2,0
2023-05-24,45f9c20c23ec439a9417bd974b8942a5,1,2,0
2023-05-24,b4a2733451fa409bb9accb1bb5921cca,1,2,0
2023-05-24,909e378ad7c64ee491d2cbc705a16355,1,2,0
2023-05-24,def9e5dfd4044bc6aff1c4ea0e1f2ece,2,2,0
2023-05-24,0f341232cb8b45249292401712a17205,2,2,0
2023-05-24,23072d4bde054c42b26999a3d3361328,2,2,0
2023-05-24,73623391711343159263ac6eb7c89ed3,2,2,0
2023-05-24,7ef7bebac21747258148f30db7534408,2,2,0
2023-05-24,a5de0b9b777e437989e935e17baab2ff,22,258,0
2023-05-24,2baae855aa634aeea6cb5947f5fb04e3,25,258,2
2023-05-24,e733ebe7cb8d4f70bb6f73872de18520,26,258,0
2023-05-24,28a453fa24854777a5472d15f36a30d9,27,258,0
2023-05-24,4a459ca106ce4390a4cb22d664871a16,27,258,2
2023-05-24,3decfe9aa4494db2a9ffdcf0a23ccea7,27,258,1
2023-05-24,7161a39f7afc46b2803efb84392702a6,30,770,2
2023-05-24,0958119b0a33409285136f38dd03c1f6,200,2306,0
2023-05-24,c0b829bca2fa4d27bbd507ca6f64c026,1,3,1
2023-05-24,c65e65ac062a4befbbca85412a67b25d,1,3,0
2023-05-24,31c7a96633d94bf08a6ff7293770ca9b,1,3,0
2023-05-24,ec55127b8f8a4141aa16ea921dab95f0,1,3,0
2023-05-24,ff0a694ea4884bbd825c56c8a7b10740,1,3,0
2023-05-24,c28aef362b284f23ab07bd2a2b487c3c,2,3,2
2023-05-24,551144f4b8834a7fbd005542f37f50e9,2,3,1
2023-05-24,eacacac668304776b060d96e4686e220,2,3,0
2023-05-24,16758bf4ef83461193da8a43469e2176,2,3,0
2023-05-24,ca16df8da2ba4b59b314e57ee0ad6dee,2,3,0
2023-05-24,77556dfac34e435988a7d7cc2aba94f9,2,3,0
2023-05-24,ca27c39cda874cfba6e72302bc2a35b6,7,3,0
2023-05-24,b2c7c654994c48749c9ed02bc9574771,22,259,2
2023-05-24,5918815e203c4446bf9942cf1edc28b0,25,259,0
2023-05-24,d1f377f2ff87403ca0457e05345d70c3,26,259,0
2023-05-24,e3d429b73e81452a9ce6b6300497cd22,26,259,0
2023-05-24,ec79d9d09f964d589c58343e27b78a6b,27,259,0
2023-05-24,a6c3c1fe71c3447db10b038143129d79,28,259,1
2023-05-24,f3445ed09b254cf39c3ac957c8dd1d7b,29,259,2
2023-05-24,f84b063396cf4092ab156ffea38dc0d5,30,259,0
2023-05-24,1f853f4b6513456eabd23eeb638d330d,66,771,0
2023-05-24,83de2ba1315044a79e1ce056e0c0b97b,1,4,0
2023-05-24,e09daf35180843f7a5a26dfb3f1fd197,1,4,0
2023-05-24,10805fe54c1643379de60a8fcbfad986,1,4,0
2023-05-24,855701a32f514413be3c6f03ebd5547e,1,4,0
2023-05-24,eb9634294fdc4c489f595e80b149072b,1,4,0
2023-05-24,35aba23583084dc6ba64f2a88144e837,1,4,0
2023-05-24,29423a8f391d48b7b6ac02502ed06611,1,4,0
2023-05-24,11c86a4c02bd421eaa29fd9de7ec8149,1,4,0
2023-05-24,4a94e068779c4391b67bbc76b2e15917,2,4,0
2023-05-24,d6ae29e3ed6244c8b367f062aeae7da4,2,4,0
2023-05-24,bab98517072a4dc1bd50ee9dc4b7e85a,2,4,0
2023-05-24,0ed01e1bbe6546e39acca9eee4bad3d9,3,4,2
2023-05-24,c2ba68f57b904500ab0ee0794b1632f7,4,4,0
2023-05-24,9930f6e7afd74a7ea7d86f601141e22c,15,260,0
2023-05-24,1b22f3e140c34add9963aa8f7e8c85ec,17,260,0
2023-05-24,05073b79e9824d5db481227def308c68,18,260,1
2023-05-24,3629fe265bd4459ab23323e20d1150c8,28,260,2
2023-05-24,39dd4fcd487b461b821399e202621710,28,260,0
2023-05-24,0ab6cd2914e54534a7ca3c7559975a06,29,260,2
2023-05-24,752c9a6304284a44928b51273efceba3,36,260,2
2023-05-24,0912ea0921f14df0a286f04b86b9e29e,57,516,2
2023-05-24,4701708fa2f1460399d501d77b38350a,2,5,0
2023-05-24,7e575cbb5f4c4d9d9fc83db716f4b5dd,3,5,0
2023-05-24,37e9a3d025844b539e670914f2d31e68,3,5,1
2023-05-24,1894b3551c4d415db4ed471bb5b02004,10,5,0
2023-05-24,10793d2acdc34cc099d6b8d690778643,14,5,2
2023-05-24,326c71a8670e436e8fa8042e67588207,26,261,0
2023-05-24,a2a7a28b94604f25a6efd4eba5d4a63d,27,261,0
2023-05-24,babfb90752bf4974941acfacd4e2cad1,28,261,2
2023-05-24,79fc3ee024f24d2da62a0b2d24fe018a,1,6,0
2023-05-24,94a57db29c224954b37f3725d3890672,1,6,0
2023-05-24,5f075e4ac9384ec5bcd4c42ea3cd2d35,1,6,0
2023-05-24,6a8c014ffd33450e927aaf8c389669f6,1,6,0
2023-05-24,25aa678844724e05930088d41d896bdb,1,6,0
2023-05-24,ad94a62ea0b54ebd8a3ee7b4d874c026,1,6,0
2023-05-24,b7ee73e92fd846e88b7328d7eb8b769d,1,6,0
2023-05-24,a2076d0f0091496ea877eb0d9f7ea663,1,6,0
2023-05-24,8d15cd651818449ba0bb1edf261bcf13,1,6,0
2023-05-24,994738acebeb404ba0ec93f555067f13,2,6,0
2023-05-24,9d45b0b5e38b4a9388bb30b535830399,2,6,0
2023-05-24,93e1621bce15440ebab9bdcfe9a082a6,2,6,0
2023-05-24,1eff20818e6e4bb48de3667bbe04fbd4,2,6,1
2023-05-24,227dfedc655d4cd0a188bf9d89a5e598,2,6,0
2023-05-24,2c7599e249494e6a85376db3dd6e57f4,2,6,0
2023-05-24,577222751caa43d189f6cafc0909450f,8,6,0
2023-05-24,c6efa670b5804052a8f06e613e771322,27,262,2
2023-05-24,d9e2acb9f47d4e40ac9df7e0c545a006,28,262,0
2023-05-24,071df0dbd50f4ec5847ef869da187555,32,262,0
2023-05-24,018f4c8385eb499db90e02e98949c94b,36,262,0
2023-05-24,1e40b1648da14d48aec873a253c824d0,38,518,2
2023-05-24,fb89c25e665241d18dc54791667c5ab0,76,774,0
2023-05-24,f38537d80aff4f65bb0f7d50b46a2fad,27,2310,0
2023-05-24,1cf3c9c2fc634d7582978b9b7b7abce5,2,7,0
2023-05-24,507310fd6b0d4522a3d54211b428f1cd,20,263,2
2023-05-24,00b36496a70d4585b6984ad047757a39,20,263,2
2023-05-24,07fb9e9698774d8593b19062b0e9b601,27,263,1
2023-05-24,0490aaf96a76445fabb2ef4f3ee0bcf3,36,263,1
2023-05-24,b65572a03d56479e91ff7144701b756d,88,775,2
2023-05-24,2cec03f8313e48c8aaddfb79b86d17d3,0,8,0
2023-05-24,bc6fa196157540559771002c19dd4dde,1,8,2
2023-05-24,158d68802ce84f4080fda0e946cf9196,1,8,0
2023-05-24,5ffa7526783d4172b03a1b31b2c5ae12,1,8,0
2023-05-24,063a351b8643440eb9836025022bc271,1,8,0
2023-05-24,9246c46a329e43c182e95528dc1899af,1,8,0
2023-05-24,cb68a3f13b3b4d32ac369012226cd55e,1,8,0
2023-05-24,c31a80ab8514434791aa51c3a1245826,1,8,0
2023-05-24,8dc12f1a05be41f7bed45007aecdb836,1,8,0
2023-05-24,140a2b3eea544375997b8060519c851e,1,8,0
2023-05-24,9dcb0969e8474a9d98cf7bf6e6363a41,1,8,0
2023-05-24,ed4857386a3146eb80c36e79953046ea,2,8,2
2023-05-24,6540c429aabd40f1a32ad609065c28d0,2,8,2
2023-05-24,91337b2cd4944a0eb294aa638ceb9d09,2,8,0
2023-05-24,f2cd8779a71b47a5a37797f9e8d7545b,2,8,0
2023-05-24,bdd90749cefd4ec9b5af0e04be53db57,2,8,0
2023-05-24,db8af08bfed549acbdcbfbb115a71d60,5,8,2
2023-05-24,97601cfb6ef040029e2a7454520e89b5,13,8,1
2023-05-24,662ff1f3a1c4485886bb202ae9a985b9,23,8,1
2023-05-24,bc72e1fae1164913b4b4b590d6f8d7ac,8,264,2
2023-05-24,e8ca83dfd5084812bfb3d70e49330959,18,264,0
2023-05-24,b4bf7ef636e14ff98cc2a8810ad361dd,30,264,0
2023-05-24,d0ef0b6bd58e4e69a8a91b8aa87d12ba,30,264,0
2023-05-24,b1d819fa12e64d10a6cf95f48b2943bd,33,264,1
2023-05-24,82b59df58588493c82d74bee82d0f8fb,40,520,3
2023-05-24,de1c0d3585444e0a998fc970f05460d7,1,9,0
2023-05-24,ec5d8d216d6a41c6b9cf2d7c09f3310c,1,9,0
2023-05-24,745666c7cdcc42398e6e7ed7843862f2,2,9,0
2023-05-24,08db76570fe349b792935cac293f28d1,2,9,0
2023-05-24,64ec392de53f406ebff25fe433872618,2,9,0
2023-05-24,95227c6c62274771b2f3d9ca255ebb55,3,9,0
2023-05-24,aa17cc9a99ea4ad9b6e7685d4017c4ea,6,9,0
2023-05-24,342eef8c8e70489c8494d69115228244,38,521,3
2023-05-24,86490417c03741dd9f051257d616302e,42,521,0
2023-05-24,097e29d21866449d937759d37003894f,1,10,0
2023-05-24,f23678db0d56459c93eb19dd52cb05e2,1,10,0
2023-05-24,691bfa30b86a42a2a6b4c69ef29a1ae7,1,10,0
2023-05-24,6b26951efa3545c9b6be2b0591ceb286,1,10,0
2023-05-24,1383378392dd49248de2f9841eff5dfd,1,10,0
2023-05-24,1044e601f6254ef784bcbf586eec7e3d,1,10,0
2023-05-24,7a25229fd2e24af3baf2af97cbe53246,1,10,0
2023-05-24,b1b79ebd78ff4432910c4c1280bb21b6,1,10,0
2023-05-24,1d8b8eb15a434ba49e2e40c79c8f4100,1,10,0
2023-05-24,97008a67311b424bb351d89a6e297c32,1,10,0
2023-05-24,d76805eb081541759220942313056581,1,10,0
2023-05-24,25366c634e184af098074829abee4b70,1,10,0
2023-05-24,a0650b7159204024a65e584cf2d5cf6c,1,10,0
2023-05-24,a3db98f5fc314d3badf7627fe95cfe4c,1,10,0
2023-05-24,4103e632f2b34d73a928a277d32d9125,1,10,0
2023-05-24,c7528f90230d45c692dda5420aa7b26f,1,10,0
2023-05-24,88c765b789434205841272858627c41d,1,10,0
2023-05-24,c99e3e840773497f9df0e128cb5d1d5c,1,10,0
2023-05-24,8d1ff0657696407ab6e6f7a4ff84e826,2,10,0
2023-05-24,71f0c6c78a2e4839869695c3e56a3e72,2,10,0
2023-05-24,bdbda00813bb45b9a9b2127ff68045ed,2,10,0
2023-05-24,7b31e8c11216435ca04b6ddd60605e2d,2,10,0
2023-05-24,c80578aa59774738889f49e5d0268273,2,10,0
2023-05-24,8c046454ceea47d49df399c9f074d1d7,2,10,0
2023-05-24,8e206bd8653d4e6aa4acc387040cdbd4,3,10,1
2023-05-24,7202f47a8449444ab9e6974485825a8b,3,10,0
2023-05-24,c4fc580b56ca4f54b5f9937349390fbb,3,10,0
2023-05-24,6067de8377a04b218bc409ac0ab43bfd,3,10,2
2023-05-24,3921a2c349c14efba92073f8cb85099b,4,10,0
2023-05-24,a0dd0adee2e7471db0ac66495b3cf575,4,10,2
2023-05-24,dced49738c354886b8c623aca553ec4f,6,10,0
2023-05-24,f1e3f79fe7c541a18190e6b8221b8cea,6,10,0
2023-05-24,e1a1102d8f5e44dab3a2f513c64d7c02,31,10,2
2023-05-24,f3a57092ea3343408305bb7b80a5050f,16,266,2
2023-05-24,7cd7bfcd8f2e4917a4a1a723c5ec0e04,25,266,1
2023-05-24,c94b1d75c0a4444787825782ab6acc0b,27,266,0
2023-05-24,0b950658938c4873af42114f6161521f,32,266,1
2023-05-24,8afff53ed3e74d5b8d49ca14a90cc9ee,1,11,0
2023-05-24,76829c77da2d4e3681e7a44bde474270,3,11,0
2023-05-24,d527b5f965894cab8f78b41f7cd41a94,7,267,0
2023-05-24,0fbd7fcfe4e04e0580dedcebfb1fe506,19,267,0
2023-05-24,4179d97b5ff64ea69463cb98515bbda9,26,267,0
2023-05-24,80ddca21dfb245bd83527f85d20b6d1b,30,267,2
2023-05-24,b195cfc6669b47d98901ace34487da7f,31,267,1
2023-05-24,950380acfb004153a16d8cd79d6d7863,36,267,1
2023-05-24,10d585c002a843ba815a23cd5c3c7384,36,523,0
2023-05-24,43ba3c1e5bf544e5a125b9266665b15d,54,523,2
2023-05-24,8a8809bc1cfc4d128a4611aa330bbf93,0,12,0
2023-05-24,a01bf560b8d04f49b82f06097dcd6d62,1,12,0
2023-05-24,452c3307582d46aa9e1590144253fe81,1,12,0
2023-05-24,9aafa4fc9b27406c8b0bd6d35e0b1daa,1,12,0
2023-05-24,1121479f80d54313bae32aae90dd522e,1,12,0
2023-05-24,6fc7d0e724664c9594b6353ee1529a0d,1,12,0
2023-05-24,6cb56202a5b04896a8c14b84513f2429,1,12,1
2023-05-24,03d479aac11f4a9eb439ab21df61eb97,1,12,0
2023-05-24,c52d0cd31689467e83d40aa9eeb61e2d,1,12,0
2023-05-24,a6ec92c4cfa04a678832ba118b1494e8,1,12,0
2023-05-24,e1f7d57fada445858c2f248394e0154d,1,12,0
2023-05-24,68e5b4d132304798b9b6576be108240f,1,12,0
2023-05-24,8b8d32267b7e4ce9902973875d9efeb5,1,12,0
2023-05-24,11254bd4888946408f1cb763d892dc2d,1,12,0
2023-05-24,56d46a15274e4e79a5f14781c0e7df9a,1,12,0
2023-05-24,93bb01426f3d4873a7b754654048bf6c,2,12,0
2023-05-24,f666da57777b44748f90579e74c05242,2,12,2
2023-05-24,be9e5e7b6e40425ebeabcf54cb9a2147,2,12,0
2023-05-24,d36f01e867814c798e1bfdd8cb21654e,2,12,1
2023-05-24,8e0264c36aaf4e6d8c00ccc23c98a7c5,2,12,0
2023-05-24,3f1c255c72d6414ab6b438a54ef948be,2,12,0
2023-05-24,c4a058cb4dbe421f84619d350e318d39,2,12,0
2023-05-24,9f4dde2bda694ed293d6eb8179c54f95,2,12,0
2023-05-24,dcfea5a7e36e40fea5a498ab0fceaac4,2,12,0
2023-05-24,1536ba17a2414f4a932e3c71ffe5420c,2,12,0
2023-05-24,2ee3de126136423c8883f2f1f1adadc3,2,12,0
2023-05-24,e1ef9de476cf4582a10713bc9ce69fbc,2,12,0
2023-05-24,591c331a79b24c30bd96232a5ff8c634,2,12,0
2023-05-24,d339d97ad95844e68796f97dc10cae06,2,12,1
2023-05-24,a222719ad56d4e92ab1624193b8d4a22,2,12,0
2023-05-24,2e5ecd7d45f14c3f8af7695cce06220a,2,12,0
2023-05-24,97401a5913394176b61a41ed4f38af13,2,12,0
2023-05-24,1c27c922b15844c98c24f9a9a638e70f,2,12,1
2023-05-24,0b5927050afd447abe2ea0f9f6d39864,2,12,0
2023-05-24,d8a69efe36074e65abd5ff005d386311,2,12,0
2023-05-24,13aef6f8a20845d8b3db2ccfb3abc229,2,12,0
2023-05-24,6a0b94ac73be4a25a4d2b21d4d7c3d67,2,12,2
2023-05-24,8ce5359a60dc465a888a72dd98abea08,3,12,2
2023-05-24,fb5343c6a1a74f24991c7ad8f0daf165,4,12,0
2023-05-24,0f991fe628be476391b86af6d2c17157,5,12,2
2023-05-24,5c103a09edce440e925604f346d317ef,6,12,0
2023-05-24,05ec1689f3ea424c8f4560ee78a97f96,8,12,2
2023-05-24,71e067ace6bc4ab6ae8c43581722fd85,10,268,0
2023-05-24,b7b81eae9f3f49bb825c3801355100ea,21,268,0
2023-05-24,f50dbdda812d427e91c40ec5f7e0efcc,22,268,2
2023-05-24,a2aa0a8de147496b8bfd11dbd2412f99,22,268,0
2023-05-24,b5aebedd68ad4613bb708f30eb6a7757,30,268,1
2023-05-24,6eef4173497d46a8a13b4af7dc13dc5e,32,268,2
2023-05-24,8ae785f3173e46edaad3adb1162c7ee0,34,268,0
2023-05-24,1131bbcb358c4274b8bf3a1ccb599630,44,524,2
2023-05-24,43a71626f661468ebc573742dcd16491,1,13,0
2023-05-24,bdba80a5b70e454abcd098bb70c817a7,2,13,0
2023-05-24,4d06144611dc4230a80544d47b76b278,2,13,0
2023-05-24,08bb4eba184a4d68b8c8e33a764143a9,2,13,0
2023-05-24,19217ad0cdb7425aad97c6b59a79f47a,3,13,0
2023-05-24,ef2fe5d10644496ebce93bb195354621,9,13,0
2023-05-24,b6ca88f1fcc3475384e2ae9184164da3,15,13,0
2023-05-24,df813e4ec4f741cdb0513016a64f9416,16,13,0
2023-05-24,855445fa12c54c749b0ebae56d0db8af,21,269,0
2023-05-24,2ab41a260b504fe6955df38484d23802,26,269,0
2023-05-24,8e3fb736c4ce4fe29a46d78c7ccad384,29,269,0
2023-05-24,41cc2ba432984f6bb4ab6a76200ba4bf,30,269,0
2023-05-24,f9c42a76105646e68558f3255f08eced,48,781,0
2023-05-24,50f36e14b17d46829bd153989c45690d,56,781,0
2023-05-24,db3c322e61f24c36b68a03f640c4d82f,0,14,0
2023-05-24,52761d7468c94b5686d9ae8e17285390,1,14,0
2023-05-24,4c76d622f6d5474da001f29ce6e03249,1,14,0
2023-05-24,c16a10b53ba84d96801d9262af10dc73,1,14,0
2023-05-24,b295a3a246fb4132b5c2666d749b2960,1,14,0
2023-05-24,62ab12d67e844dd48e43da6670865c35,1,14,0
2023-05-24,95bb79d53fa846b6bce41bde9695fd11,1,14,0
2023-05-24,e0e3fa9c28e344c8b491ee832b88cb0f,1,14,0
2023-05-24,2a0dad1da0ac4ad1be7b6814eaf8ddc4,2,14,0
2023-05-24,00b1ce5efc6a4e0f903f6550ebeb2779,2,14,0
2023-05-24,f0ebbd3b298b45af9c073c8ae4e8fd87,2,14,0
2023-05-24,07238dd169b047058c79e39022d28456,2,14,2
2023-05-24,b1bf386b135f4a28b78b0fa7731d7f39,2,14,0
2023-05-24,6a2b5e147fdb4a80a4638b57a050ea9f,2,14,1
2023-05-24,8b8efa3db97144c3993d5d05e056c69d,2,14,0
2023-05-24,dd9b1ace2d024b1c8fcb8f05ee9d7274,2,14,2
2023-05-24,eff5a283ea024c11ba402b20be0fca29,2,14,2
2023-05-24,eb0e1c7319c249f8a3f5a3f19ee0c924,2,14,0
2023-05-24,3222bb2e5f9749de985a55ab80291547,3,14,0
2023-05-24,7f167c7b0b7e4183b9c3b0dc2705626b,3,14,0
2023-05-24,a2c8543f000640e9a20a762cc8844cfd,4,14,0
2023-05-24,a3ab69629de64c58bb625cac2e2d9d5b,4,14,0
2023-05-24,dbe0e835623940e58fcc50c6469f5684,4,270,0
2023-05-24,9f88a4236f9e47b9b368d1031b4373fc,16,270,0
2023-05-24,040c36bbdf854715a60673d1a1bc785c,17,270,2
2023-05-24,03ce1be5402741f38a9642519ef256d4,19,270,0
2023-05-24,bba8deaae8844e9f8c1c86ded8e6a8cc,20,270,0
2023-05-24,de408ddb47674ddeaed1c6d0dc0164c9,23,270,0
2023-05-24,69731812a7384557992193a1bf95fc8e,27,270,2
2023-05-24,6e0d4ef0f4d44160ab2651d1dd7af894,27,270,2
2023-05-24,7680a633146345fe85c3278986a24260,29,270,2
2023-05-24,a07aa86b288c48b8b3ce48bb83768dab,29,270,2
2023-05-24,f4fbccc218c646b0858c530339a24814,29,270,1
2023-05-24,394dc19047ef4c798a171d82983ac98b,34,270,0
2023-05-24,cd3add4cd8de462e88edc3aa22c543a6,159,1806,0
2023-05-24,5825cfb42fb74436be618c961fa4d631,1,15,0
2023-05-24,8f93695d533c458cbf90089df78e4d9b,1,15,0
2023-05-24,2328c3b233eb49729e18b95b40cf4fe5,1,15,0
2023-05-24,f1030426c1fe49baa8320f55b170af6f,1,15,0
2023-05-24,482af967569544fc9f884e1d4ff570ce,1,15,0
2023-05-24,33ee14aee8b74d0ab746a52d20afe6bf,1,15,0
2023-05-24,351e6e5b046f43549e577870b5d2e3b3,1,15,0
2023-05-24,53f769422e6d4ae5808976e493e1f38e,1,15,0
2023-05-24,b9ea4335e03e469a85f95d222eebe7c4,2,15,0
2023-05-24,5c491c54f05a41eb9ba9f217471da08e,2,15,0
2023-05-24,2e9b5888ad694866aa73fbda383aa5d2,2,15,0
2023-05-24,c990826f82e4462c987d90dd755bc07a,2,15,0
2023-05-24,5422cedaa00647a89f515fbec05b6614,2,15,0
2023-05-24,1f1d9975bbb5412f87e5460497e1a57f,2,15,0
2023-05-24,a1d15074509640308f49ca975235105e,3,15,2
2023-05-24,d49575bd182d41aaa3962fce61ea6a19,3,15,2
2023-05-24,09422339e98044fc98a87b482244e5e4,4,15,0
2023-05-24,e6fa5011c09645a7af57f8c57e4d5b7e,4,15,0
2023-05-24,0676e4f14e36482384a6db6a51d09b1c,4,15,0
2023-05-24,b7ba1056bf0f4778b7baf22f06dda659,15,271,0
2023-05-24,f62101901f0b4ad8b32d561e3f68cc64,21,271,2
2023-05-24,a9fba61a2829494b9ca6fa4a4e442c4c,26,271,0
2023-05-24,df55b6e25bc34ebca124d3b70a1f1ffd,27,271,1
2023-05-24,a552b61ec8fd4de499184f0e0a48e2f3,28,271,1
2023-05-24,4f6da4c87081488b9b19822371f44d93,29,271,0
2023-05-24,806c5a9bf8cc43ce8ad3d35385c88dc0,31,271,2
2023-05-24,ce6f00d7d2cc4b70b37e64955c64afc3,54,527,2
2023-05-24,f5fe782b58644d1abaf5dc833fe630da,64,527,0
2023-05-24,5ba94dee9a544549a4693cea159cf016,62,783,0
2023-05-24,fddc4799694a49db8386722100631e14,75,783,0
2023-05-24,49872d9b37ff4a2f90a04030e3286854,1,16,0
2023-05-24,e4bbebe9b8cd4e74af9d3ae33f5d3d37,1,16,0
2023-05-24,28bbd07d11484780beabce471de42ae4,1,16,0
2023-05-24,a745bac02d674199bd2a4e9e2af23d29,1,16,0
2023-05-24,f02b1e70c1ce4ca8b8b1f7af873961f7,1,16,0
2023-05-24,c65bee7eec344d9281c270511df19f74,1,16,0
2023-05-24,05036528a5c24658a2cc865a80966016,1,16,0
2023-05-24,fbeef53e86e94ea8a765ef6f8ddfdab1,2,16,0
2023-05-24,7b95f6e74fe24824b2d5c8ac07ae986b,2,16,0
2023-05-24,1417a8106d84471ca43e7131d86e4290,2,16,2
2023-05-24,0684270355d241aa8f0a8ae528034b5b,2,16,0
2023-05-24,84179a4757c94e2184cbe2866b1a60ee,2,16,0
2023-05-24,1d154f88499243049c11db6c38b077e7,2,16,0
2023-05-24,a8f9638d40e84527bc640ee3f14a8de1,2,16,0
2023-05-24,4701a01ecad74f06a020ef586e3ac458,2,16,0
2023-05-24,797df98a90fd4a1990127b0ccd924f38,3,16,0
2023-05-24,2daf12aec3ac448a887c57d5845bb761,3,16,2
2023-05-24,0ef11c75ac914e60a833a857c9489dbe,3,16,2
2023-05-24,ddd877a88914474b8aaa331b7c462dac,4,16,0
2023-05-24,ad41977c40324de4a1206f931930d79b,4,16,2
2023-05-24,b659656bdc3b4c41b1dbb635a7d3500f,5,16,0
2023-05-24,702b41ce846c494a911f72c2b886fcf2,5,16,0
2023-05-24,c0249259aa7e496397cd54785bc7fb06,6,16,0
2023-05-24,bf28219d91494a49a30b7c38e7c987d1,8,16,0
2023-05-24,7cb0404195f34f7285787022d704d989,8,16,1
2023-05-24,5d71163f620449ffbfb6fb728f5f9d5f,9,16,2
2023-05-24,4858bb9011be468d9529b47150ee1d76,10,272,2
2023-05-24,9acbfe8b518f4a45ad0d074af20191cc,10,272,2
2023-05-24,6e58dda7ae5842ce8091918a0418f660,11,272,0
2023-05-24,e1354ce75fb2461d98e3d58346b9d74d,22,272,2
2023-05-24,3e2f3a9291f543608a9f29896a03963a,26,272,0
2023-05-24,45473db6a01744c3b2427b2eeca00ddc,27,272,0
2023-05-24,1bd794395e8845cb858329a1a526fcce,33,272,0
2023-05-24,f3780df17d0042afa1a679516d332ba0,32,528,0
2023-05-24,66d1e0ace29348f2b7da13087915e56e,45,528,0
2023-05-24,3a69888b65f649369b9db785c7af1198,2,17,0
2023-05-24,478ff2cbd8474b468ab538a1bb0540c9,3,17,2
2023-05-24,19d4efbef224479c8dd317d4ef34426a,9,273,0
2023-05-24,af06aea394d24df09c2247cea7812e01,13,273,0
2023-05-24,0eafeaa2aac540c38f6844bd0a9349bc,25,273,2
2023-05-24,3517a442b3d34cae8cb65c547cf2b7b1,1,18,0
2023-05-24,60ffff11701a4f068ebace39f33e68db,1,18,0
2023-05-24,00db0d9ec8d34c8eae2251a514bc37fd,1,18,0
2023-05-24,8ef772a759e44d7b92ac7901a598a94f,1,18,0
2023-05-24,d660c6e893b34afb93ed393c2a3ad7d5,1,18,0
2023-05-24,0922eb5c30764fa6af97b4bcab941271,1,18,0
2023-05-24,cd7963d7307d4e3e91795e7eb57e03ac,1,18,0
2023-05-24,56f0d3b5b99243a2928abbe35a84f4c1,1,18,0
2023-05-24,ff92973e14344af388f9a46cb1c2475e,1,18,0
2023-05-24,a2e78f7c46c24d8d93305671fd44bcb5,1,18,0
2023-05-24,b1e3d0482aa24bcc8f04e446d68a259d,1,18,0
2023-05-24,62a743e319d44f4eab50b39894cb6718,1,18,0
2023-05-24,b21a3032f2b149279afcfba926213d5e,1,18,0
2023-05-24,ece3bb185aea4ea2bd76d45a79614289,1,18,0
2023-05-24,0193370c6a88452c8774098f12022320,1,18,0
2023-05-24,660671611d6e4d359cc51489d3c51e95,1,18,0
2023-05-24,0f45f2a91fc54c799ae635c2b4086cae,1,18,0
2023-05-24,5a0f737ad2ea4238aaf524a040440a80,2,18,0
2023-05-24,624305ecfdf943e5ba1c30ab7430b65d,2,18,0
2023-05-24,ac356a19fe184378b644d6756e8daf0d,2,18,0
2023-05-24,ca3780f0c38d416081247b23d0110732,2,18,0
2023-05-24,d3d553f5d8794c0983e2056e4265e272,2,18,1
2023-05-24,2a69ba0d9e7e4005a89886598e857602,2,18,0
2023-05-24,371fc8b1ab4942539796ce3a9aab2cfd,2,18,0
2023-05-24,730ac7e2aea3464b886c6971e8ac5b4d,2,18,0
2023-05-24,9eb2d58627d543ebab7941e592ac3e16,2,18,2
2023-05-24,b863b8445b7c4f72b46de5ad9d61e341,2,18,0
2023-05-24,3eb4119d1f6f4d62adee2e568f8dca2c,2,18,2
2023-05-24,815cb62de9d64816b424ac5d13b80c0f,2,18,2
2023-05-24,1123e2151b80457eb825ab2925fb0581,2,18,0
2023-05-24,057c779e0cb043828dbfc6e97760fb64,2,18,0
2023-05-24,fdf77dabaa834bcfa20b1224dc6b1741,3,18,0
2023-05-24,959ce1b374a04e9a9206bb4ef421d27f,4,18,0
2023-05-24,49e741591d574f31864ebacfcfc594cf,5,18,0
2023-05-24,c9a3ecec780848b1aca8d5516536c715,5,18,0
2023-05-24,512bbb9471a947e6a456797abe8fdd0b,15,274,2
2023-05-24,91c143bab86d401893817f45412b45cb,19,274,0
2023-05-24,c59bb0922ac8469e88ce703aca5a8acc,20,274,0
2023-05-24,459b3f60d11c424b9832e58240d200b4,23,274,0
2023-05-24,2e354cca921e4993aba7205cdc2f9da4,25,274,2
2023-05-24,b754c374e47f44bf9fdfe5159ed217e6,51,530,0
2023-05-24,b615ea92edb647aa8c39cc832831ffb6,56,530,0
2023-05-24,ad1a9b1f0e044b9793c1a2ead0068de8,1,19,0
2023-05-24,aa7a3551c04e44a0bf5807370f779d0d,1,19,0
2023-05-24,8817653455054c04a1341a7ae8649430,2,19,0
2023-05-24,2cc6f05f7dae4bcc929afff879daf445,2,19,0
2023-05-24,e3400fd32c6545daabc72e529da517d0,3,19,0
2023-05-24,96cd95ac7cb94d55b173df451f8233b0,4,19,0
2023-05-24,8426e226c0c644ec8293371949427365,10,19,0
2023-05-24,bcdd8e91605c47c6bcfe0585c1ff2097,13,275,2
2023-05-24,89d35bea95cf482dae3372f962d419b0,16,275,2
2023-05-24,ec3524b0ea344548bae9da35a9a9f5ac,27,275,2
2023-05-24,fdf93ce09d67435390fea2cb94b59956,28,275,0
2023-05-24,3912314ee5dd47a49975eba61da1e821,28,275,0
2023-05-24,b49bfbd74120412c91de9cd4feb02e7d,34,531,2
2023-05-24,e5b14e46552c4ff5b54e311c74d9f231,1,20,0
2023-05-24,af7d0c9ca4c544c3b215a00a8178f766,1,20,0
2023-05-24,e8fd7f5352fc468a9a6e6b5b862aefe3,1,20,0
2023-05-24,2ac2d81ebd58488cbdb520d16bb9f049,1,20,0
2023-05-24,62a326927d944ce7bf6ec06dfc843fa5,1,20,0
2023-05-24,af8de8082a594fc28a90deb795250944,1,20,0
2023-05-24,81c7fdd6361a4d8db9a637bcf517c54f,1,20,0
2023-05-24,3ea4b83a7a3043db9dd0725510506ef3,1,20,0
2023-05-24,99aa7d79e9a3477abc5553072ff842b6,1,20,0
2023-05-24,760bc9c34e6d4132b1cccfeeff7a1231,1,20,0
2023-05-24,7c5b70e258b14fd89b91622d94dfa31d,2,20,0
2023-05-24,abfd7ba42ca548b898de3a44d4290eec,2,20,0
2023-05-24,10ab8cfaedad4d979f9bff94981f7708,2,20,0
2023-05-24,2eb3420178da44d48e75aa9538acdab6,2,20,0
2023-05-24,aedef5f9b7b34f18b5aade053c817b4e,2,20,0
2023-05-24,2d0c9e223f24409982f4abbf3c9713b3,2,20,0
2023-05-24,da746193c4db498a94dae41f5e3f3691,2,20,0
2023-05-24,5c3778bef11d4ab7ba135f5110917ebf,2,20,0
2023-05-24,ee4a338741024aeead17fae00c8fb7c0,2,20,1
2023-05-24,3accd1b8130a466cb6a5ac4f410463ae,2,20,0
2023-05-24,2a8db8195f21465cbb44b18dfc0b9d3d,2,20,0
2023-05-24,7e8e56e353f54497b2668b48e3069ad0,2,20,0
2023-05-24,05b99e3800e14c5fb5934e9f0ebf4c72,2,20,0
2023-05-24,c8bd2758c56344e687ad595e22eb4b40,2,20,0
2023-05-24,bc430efee3bc427186f0dfafd5091d7e,3,20,2
2023-05-24,d58af376972a4992b83102c8ef50ea46,4,20,1
2023-05-24,b4525903d5f743bab4049c3bed6ef778,6,20,0
2023-05-24,8ae6f011e55748839743ac1cdbddde3f,7,20,0
2023-05-24,54bbb2acf1a741b3b4c04a81590ac83d,9,20,0
2023-05-24,8496a46c695a4c3184fc1e566b5a633c,13,20,0
2023-05-24,bfb31ced3445431086b334a1835698b7,9,276,0
2023-05-24,6e179f7960774d0d9dd94ef0ea1ad232,17,276,0
2023-05-24,6fde58a4bed446b59132ff6476bb41b2,20,276,1
2023-05-24,477c588981b74b6ca73aff189b6dd6df,24,276,2
2023-05-24,fc635175b5864bba868c0c2853d93971,28,276,0
2023-05-24,081962117adc426f87545bdf3442e693,31,276,2
2023-05-24,f28a13b9b2eb4efb991a67a74dfa647e,58,532,2
2023-05-24,43c05a51053f4d10b990be529ad237cb,60,532,2
2023-05-24,dd476b390d024b96be5303a421da6f07,116,1044,2
2023-05-24,b15c58170b0848dcbbe5d0ea96c05887,3,21,0
2023-05-24,4168f773457849559d92d379e8947a23,3,21,1
2023-05-24,8611ead09ac94e14aa1beef67f7db0a3,3,21,0
2023-05-24,4b40598be5614721a485348c468463ca,4,21,0
2023-05-24,981ecf9f5c9c4992a55ea687442afee8,4,21,1
2023-05-24,b39dd747a6e84613ace102f71f0ef002,6,21,0
