dt,register_dt,user_id,user_grade,playmode_cycle,playmode_type,playmode_cnt,sum_play_seconds
2023-05-13,2023-05-13,20762e27d8e949388ec68de3772d4b62,Unknown,0,1,1,152.0
2023-05-13,2023-05-13,c7a585ca4178453c8d208bb2bd9412b5,Unknown,0,1,1,339.0
2023-05-13,2023-05-13,86449db7037a4e35bc98a7b71ec90189,Unknown,0,1,1,380.0
2023-05-13,2023-05-13,bfa4c4ed4b3c48a58fd38d932578d862,Unknown,0,1,1,167.0
2023-05-13,2023-05-13,165711ac5de74f25a06af7459e1bc8c7,Unknown,0,1,1,72.0
2023-05-13,2023-05-13,6cd18de51ba94f9684c56bc1f50040a0,Unknown,0,1,1,195.0
2023-05-13,2023-05-13,975fdffad39f4f08a06c0257b4de3ac6,Unknown,0,1,1,309.0
2023-05-13,2023-05-13,a5820471167f4744b3580bd5925e271a,Unknown,0,1,1,203.0
2023-05-13,2023-05-13,2f87ea1e6dc245e88cc0f1ca1a8d6ed1,Unknown,0,1,1,204.0
2023-05-13,2023-05-13,c6076e70f5e64bd681276bfc73705af3,Unknown,0,1,1,278.0
2023-05-13,2023-05-13,e7b88f7a345a4ef5ac99967bc3f86f59,Unknown,0,1,1,196.0
2023-05-13,2023-05-13,651b5630a84a424d9da20243885b1022,Unknown,0,1,1,203.0
2023-05-13,2023-05-13,4273f9c9b1cc4c76a0cf5bfc1392130c,Unknown,0,1,1,356.0
2023-05-13,2023-05-13,5ac189cbc2cc4c66acf994a84d31cf40,Unknown,0,1,1,206.0
2023-05-13,2023-05-13,3b3181fadafd4343ae1e9c5ffcc2fa09,Unknown,0,1,1,190.0
2023-05-13,2023-05-13,2a6fd5634b144952a8779f0b288166bc,Unknown,0,1,1,324.0
2023-05-13,2023-05-13,c9680217563d4671a586f8ca42e27e76,Unknown,0,1,1,328.0
2023-05-13,2023-05-13,ed56224a12ce4670b5900e02df6c3b45,Unknown,0,1,1,256.0
2023-05-13,2023-05-13,87f9f4cb6e3e43ca957f3d266393f144,Unknown,0,1,1,334.0
2023-05-13,2023-05-13,8013600822c04d9b991f15ee80fca099,Unknown,0,1,1,298.0
2023-05-13,2023-05-13,55505110ddaa47318b54f6389866adbc,Unknown,0,1,1,282.0
2023-05-13,2023-05-13,c197c3ac9155453c8764b173515d5922,Unknown,0,1,1,227.0
2023-05-13,2023-05-13,633fced402ac464ca962bf7f40f1fc99,Unknown,0,1,1,215.0
2023-05-13,2023-05-13,5c17f654475c4379b7970d7d68ee77bc,Unknown,0,1,1,295.0
2023-05-13,2023-05-13,11c4ed0f824a499e9990d3b64c866480,Unknown,0,1,1,157.0
2023-05-13,2023-05-13,1b8f5c6826e340a08b1ff9635a2c7ad1,Unknown,0,1,1,224.0
2023-05-13,2023-05-13,fc88253623864491bbcfc2cf69d5aa20,Unknown,0,1,1,207.0
2023-05-13,2023-05-13,019d84a8d1e94026ae3e24be8b7225e0,Unknown,0,1,1,220.0
2023-05-13,2023-05-13,6b1cfb7b807e4cc0ba3b95fbbd4f88e8,Unknown,0,1,1,300.0
2023-05-13,2023-05-13,9216206720c94bd3be84207987b70f28,Unknown,0,1,1,123.0
2023-05-13,2023-05-13,8afceede681f42f98b1073d7b9eadf51,Unknown,0,1,1,266.0
2023-05-13,2023-05-13,ff1455ab99ad4ef3a75843967cd6745b,Unknown,0,1,1,230.0
2023-05-13,2023-05-13,84d58d37e0d24922bd95c56e8814d34f,Unknown,0,1,1,450.0
2023-05-13,2023-05-13,d624e09b9b83464ca18f01e1084ac3b7,Unknown,0,1,1,384.0
2023-05-13,2023-05-13,a548f87f3c684a948d4c49f5fd502e1b,Unknown,0,1,1,178.0
2023-05-13,2023-05-13,8380657061b044028227d25f66224ada,Unknown,0,1,1,389.0
2023-05-13,2023-05-13,0b78b50cab444f6d9b613722cedaa50c,Unknown,0,1,1,344.0
2023-05-13,2023-05-13,456c0c06edfc4009ba9863de552ca669,Unknown,0,1,1,369.0
2023-05-13,2023-05-13,a71677ab31214b0bbcb05e25efb2a321,Unknown,0,1,1,206.0
2023-05-13,2023-05-13,2135fb77bae64a82a4d9431555498779,Unknown,0,1,1,363.0
2023-05-13,2023-05-13,e0c409facc574f62bc804f7b1732752d,Unknown,0,1,1,236.0
2023-05-13,2023-05-13,584e351c1c4249bfa52971684fb9602b,Unknown,0,1,1,241.0
2023-05-13,2023-05-13,f52a768ec38f46209ea62404681a8484,Unknown,0,1,1,129.0
2023-05-13,2023-05-13,4e8bf3f5ae884eae8b481de7e1a681a5,Unknown,0,1,1,307.0
2023-05-13,2023-05-13,6fde71b8287e4541aefc5578ed1b8a87,Unknown,0,1,1,351.0
2023-05-13,2023-05-13,8aacbe95db2b4a769dd19abc8f5e148e,Unknown,0,1,1,325.0
2023-05-13,2023-05-13,25f212bbda7b43bea4ae345887333d17,Unknown,0,1,1,298.0
2023-05-13,2023-05-13,5324c9c367a5491ea3df8ea45c4ead44,Unknown,0,1,1,270.0
2023-05-13,2023-05-13,db9d76e279d6421681e79725d7007685,Unknown,0,1,1,204.0
2023-05-13,2023-05-13,e86e2e0bd0dd4dc881cc82297aec7922,Unknown,0,1,1,284.0
2023-05-13,2023-05-13,0dea5ad0ec5c4bc1836133e3cde96c24,Unknown,0,1,1,82.0
2023-05-13,2023-05-13,184fc99162204ecb9f279b2b9870d258,Unknown,0,1,1,334.0
2023-05-13,2023-05-13,47bad9f8cb334d489dfbb391a2266767,Unknown,0,1,1,143.0
2023-05-13,2023-05-13,df7adea1526a4cfe9efa1c7e14942f42,Unknown,0,1,1,210.0
2023-05-13,2023-05-13,425ba32e66f9435cb9606a6e74d5b633,Unknown,0,1,1,338.0
2023-05-13,2023-05-13,5084157557234f11846ccc2f67cdd7ca,Unknown,0,1,1,200.0
2023-05-13,2023-05-13,d60318d7ea524b1fb050c5e7dab8facd,Unknown,0,1,1,309.0
2023-05-13,2023-05-13,ed85bdcaadb84ea6affdeab89a4785b5,Unknown,0,1,1,107.0
2023-05-13,2023-05-13,074cfe9f718241189c8c724fa6336c1c,Unknown,0,1,1,352.0
2023-05-13,2023-05-13,aa03d1d9aed14d57a778b23fb5c69061,Unknown,0,1,1,300.0
2023-05-13,2023-05-13,52f5f78d7b674a2096c5cc5d707f0629,Unknown,0,1,1,381.0
2023-05-13,2023-05-13,f7ecc9143ec9443b9047f9e8d09392e2,Unknown,0,1,1,325.0
2023-05-13,2023-05-13,51488528d86f42a8b25eeb1c2de69424,Unknown,0,1,1,337.0
2023-05-13,2023-05-13,8e986aa874114339ba2ecc6919ec9069,Unknown,0,1,1,211.0
2023-05-13,2023-05-13,3176e2c384e046c2810997ddb8c39613,Unknown,0,1,1,221.0
2023-05-13,2023-05-13,7f07a44843e94c6ba3607416edb90466,Unknown,0,1,1,341.0
2023-05-13,2023-05-13,d59bd1c01ef34dfb825612d128162c2d,Unknown,0,1,1,248.0
2023-05-13,2023-05-13,e25e886cee8349d98d07821c6500dcde,Unknown,0,1,1,373.0
2023-05-13,2023-05-13,0f02322a81474ac086330bd3f9d2750f,Unknown,0,1,1,280.0
2023-05-13,2023-05-13,8fa72614ab564016bd240dbe52bb511e,Unknown,0,1,1,348.0
2023-05-13,2023-05-13,530c9413e01d49b8a53814f825a8a440,Unknown,0,1,1,190.0
2023-05-13,2023-05-13,9859bbc2845147d0a6d8de4629fb0efa,Unknown,0,1,1,205.0
2023-05-13,2023-05-13,235a6e3062104edd88c0ed2e3a9ca807,Unknown,0,1,1,380.0
2023-05-13,2023-05-13,c825185cde124a6f960037927913b895,Unknown,0,1,1,198.0
2023-05-13,2023-05-13,428c29e5f90549a1bc51683f78b19a72,Unknown,0,1,1,317.0
2023-05-13,2023-05-13,43019266e42e45bb958310bb80cb966f,Unknown,0,1,2,385.0
2023-05-13,2023-05-13,8b3156fe709f4da5888deae981df7a64,Unknown,0,1,2,626.0
2023-05-13,2023-05-13,290ad01c71af4dbda5998bbd5bfc55c8,Unknown,0,1,2,560.0
2023-05-13,2023-05-13,dfec520417184f8389f73ad714aa9bb8,Unknown,0,1,2,711.0
2023-05-13,2023-05-13,2dc9a788e580453085d3b136f5500d70,Unknown,0,1,2,427.0
2023-05-13,2023-05-13,5d473305b821402088a40709cd4ac133,Unknown,0,1,2,504.0
2023-05-13,2023-05-13,cffee643caef4e5f87e7194436fc827a,Unknown,0,1,2,487.0
2023-05-13,2023-05-13,45c803d336434e919909098bd8bb17c0,Unknown,0,1,2,483.0
2023-05-13,2023-05-13,a6a36ea8daae4e3cb90031cbbe88bb26,Unknown,0,1,2,515.0
2023-05-13,2023-05-13,0e98b50be7fc4d99abb2456c20c569ea,Unknown,0,1,2,539.0
2023-05-13,2023-05-13,356baaa8c2df49fbbbc765a95df0063c,Unknown,0,1,2,530.0
2023-05-13,2023-05-13,3c9379f53da84074885dca7904287186,Unknown,0,1,2,456.0
2023-05-13,2023-05-13,f22e3bba7c2e4f299d33339d10dc9933,Unknown,0,1,2,436.0
2023-05-13,2023-05-13,b887f6cd2def49b4bcfaee42de230df4,Unknown,0,1,2,550.0
2023-05-13,2023-05-13,2864ba9d164940108d4e3ac57a57bca2,Unknown,0,1,2,606.0
2023-05-13,2023-05-13,5e216533170646c0be58c76076e28ddc,Unknown,0,1,2,517.0
2023-05-13,2023-05-13,f4906f9607634fc19d5f7b8694d2d285,Unknown,0,1,2,527.0
2023-05-13,2023-05-13,87d1162128ba4c90acf5e9390d8ead7d,Unknown,0,1,2,619.0
2023-05-13,2023-05-13,ddc09aff53ea41eca63c1287250019c4,Unknown,0,1,2,362.0
2023-05-13,2023-05-13,12cdb6d2a90541509310bdb94ce1824c,Unknown,0,1,2,454.0
2023-05-13,2023-05-13,ff18fe1cf20c4e57a3261780cc60a3cd,Unknown,0,1,2,554.0
2023-05-13,2023-05-13,1e2a04ef4e0344368afe6aa58a805289,Unknown,0,1,2,359.0
2023-05-13,2023-05-13,e9095748a552495798932f94b7050ad8,Unknown,0,1,2,702.0
2023-05-13,2023-05-13,e42ff9f95d3746cfaedb60f350d877c5,Unknown,0,1,2,570.0
2023-05-13,2023-05-13,7c38e59e48204c90b51ef302ad0cf136,Unknown,0,1,2,744.0
2023-05-13,2023-05-13,cef765c4151241228759f630b354678f,Unknown,0,1,2,383.0
2023-05-13,2023-05-13,ecb82458b5864dfaa6fc3e9f7f6998c5,Unknown,0,1,2,466.0
2023-05-13,2023-05-13,e2b4fa9e94aa42ee996155d4ee5fbc31,Unknown,0,1,2,645.0
2023-05-13,2023-05-13,0c91979dfa4a451a9320ffaa042855c7,Unknown,0,1,2,439.0
2023-05-13,2023-05-13,b32a4ee12b5b4be39e724887cbf35e44,Unknown,0,1,2,663.0
2023-05-13,2023-05-13,45c946abc94e405bae93a0b26443e068,Unknown,0,1,2,588.0
2023-05-13,2023-05-13,766acfc799474a97bb4346c746f1ef49,Unknown,0,1,2,461.0
2023-05-13,2023-05-13,ae31921f6b8342e6823e369ac3619aa9,Unknown,0,1,2,473.0
2023-05-13,2023-05-13,e8bd3e3851cb4d13ae155698705f1e70,Unknown,0,1,2,479.0
2023-05-13,2023-05-13,07084191b8f34fe5b67888177bde07ac,Unknown,0,1,2,177.0
2023-05-13,2023-05-13,01fd9e4f02224029b860a463c89004ed,Unknown,0,1,2,609.0
2023-05-13,2023-05-13,12e510066dc445219b7ce57e44eef999,Unknown,0,1,2,540.0
2023-05-13,2023-05-13,05f4b7ea4e83478d87592da5b108f6a6,Unknown,0,1,2,567.0
2023-05-13,2023-05-13,adcf718b516946589bba4945501212d8,Unknown,0,1,2,431.0
2023-05-13,2023-05-13,c9c31b603af84e6fa33812713efe9271,Unknown,0,1,2,567.0
2023-05-13,2023-05-13,c496e00bf3714bcfaecb26ef7e04a360,Unknown,0,1,2,513.0
2023-05-13,2023-05-13,26a493a15b5c43a286354e82a00fab41,Unknown,0,1,2,388.0
2023-05-13,2023-05-13,88c34b02317548ef950a1c790894157c,Unknown,0,1,2,366.0
2023-05-13,2023-05-13,ce476f897ddf46e099989c981d7aa454,Unknown,0,1,2,457.0
2023-05-13,2023-05-13,847f353646f64cef88d9f1cb0a6f74ad,Unknown,0,1,2,377.0
2023-05-13,2023-05-13,51c84246fea745e68418aa48c5d4f5bb,Unknown,0,1,2,439.0
2023-05-13,2023-05-13,c9ace8312bf3488b8b55eee58fff8f3b,Unknown,0,1,2,662.0
2023-05-13,2023-05-13,002a259c52e442dfb1cae02460272d05,Unknown,0,1,2,563.0
2023-05-13,2023-05-13,2b66651639d14db69738c46ff2816551,Unknown,0,1,2,523.0
2023-05-13,2023-05-13,620267bebac545aabb6f405df690028f,Unknown,0,1,2,421.0
2023-05-13,2023-05-13,74f26623351b443fb11aecaee833c48c,Unknown,0,1,2,520.0
2023-05-13,2023-05-13,f57a6fd61cbc4d7da4a65eb0de4e9fcd,Unknown,0,1,3,785.0
2023-05-13,2023-05-13,a0493eee29ea4670959e23d426d3d2e8,Unknown,0,1,3,725.0
2023-05-13,2023-05-13,dc93b2313710492cbdb4f8175a4df90f,Unknown,0,1,3,924.0
2023-05-13,2023-05-13,336b101dcd494ae3bbcf4ab578e8d7ac,Unknown,0,1,3,909.0
2023-05-13,2023-05-13,3a2c99a6511c45deb31a178211a1c204,Unknown,0,1,3,714.0
2023-05-13,2023-05-13,af088a5686e04eccbd3b2d544ffddb20,Unknown,0,1,3,543.0
2023-05-13,2023-05-13,18aaf6204fa54ec5a3d10cc90904a49a,Unknown,0,1,3,787.0
2023-05-13,2023-05-13,5d26abdfd8144a15bda0214bd828ca97,Unknown,0,1,3,757.0
2023-05-13,2023-05-13,afa79515358849898b91a0f3220df2f6,Unknown,0,1,3,458.0
2023-05-13,2023-05-13,74bbdc36dff04374b01e5050650ff1c6,Unknown,0,1,3,522.0
2023-05-13,2023-05-13,c0ce421f78804c29a3fd0312dbbdfe90,Unknown,0,1,3,685.0
2023-05-13,2023-05-13,41ee3e57ed274325b3f6efc0114dacdd,Unknown,0,1,3,641.0
2023-05-13,2023-05-13,0870acd3383644e78bd3c0246ad28f31,Unknown,0,1,3,971.0
2023-05-13,2023-05-13,1a8ded98649d4b548e8d386d41219a0d,Unknown,0,1,3,958.0
2023-05-13,2023-05-13,a8eee1c21d63479a873c45fe358462f7,Unknown,0,1,3,735.0
2023-05-13,2023-05-13,a9b448d8f9b34e9c8fc2233d1e444db4,Unknown,0,1,3,783.0
2023-05-13,2023-05-13,d63edfee865c47fbad8feaed7ee52143,Unknown,0,1,3,677.0
2023-05-13,2023-05-13,8b7d69ad087d4ea4aafad245d6c0b2f3,Unknown,0,1,3,506.0
2023-05-13,2023-05-13,3999ef22ff954b29b1eaef0f8914001c,Unknown,0,1,3,652.0
2023-05-13,2023-05-13,4f22f379f953453fb18dca0c85ce7d22,Unknown,0,1,3,786.0
2023-05-13,2023-05-13,f850fc6bac6e496385805f585f4d7ba1,Unknown,0,1,3,948.0
2023-05-13,2023-05-13,a58e286827d840ceb6d5c8f6996e24c5,Unknown,0,1,3,845.0
2023-05-13,2023-05-13,0ae87b7f62d244febd3c58acdd64cc57,Unknown,0,1,3,812.0
2023-05-13,2023-05-13,305dd2cace2e4410b753c3410239c3cb,Unknown,0,1,3,522.0
2023-05-13,2023-05-13,335de7e9ed79491b93476f7a79e2b17d,Unknown,0,1,3,851.0
2023-05-13,2023-05-13,97e5f63b024d4397a5bd0a6d5e57098c,Unknown,0,1,3,847.0
2023-05-13,2023-05-13,28e425e89f164afbbfba95cf387571f5,Unknown,0,1,3,613.0
2023-05-13,2023-05-13,6067ace6eb7b46a8b8d1765dabab1e31,Unknown,0,1,3,795.0
2023-05-13,2023-05-13,fa923c46e58647a79fa748cbec0372be,Unknown,0,1,3,556.0
2023-05-13,2023-05-13,35290842a68e4d14b13c00a78e34662e,Unknown,0,1,3,1077.0
2023-05-13,2023-05-13,a9480469521a40789776aaaf60c7fb12,Unknown,0,1,3,547.0
2023-05-13,2023-05-13,2e8f14586a594c26924417c8d0441ef3,Unknown,0,1,4,1003.0
2023-05-13,2023-05-13,0efb7a0927294857991fb8162e3727f2,Unknown,0,1,4,838.0
2023-05-13,2023-05-13,e8c52007ff734e0097c60a10a735b6b1,Unknown,0,1,4,1157.0
2023-05-13,2023-05-13,23ef6ab35e0f47d9b14c4bf7d2c38281,Unknown,0,1,4,835.0
2023-05-13,2023-05-13,9decbcd28d034d3988ab08486abf38c1,Unknown,0,1,4,950.0
2023-05-13,2023-05-13,98dcc4831b234c2f9ca3554a95d93982,Unknown,0,1,4,1276.0
2023-05-13,2023-05-13,fa7c43cda92348d3a5e4570c92c700ee,Unknown,0,1,4,815.0
2023-05-13,2023-05-13,66f554b9cc624e05a510d471a485e974,Unknown,0,1,4,770.0
2023-05-13,2023-05-13,7338f9f4e9bb452f9b0a25644a0d7958,Unknown,0,1,4,752.0
2023-05-13,2023-05-13,9575a76b9bb44fe4893b0d694eaffbf3,Unknown,0,1,4,1178.0
2023-05-13,2023-05-13,933eac11bb4442f2a2f0453b8f3d1596,Unknown,0,1,4,1264.0
2023-05-13,2023-05-13,80dcb2ef588f48c8a9d3056c455a9cae,Unknown,0,1,4,877.0
2023-05-13,2023-05-13,8ae97d299f1546baac1be4628e1d7c53,Unknown,0,1,4,861.0
2023-05-13,2023-05-13,9969050b26c545e89d4f06ca3e1fe736,Unknown,0,1,4,828.0
2023-05-13,2023-05-13,57c49ba0fdc2463d8ea562444fdbf1a6,Unknown,0,1,4,1370.0
2023-05-13,2023-05-13,e2fd748c78a643f28beae757bbb3546b,Unknown,0,1,4,887.0
2023-05-13,2023-05-13,4ec4901c25a442a6bfc89505cb8f9873,Unknown,0,1,4,1161.0
2023-05-13,2023-05-13,3f57273d8ba548e09209a194b698760e,Unknown,0,1,4,1319.0
2023-05-13,2023-05-13,f7eed843606d4934a33ed7da31fc16e0,Unknown,0,1,4,1075.0
2023-05-13,2023-05-13,c8f055f595c24691b1521636b2f4157e,Unknown,0,1,4,890.0
2023-05-13,2023-05-13,892e7963ec9346d6884f410a47d6662a,Unknown,0,1,5,1253.0
2023-05-13,2023-05-13,e3fc4bf153cd4a50a12e862d5927651f,Unknown,0,1,5,1254.0
2023-05-13,2023-05-13,12987cacde2e4bc6b3db6b1a40fabef7,Unknown,0,1,5,990.0
2023-05-13,2023-05-13,71037418822347d3ab03043603ffda8c,Unknown,0,1,5,1053.0
2023-05-13,2023-05-13,f90314a1a8be47a083d269dfebe310db,Unknown,0,1,5,1417.0
2023-05-13,2023-05-13,f42aeeb5043a434aa3f6ee154bcb1f16,Unknown,0,1,5,1395.0
2023-05-13,2023-05-13,d66fa0f2058947b3af920ab84eb6ae75,Unknown,0,1,5,1027.0
2023-05-13,2023-05-13,5017b6b5868944279f18319e1fc73eb9,Unknown,0,1,5,984.0
2023-05-13,2023-05-13,a8441820d8804dfdbdbc7f74673ad437,Unknown,0,1,5,1018.0
2023-05-13,2023-05-13,e4d37f5674cf4043afbd8e3e3ae8732a,Unknown,0,1,5,1002.0
2023-05-13,2023-05-13,580d71f84e774c7fa5acc210634a1c36,Unknown,0,1,5,1259.0
2023-05-13,2023-05-13,1ba707aadcb14aa5addb7a4a14ddee49,Unknown,0,1,5,1048.0
2023-05-13,2023-05-13,5601ee0b8b5044a5a50054adaee988bb,Unknown,0,1,5,1325.0
2023-05-13,2023-05-13,eed72b484a5d4218acedf2db9b60a324,Unknown,0,1,5,1586.0
2023-05-13,2023-05-13,a4558473e21940f9a4dfc5bf39790483,Unknown,0,1,5,1214.0
2023-05-13,2023-05-13,97e29f2f31b4456799af34f5014a64fe,Unknown,0,1,5,1465.0
2023-05-13,2023-05-13,ef20e1a5cb7d4930bda3cc95045d944a,Unknown,0,1,5,1392.0
2023-05-13,2023-05-13,c52a8330487647ff89b3ca8196d5c20b,Unknown,0,1,6,1424.0
2023-05-13,2023-05-13,dfc42860f14a4f58b91aff30cb55524a,Unknown,0,1,6,1996.0
2023-05-13,2023-05-13,c2bb6b2a58844bd4b5914670eee665d5,Unknown,0,1,6,1255.0
2023-05-13,2023-05-13,fa083d63bf32464b901135d888500cfc,Unknown,0,1,6,1580.0
2023-05-13,2023-05-13,b784f46fdf7f433baea7f8a7f3d58938,Unknown,0,1,6,1312.0
2023-05-13,2023-05-13,108d267fd5c64faf8b49973e33325907,Unknown,0,1,6,1478.0
2023-05-13,2023-05-13,2ee41c6f78cf41a6a64b2b5c9c7cd125,Unknown,0,1,6,1727.0
2023-05-13,2023-05-13,9c5779ebbc7641a6bd584a9c8d9377aa,Unknown,0,1,6,1237.0
2023-05-13,2023-05-13,f98f407c79f74324954c58fba6dacaf1,Unknown,0,1,6,1418.0
2023-05-13,2023-05-13,ca68b8e13cd44adabca5f1d8380398aa,Unknown,0,1,6,1486.0
2023-05-13,2023-05-13,e67b7bf1eb394525a19bfa013f8efed4,Unknown,0,1,6,1801.0
2023-05-13,2023-05-13,39afe9f4676e4e8999dfb91603977e6a,Unknown,0,1,6,1687.0
2023-05-13,2023-05-13,130b8459b4c34de5a5856a6c6b1faada,Unknown,0,1,6,1459.0
2023-05-13,2023-05-13,d05716bd46e540d58412b1d29dc85837,Unknown,0,1,6,1024.0
2023-05-13,2023-05-13,3e61b69622ce40b2abb37c8d0c97e550,Unknown,0,1,6,1077.0
2023-05-13,2023-05-13,cb339af496944a0abea76f536575b1f9,Unknown,0,1,6,1845.0
2023-05-13,2023-05-13,c6cc473b65aa4979a6005841752cb0fa,Unknown,0,1,6,1421.0
2023-05-13,2023-05-13,30cfad57c94e4c309fa56a5be2e19416,Unknown,0,1,6,1535.0
2023-05-13,2023-05-13,2d4d05bb36da4e748d25a014d9af403d,Unknown,0,1,6,1549.0
2023-05-13,2023-05-13,80a812be5ddb4490bbdc6aef12d55dcb,Unknown,0,1,6,1728.0
2023-05-13,2023-05-13,f1eca870632b40bdb2c31c3b189a1d08,Unknown,0,1,7,1589.0
2023-05-13,2023-05-13,24e92b7e4ddf4a0a95143c404575de26,Unknown,0,1,7,1505.0
2023-05-13,2023-05-13,dfd6f16d2e144b188df0e66bda0236db,Unknown,0,1,7,2396.0
2023-05-13,2023-05-13,97b3529aa5b24be4899933e3831c4042,Unknown,0,1,7,1842.0
2023-05-13,2023-05-13,296f3e8d1e974acabb7dc92b04ccdeed,Unknown,0,1,7,1716.0
2023-05-13,2023-05-13,0fe1ba7af19d4f5483e8e290a93581b8,Unknown,0,1,7,1479.0
2023-05-13,2023-05-13,a5aae92f14a643e09c97af60d5cbc497,Unknown,0,1,7,1341.0
2023-05-13,2023-05-13,5b97d84084c14437af1963775691800f,Unknown,0,1,7,1678.0
2023-05-13,2023-05-13,ef3d0302a2dd442a8c29e146eabc49c9,Unknown,0,1,7,1507.0
2023-05-13,2023-05-13,f171280e2b51474686370addc7dcaa82,Unknown,0,1,7,1793.0
2023-05-13,2023-05-13,448f0d6b9b504b4ab4ace4524c4080ac,Unknown,0,1,8,1813.0
2023-05-13,2023-05-13,b953e6feb7844e24bd4c9fa9a409f0c4,Unknown,0,1,8,2042.0
2023-05-13,2023-05-13,de291a18dcec4171873475995e542302,Unknown,0,1,8,2403.0
2023-05-13,2023-05-13,a3e760d584594ceb8f732db47d70b8bd,Unknown,0,1,8,1988.0
2023-05-13,2023-05-13,ac5aac88475941328ef722b67bea1e37,Unknown,0,1,8,1990.0
2023-05-13,2023-05-13,a09af339bffe4408b339b6379bb85c4f,Unknown,0,1,8,2344.0
2023-05-13,2023-05-13,ece04ef9dd46405089010fc862969d37,Unknown,0,1,8,1468.0
2023-05-13,2023-05-13,c10fe0fe668a43639800ee43fb2e0ccb,Unknown,0,1,8,2155.0
2023-05-13,2023-05-13,2fda0a656ffe4bea9c9d6b47a912719f,Unknown,0,1,8,2291.0
2023-05-13,2023-05-13,a89b788eb5f84395ae39f0e3ccceab7b,Unknown,0,1,9,2074.0
2023-05-13,2023-05-13,e6580fb857294c8799d628a56717d492,Unknown,0,1,9,1520.0
2023-05-13,2023-05-13,dcea0e810f2a454ea4dd72bff1c2d726,Unknown,0,1,9,1819.0
2023-05-13,2023-05-13,f6a8e43734ba47188ea750bbb6ef08fc,Unknown,0,1,9,1846.0
2023-05-13,2023-05-13,50596c3140bd48e9b285e73b2ea3b0f1,Unknown,0,1,10,2726.0
2023-05-13,2023-05-13,8222f9ebd8c74a098b7f8cb1ea8a4f87,Unknown,0,1,10,2289.0
2023-05-13,2023-05-13,721ff0077f414ca2988934e86be1c84b,Unknown,0,1,10,2981.0
2023-05-13,2023-05-13,4f7c3185a6ca4a74b219338e09564d76,Unknown,0,1,11,2419.0
2023-05-13,2023-05-13,6692cee013ac447da2f6f125d6a5b154,Unknown,0,1,11,2234.0
2023-05-13,2023-05-13,448384fc2d4a4c24b3daefe772575afd,Unknown,0,1,11,2635.0
2023-05-13,2023-05-13,f09355a3b7544daea40afa122463f9cc,Unknown,0,1,11,2145.0
2023-05-13,2023-05-13,0c4c4444362f4a4bbac90b0c7a7ecd1f,Unknown,0,1,11,2741.0
2023-05-13,2023-05-13,6d68e09334404140ab1e4c290425a9d4,Unknown,0,1,13,2740.0
2023-05-13,2023-05-13,e81aa9672455458a952ff50406674d29,Unknown,0,1,13,2253.0
2023-05-13,2023-05-13,262bf8d6b0ee42b2af8155e18db59148,Unknown,0,1,13,3049.0
2023-05-13,2023-05-13,166c040ef1cb49f69fc811eda479ce05,Unknown,0,1,14,3100.0
2023-05-13,2023-05-13,cf086ec109a64b829d9187bac4cdd416,Unknown,0,1,14,2852.0
2023-05-13,2023-05-13,fa8d899d5f8f462b92d51ea1061020c7,Unknown,0,1,14,3464.0
2023-05-13,2023-05-13,e7a7e893c7f64dbcb44df8b1b234362d,Unknown,0,1,14,3346.0
2023-05-13,2023-05-13,a0f703c733b647c7b09e8096daf9f595,Unknown,0,1,14,4099.0
2023-05-13,2023-05-13,9c69b05e5e2643fea54a65e96e90d07f,Unknown,0,1,15,2874.0
2023-05-13,2023-05-13,f0f5f3ea44b64819a87e36b9288796c3,Unknown,0,1,15,3733.0
2023-05-13,2023-05-13,b1084f00453e4c8e84abf72bf425af2d,Unknown,0,1,15,3287.0
2023-05-13,2023-05-13,b7e476c9015342cea06fcf73eb47fd24,Unknown,0,1,15,3753.0
2023-05-13,2023-05-13,ae867afdbb3b46b58ae364285240c3c6,Unknown,0,1,15,3486.0
2023-05-13,2023-05-13,637b9eca442e4acb94a76b6bb13ca770,Unknown,0,1,15,3494.0
2023-05-13,2023-05-13,68af58664314465185e61175b107202d,Unknown,0,1,16,3459.0
2023-05-13,2023-05-13,c3a67fbb81044623b4d0c424627166a9,Unknown,0,1,16,3808.0
2023-05-13,2023-05-13,553604daee624673adb12128e1ceeaee,Unknown,0,1,16,4170.0
2023-05-13,2023-05-13,4f67a1cd7d4443dba70e5ddc07b38488,Unknown,0,1,16,3737.0
2023-05-13,2023-05-13,47740a17e6e04184b52b0d3ffad45b19,Unknown,0,1,18,4055.0
2023-05-13,2023-05-13,68f5fa558139405da2974a225a05be9c,Unknown,0,1,19,3716.0
2023-05-13,2023-05-13,e35db4a8bd5a478a9880d12b7e8d3b17,Unknown,0,1,20,4675.0
2023-05-13,2023-05-13,56b79bb3663e447ab52dc801cf0e15e4,Unknown,0,1,20,4941.0
2023-05-13,2023-05-13,a9341ea811a244ab80f1e16425b5135f,Unknown,0,1,21,5011.0
2023-05-13,2023-05-13,7aa5a0e76c1643db902d5f7170ce456f,Unknown,0,1,24,7238.0
2023-05-13,2023-05-13,5fbe722b2cb7406182bae664eca0363b,Unknown,0,1,26,6573.0
2023-05-13,2023-05-13,a8a1b49dcced4c358afd312444d4724c,Unknown,0,1,27,7210.0
2023-05-13,2023-05-13,e113114ac42b4ee8bb6646705f156d96,Unknown,0,1,29,8534.0
2023-05-13,2023-05-13,bfaa366a60174de2ac420cc01bbb9bb4,Unknown,0,1,30,6531.0
2023-05-13,2023-05-13,9d8e0b240dc048869f2f3bfe9f29ee84,Unknown,0,1,32,8129.0
2023-05-13,2023-05-13,8044e60b501e451294ece24089eba26f,Unknown,0,1,34,7371.0
2023-05-13,2023-05-13,e698926d0a414c8cb78cdb1ae566e711,Unknown,0,1,36,8639.0
2023-05-13,2023-05-13,b2d114b3c8c9421ebf26c658220ef342,Unknown,0,1,1,214.0
2023-05-13,2023-05-13,cdeda44620a140459a0bad222750bd03,Unknown,0,1,1,214.0
2023-05-11,2023-05-11,46100f2950e942f5987a961fe8709881,Unknown,0,1,1,275.0
2023-05-11,2023-05-11,e370f70fedec4a45977db227a5a88f2c,Unknown,0,1,1,213.0
2023-05-11,2023-05-11,9a02498885a5429fa41b6c399c92fdb4,Unknown,0,1,1,261.0
2023-05-11,2023-05-11,6dbfb1ae18794a949507c5f3b9c08ca0,Unknown,0,1,1,114.0
2023-05-11,2023-05-11,4bef66e3fd674dff975b5be3c6a056f0,Unknown,0,1,1,189.0
2023-05-11,2023-05-11,187b6828f52c4f0daa70e81cab55c1fa,Unknown,0,1,1,363.0
2023-05-11,2023-05-11,e6fd604c72d44822980ba649429fe2e0,Unknown,0,1,1,212.0
2023-05-11,2023-05-11,02bed50c1bba40628d34e1a5389cab5f,Unknown,0,1,1,471.0
2023-05-11,2023-05-11,0f443bd5387b44eba9e23a1f553e771b,Unknown,0,1,1,260.0
2023-05-11,2023-05-11,59809cf4d3a343d28f040f27327af5a9,Unknown,0,1,1,328.0
2023-05-11,2023-05-11,954d22ecf8994e408d2f9c537cd8b383,Unknown,0,1,1,274.0
2023-05-11,2023-05-11,bec644052b644a22aedef3b2d111c0d1,Unknown,0,1,1,225.0
2023-05-11,2023-05-11,156147b7b4aa40bcba95c699e2e34548,Unknown,0,1,1,380.0
2023-05-11,2023-05-11,bdccfece83d64896b06ab83e4ad42bdd,Unknown,0,1,1,397.0
2023-05-11,2023-05-11,92cd97d03abe42cc902690def3d0bbd2,Unknown,0,1,1,248.0
2023-05-11,2023-05-11,cec240de2a944135acb66f83a757a81e,Unknown,0,1,1,230.0
2023-05-11,2023-05-11,35b3b562a932441ea3250481a9b340d2,Unknown,0,1,1,349.0
2023-05-11,2023-05-11,d02c5262bf134d929c2d9945f8cbc816,Unknown,0,1,1,354.0
2023-05-11,2023-05-11,7ee180656b58452790ec6ffd8097cdb3,Unknown,0,1,1,131.0
2023-05-11,2023-05-11,bb7d48d1d8784c97a65bcc5bac1dda92,Unknown,0,1,1,181.0
2023-05-11,2023-05-11,6bae7062b243456f9407117b5d348af1,Unknown,0,1,1,238.0
2023-05-11,2023-05-11,6e90783294b2447aa0c051d1e6878ccb,Unknown,0,1,1,233.0
2023-05-11,2023-05-11,d43bb555b054494696ac78ab26c87bf0,Unknown,0,1,1,188.0
2023-05-11,2023-05-11,b5ab2d4dcac24828bcc587500e2d0c52,Unknown,0,1,1,370.0
2023-05-11,2023-05-11,eb2a61e5d81d446289195ed1fd5e08bc,Unknown,0,1,1,330.0
2023-05-11,2023-05-11,dc754a76077743a0a44c734ae459202b,Unknown,0,1,1,227.0
2023-05-11,2023-05-11,1f48973216394a8394fa1198ea5e45bd,Unknown,0,1,1,354.0
2023-05-11,2023-05-11,72504ef808d1445bb6f933099f0d2753,Unknown,0,1,1,231.0
2023-05-11,2023-05-11,6a54dbdce9084062bfa251781f430270,Unknown,0,1,1,275.0
2023-05-11,2023-05-11,5c475f839c1848439e903db1912976dc,Unknown,0,1,1,374.0
2023-05-11,2023-05-11,c6ee5ed635c048a2a50fbf90316f263f,Unknown,0,1,1,269.0
2023-05-11,2023-05-11,2766bc0ad34949b689629989feed67d9,Unknown,0,1,1,281.0
2023-05-11,2023-05-11,a3d9ccd2f97444cfbe5caf3c653a9223,Unknown,0,1,1,255.0
2023-05-11,2023-05-11,198840f8237a4d9eaec4be03089566b2,Unknown,0,1,1,304.0
2023-05-11,2023-05-11,ee93dfd9a3de44cda2553d23986f17e0,Unknown,0,1,1,363.0
2023-05-11,2023-05-11,5b25d2390f6a4cfb9bce2e609e6f673f,Unknown,0,1,1,190.0
2023-05-11,2023-05-11,249021e435bd4a63ac96d2424ea1669a,Unknown,0,1,1,353.0
2023-05-11,2023-05-11,51b9f0249f734c40968db9d1cc873e2f,Unknown,0,1,1,185.0
2023-05-11,2023-05-11,954e4e6e70af4d5bb2e33d16f40ecd79,Unknown,0,1,1,225.0
2023-05-11,2023-05-11,7a853a102228473eb96b6b73ad6f0363,Unknown,0,1,1,153.0
2023-05-11,2023-05-11,0d43366903eb43bfa8eecb13718ab846,Unknown,0,1,1,288.0
2023-05-11,2023-05-11,4daa7ddc99f240cca06da68ccff38695,Unknown,0,1,1,166.0
2023-05-11,2023-05-11,fae30ab7db124cf3954adcff7fd23ee1,Unknown,0,1,1,475.0
2023-05-11,2023-05-11,8fc4cc100ba542e6ba6d7662ecb41751,Unknown,0,1,1,284.0
2023-05-11,2023-05-11,d2d2c0b061b44d62acbc905c2fddd225,Unknown,0,1,1,198.0
2023-05-11,2023-05-11,7d5d31f449e44124a30d978fff92c7cd,Unknown,0,1,1,160.0
2023-05-11,2023-05-11,0077fc05daf34a7b8975345af55e00df,Unknown,0,1,1,164.0
2023-05-11,2023-05-11,d940f39917f644b0b2f9b72c4152f19e,Unknown,0,1,1,176.0
2023-05-11,2023-05-11,4d8c5edf112a461cbebd102606f85568,Unknown,0,1,1,390.0
2023-05-11,2023-05-11,f35c172d3a8c49cf8078f3f74decf005,Unknown,0,1,1,114.0
2023-05-11,2023-05-11,835385d0ace64e8f8e8aa49edb24f79b,Unknown,0,1,1,218.0
2023-05-11,2023-05-11,90819694a7d14279ac233532e5405712,Unknown,0,1,1,309.0
2023-05-11,2023-05-11,f17d4fc712814728b47deb4f106eda53,Unknown,0,1,1,235.0
2023-05-11,2023-05-11,638bf93a460547c896936cd0291c661f,Unknown,0,1,1,298.0
2023-05-11,2023-05-11,2fa88a8321f644119c1a1b80d9199afb,Unknown,0,1,2,639.0
2023-05-11,2023-05-11,0507e31114ec4c3c90f129ef098d4a10,Unknown,0,1,2,677.0
2023-05-11,2023-05-11,75ed582af3394b258852f14158d55094,Unknown,0,1,2,371.0
2023-05-11,2023-05-11,8442ec086a824ce5884426f2ce8ca536,Unknown,0,1,2,493.0
2023-05-11,2023-05-11,841c7f18e7f6447792bc97495fa3a34f,Unknown,0,1,2,543.0
2023-05-11,2023-05-11,116e6a343f2741aeb0afe4aecf6b7509,Unknown,0,1,2,414.0
2023-05-11,2023-05-11,d5075cc114c34e03904fbe59415af5ea,Unknown,0,1,2,396.0
2023-05-11,2023-05-11,e7fe20b0424a41bdb6ddcbcb529cfec4,Unknown,0,1,2,650.0
2023-05-11,2023-05-11,729dc427ec0c47fe83ba14122b13d58d,Unknown,0,1,2,538.0
2023-05-11,2023-05-11,5253ecdaf98644ceb70270c5520d0ef9,Unknown,0,1,2,430.0
2023-05-11,2023-05-11,5ff812a2575c41dd92506c7aae295f87,Unknown,0,1,2,645.0
2023-05-11,2023-05-11,b3f51d9258c141f0af80327894c057ac,Unknown,0,1,2,485.0
2023-05-11,2023-05-11,73c7d95114844ee5a12899214c7ae702,Unknown,0,1,2,755.0
2023-05-11,2023-05-11,b9e2274b67a04ffc80464fe57340e1e6,Unknown,0,1,2,490.0
2023-05-11,2023-05-11,29550c8cfb4d476ebe4643e05b1b551a,Unknown,0,1,2,498.0
2023-05-11,2023-05-11,aad12e666014437ab53521967095942e,Unknown,0,1,2,479.0
2023-05-11,2023-05-11,39d835721e94435a814ab76437485801,Unknown,0,1,2,569.0
2023-05-11,2023-05-11,5ce09fc8dda246fb82801de0aed88e9a,Unknown,0,1,2,511.0
2023-05-11,2023-05-11,47fe6485a9304acf8dd17cb7c4fb6783,Unknown,0,1,2,529.0
2023-05-11,2023-05-11,77809424e5c64fd09f4646d497ebacc1,Unknown,0,1,2,376.0
2023-05-11,2023-05-11,8e3d416c758d4a9aaf1a9e3b1ca85544,Unknown,0,1,2,484.0
2023-05-11,2023-05-11,65a48511c2604802912b3affe33df588,Unknown,0,1,2,425.0
2023-05-11,2023-05-11,62504ca6bbc74c2f951cdd467ee3aaf0,Unknown,0,1,2,388.0
2023-05-11,2023-05-11,728c75ee19df4a4b8b713d618b1b8c49,Unknown,0,1,3,795.0
2023-05-11,2023-05-11,ec18360247174b0d8a7df563fa42f92e,Unknown,0,1,3,635.0
2023-05-11,2023-05-11,24fc1468c3b54ad79b08fafc4ff06745,Unknown,0,1,3,713.0
2023-05-11,2023-05-11,00548e001295462494647022106b75a9,Unknown,0,1,3,688.0
2023-05-11,2023-05-11,c398f95c4bbe4f6dab35a7a78cd7ad4e,Unknown,0,1,3,1022.0
2023-05-11,2023-05-11,152c053a738d447d812d6eee32231b9b,Unknown,0,1,3,814.0
2023-05-11,2023-05-11,fb874e1b24254efc8f976df679708dfc,Unknown,0,1,3,721.0
2023-05-11,2023-05-11,9dd8ddc8f04c4f2ea0c14beabf584f1f,Unknown,0,1,3,892.0
2023-05-11,2023-05-11,d21302dc253e441394b8f091e476765a,Unknown,0,1,3,631.0
2023-05-11,2023-05-11,67d7aa59f0e847e18e82bc61c19d6e23,Unknown,0,1,3,683.0
2023-05-11,2023-05-11,ccc00f5c6f0a4b76835794992f2fe1f9,Unknown,0,1,3,790.0
2023-05-11,2023-05-11,d24991225e30472aa9eb7a89afaa99ae,Unknown,0,1,3,756.0
2023-05-11,2023-05-11,55009dda1c8d45e68cc90a558bf82697,Unknown,0,1,3,700.0
2023-05-11,2023-05-11,c89c88dc8a3a47b7ae529e173bcb4fc0,Unknown,0,1,3,582.0
2023-05-11,2023-05-11,6956d0a1e9914486827c4571d6017aa5,Unknown,0,1,4,863.0
2023-05-11,2023-05-11,3f201144c92c4b50acd664bcce727c58,Unknown,0,1,4,1298.0
2023-05-11,2023-05-11,8ca78837fffa4b158012e1bbc94388e3,Unknown,0,1,4,903.0
2023-05-11,2023-05-11,2fddb7a70b85455d8bc8cf0c68feb438,Unknown,0,1,4,1034.0
2023-05-11,2023-05-11,79ff17664baa4c25b10b493b85e8d651,Unknown,0,1,4,818.0
2023-05-11,2023-05-11,f248c757000c453894815d3676068afa,Unknown,0,1,4,1022.0
2023-05-11,2023-05-11,4cf19bf565054f6db7fae159700d3943,Unknown,0,1,4,988.0
2023-05-11,2023-05-11,13af48ad10834337a25c44cc4c6893ef,Unknown,0,1,4,830.0
2023-05-11,2023-05-11,12148164508746588ea079380b635e6d,Unknown,0,1,4,733.0
2023-05-11,2023-05-11,cbe69c51d3464b1eb6c214d26176bdcd,Unknown,0,1,4,1353.0
2023-05-11,2023-05-11,0bd55533518449deb46601b133a5bf7b,Unknown,0,1,4,893.0
2023-05-11,2023-05-11,13810b7233394ecea743ba228342f84d,Unknown,0,1,4,869.0
2023-05-11,2023-05-11,f33f058e444b4b80bc303ac26ee433e9,Unknown,0,1,4,921.0
2023-05-11,2023-05-11,4a17af5ce4144585adde6c4f9b1869c8,Unknown,0,1,4,901.0
2023-05-11,2023-05-11,ccab2b0aa4fc408cb29b6c8d4f46ac87,Unknown,0,1,4,783.0
2023-05-11,2023-05-11,fed93636406c4af694159b17c8ddb2da,Unknown,0,1,4,897.0
2023-05-11,2023-05-11,1e0570d5d0ad4392bbd45a596e6e4f92,Unknown,0,1,4,861.0
2023-05-11,2023-05-11,b81b7188785e422095a0a3c8b7c46725,Unknown,0,1,4,1032.0
2023-05-11,2023-05-11,23f70f2dd32d4e4baf213745bdde0396,Unknown,0,1,4,957.0
2023-05-11,2023-05-11,a4cb29b6a4ab48a389b94f7fbcdd355c,Unknown,0,1,4,1063.0
2023-05-11,2023-05-11,84f4e462e5c14ae9a8154186bbee7047,Unknown,0,1,5,1124.0
2023-05-11,2023-05-11,d9021f4389d8464aa094c3812f4878fd,Unknown,0,1,5,983.0
2023-05-11,2023-05-11,a038e72585b74177bc4ac4523d074f86,Unknown,0,1,5,952.0
2023-05-11,2023-05-11,8e7d7a52e3e04ecab68d556fc721f440,Unknown,0,1,5,1073.0
2023-05-11,2023-05-11,f7db0b7e019b4410a612377d97afb63e,Unknown,0,1,5,1377.0
2023-05-11,2023-05-11,152700d8f08e48f59e68f4ee9c067648,Unknown,0,1,5,1437.0
2023-05-11,2023-05-11,a4b5b992044748a1b3a32ea20e9e4429,Unknown,0,1,5,1057.0
2023-05-11,2023-05-11,ce9c8750f9f34db7887481587cb91938,Unknown,0,1,5,1150.0
2023-05-11,2023-05-11,70e523c1bace42c0ae1183444cc78393,Unknown,0,1,5,1343.0
2023-05-11,2023-05-11,ad92775daf5f4a7fb5711707dd0addb8,Unknown,0,1,5,1252.0
2023-05-11,2023-05-11,e11ce6f83e804de1839ecd4edcdb9e95,Unknown,0,1,5,1119.0
2023-05-11,2023-05-11,83914b20a3c8444fa67f79988f00b45b,Unknown,0,1,6,1367.0
2023-05-11,2023-05-11,9ea5b4bd33864bbbae9bddf7933131b9,Unknown,0,1,6,1195.0
2023-05-11,2023-05-11,281959e2baab4f3797122455609d71ef,Unknown,0,1,6,1354.0
2023-05-11,2023-05-11,1adf49b333bc4320b93877d658fdb626,Unknown,0,1,6,1209.0
2023-05-11,2023-05-11,1382019bded041b3a5ab04f775da04d7,Unknown,0,1,6,1503.0
2023-05-11,2023-05-11,bed66f3a5e554c91bfd831bfaab61161,Unknown,0,1,6,1343.0
2023-05-11,2023-05-11,c2b2c476b62b49d2965157b3a62dd391,Unknown,0,1,6,1314.0
2023-05-11,2023-05-11,9e1c57e9ae774582ad1305b72c40c2b1,Unknown,0,1,6,1308.0
2023-05-11,2023-05-11,0a90103e60ae41db834cdc723a1e9e1c,Unknown,0,1,6,1411.0
2023-05-11,2023-05-11,cf928c97cffe4274afbfa327224376a8,Unknown,0,1,6,1464.0
2023-05-11,2023-05-11,2c5b540e203c4685a7b04ad69f01d9f1,Unknown,0,1,6,1290.0
2023-05-11,2023-05-11,d90fc148659c4b5e93b7fa8ca5614281,Unknown,0,1,7,1513.0
2023-05-11,2023-05-11,eea5e58c38d24da5aee0f5ef85d88cb7,Unknown,0,1,7,1607.0
2023-05-11,2023-05-11,c51a915a28984542b02c33d10f3a0c87,Unknown,0,1,7,1698.0
2023-05-11,2023-05-11,d09e2ed1fab2401e9d847f2f9c6802cc,Unknown,0,1,7,2007.0
2023-05-11,2023-05-11,f325eb7d93ea4c3692e5fab06a321582,Unknown,0,1,7,1831.0
2023-05-11,2023-05-11,9b1a840104a1422ea74d81b61b319183,Unknown,0,1,8,2090.0
2023-05-11,2023-05-11,369356d22efd4c41a2f6d0d629f3e6aa,Unknown,0,1,8,1910.0
2023-05-11,2023-05-11,a87fea3b92c24669a9d7b2edd2657147,Unknown,0,1,8,1959.0
2023-05-11,2023-05-11,800b84ee4822465b9565d1c6259f898e,Unknown,0,1,8,1825.0
2023-05-11,2023-05-11,adeae2a5a86d49f8a91980ba897e4748,Unknown,0,1,8,1545.0
2023-05-11,2023-05-11,1f1f4dcb208645b0a90afda594067bc5,Unknown,0,1,8,1722.0
2023-05-11,2023-05-11,9e3108b6424d4d4f8a0c1127a290ab6a,Unknown,0,1,8,2249.0
2023-05-11,2023-05-11,ed5caa9b2b7d4686937e6da2b0bce440,Unknown,0,1,8,2214.0
2023-05-11,2023-05-11,bf1aaf362e554b1aac70dc8335500007,Unknown,0,1,8,2341.0
2023-05-11,2023-05-11,b6b8a12ea80d45cd87140772a7efa861,Unknown,0,1,9,2671.0
2023-05-11,2023-05-11,927c474ac7864cc49900207da5010034,Unknown,0,1,9,2190.0
2023-05-11,2023-05-11,9b8f9b3cfd264a5990fd7e79deb4cd05,Unknown,0,1,9,1919.0
2023-05-11,2023-05-11,61ca8213fb4e48d1a0e9f3276869ab8f,Unknown,0,1,9,1734.0
2023-05-11,2023-05-11,021186807a4c4fddbd791564b7b1fad5,Unknown,0,1,9,1648.0
2023-05-11,2023-05-11,a73e7203ba554c4e826094021c05ad7b,Unknown,0,1,9,2303.0
2023-05-11,2023-05-11,3452cb5fc252456ea048a06e5fdf30c8,Unknown,0,1,9,2415.0
2023-05-11,2023-05-11,db0b97e8b7e74a10bf44fe063b66ef61,Unknown,0,1,9,1944.0
2023-05-11,2023-05-11,04412273764747298116ac1fb1c534ec,Unknown,0,1,9,2234.0
2023-05-11,2023-05-11,995373e69037489fa5786b6da9acac39,Unknown,0,1,9,1692.0
2023-05-11,2023-05-11,af51e26b5a0543688af8a4af4c3de7b2,Unknown,0,1,10,2358.0
2023-05-11,2023-05-11,07e6c17e36ca4e56b785fb7d67b2bc33,Unknown,0,1,10,2047.0
2023-05-11,2023-05-11,b520657030e14adcaaeaa3aca9664b80,Unknown,0,1,10,2015.0
2023-05-11,2023-05-11,14169c5ffdb54e49ac728400b0a5194b,Unknown,0,1,10,2415.0
2023-05-11,2023-05-11,fe500b7cff154cf5ac076a5ca99f42bb,Unknown,0,1,11,2796.0
2023-05-11,2023-05-11,1ccf1fce83d043d5a4c7ffa952b8d3c5,Unknown,0,1,11,3193.0
2023-05-11,2023-05-11,a1f285d6beb4438c8df1de8e37c362d0,Unknown,0,1,11,2650.0
2023-05-11,2023-05-11,407481d50837418c9c4edbe55b489b64,Unknown,0,1,11,2479.0
2023-05-11,2023-05-11,c7626ff74af24308a30a795e27023ca2,Unknown,0,1,11,2082.0
2023-05-11,2023-05-11,4ddfcfa938594ff6984f803a910fc9a1,Unknown,0,1,11,2561.0
2023-05-11,2023-05-11,a804543b6e9c45a6ad355327a9f03e4d,Unknown,0,1,13,2776.0
2023-05-11,2023-05-11,d6b7d39301f944479dc0b5955dabebf8,Unknown,0,1,13,3053.0
2023-05-11,2023-05-11,6dbc66ed69514457bf0557058102eb23,Unknown,0,1,13,2459.0
2023-05-11,2023-05-11,614ee5c019024afead88ccb20efe1ad7,Unknown,0,1,14,2695.0
2023-05-11,2023-05-11,9f34a07080354d649f138d7df5e4848f,Unknown,0,1,14,3161.0
2023-05-11,2023-05-11,7c85cb72968648448421dc83fe64707c,Unknown,0,1,14,3259.0
2023-05-11,2023-05-11,e2120ab2934544e19dbce559903c41d8,Unknown,0,1,15,3169.0
2023-05-11,2023-05-11,fed6bd7f202e4ea493cf3a37a4261712,Unknown,0,1,16,3766.0
2023-05-11,2023-05-11,d2886ddd86294e67b437675e70328b4a,Unknown,0,1,16,3649.0
2023-05-11,2023-05-11,17307e4274504984818a048750cb7aad,Unknown,0,1,18,4177.0
2023-05-11,2023-05-11,777343cedb6c41f98034dc980b6746b1,Unknown,0,1,18,4066.0
2023-05-11,2023-05-11,6da05570a1114966ae2c0061be58c606,Unknown,0,1,18,3670.0
2023-05-11,2023-05-11,e5e79acb08d341f6b7def14bf221b5bb,Unknown,0,1,18,4382.0
2023-05-11,2023-05-11,a761204b1f994b298fc078b7c12db334,Unknown,0,1,18,3635.0
2023-05-11,2023-05-11,d60521be29d94339806018ee94334335,Unknown,0,1,19,4102.0
2023-05-11,2023-05-11,d03408067a464fc28e722e191da096ce,Unknown,0,1,25,6866.0
2023-05-11,2023-05-11,eb02aeb3dc314f83aa04737e19817562,Unknown,0,1,27,6781.0
2023-05-11,2023-05-11,5df956ca2c7a438bbda7a1300ad08420,Unknown,0,1,28,6223.0
2023-05-11,2023-05-11,7fd5f9687e1a48b8a9a89bd94f273f4a,Unknown,0,1,44,11559.0
2023-05-11,2023-05-11,99d7654de3234ffd82e5d4dfa48b0243,Unknown,0,1,51,12711.0
2023-05-11,2023-05-11,4508a31f9f4b40cbb4dfc9b339ce1ae0,Unknown,0,1,70,17146.0
2023-05-11,2023-05-11,923add194d1044fe94d43105a86798a7,Unknown,0,1,1,120.0
2023-05-11,2023-05-11,d3e8fba7dc9e40fe89ff3b11a581f9b9,Unknown,0,1,1,120.0
2023-05-11,2023-05-11,a89cb31375c4407591b507118c80d07f,Unknown,0,1,1,209.0
2023-05-11,2023-05-11,6139f58320784db5817464edef19b37d,Unknown,0,1,1,209.0
2023-05-11,2023-05-11,ddf73516c1964dfc8e3a787a61165f7f,Unknown,0,1,2,646.0
2023-05-11,2023-05-11,525f2380880c4495aa36005163f99a7d,Unknown,0,1,1,204.0
2023-05-11,2023-05-11,d3753b0a51474e588c9f78550c6c1a59,Unknown,0,1,1,313.0
2023-05-11,2023-05-11,24831847699644a4a88e6adc99d4562f,Unknown,0,1,1,348.0
2023-05-11,2023-05-11,63069abaa80d4cf7b99f091a625f269a,Unknown,0,1,3,632.0
2023-05-23,9999-12-31,6d843a7d79a34ede9106f6b4101d8c2c,Sliver3,-2913396,1,1,164.0
2023-05-23,9999-12-31,5c150a2e73a94d3aaf6c5c938891247f,Sliver3,-2913396,1,2,367.0
2023-05-23,9999-12-31,15b030b845434dd18f1521ece1de3c71,Sliver3,-2913396,1,3,709.0
2023-05-23,9999-12-31,dd31f322d0934336887c561d53afc701,Sliver3,-2913396,1,3,770.0
2023-05-23,9999-12-31,5ca3bc1b30c04e4b815c6fc7734b717a,Sliver3,-2913396,1,5,850.0
2023-05-14,2023-05-14,8b00d043155e4c50bb0f6e0b0e1486d0,Unknown,0,1,1,270.0
2023-05-14,2023-05-14,7b31e8c11216435ca04b6ddd60605e2d,Unknown,0,1,1,347.0
2023-05-14,2023-05-14,272f962a23c84ad891d72639c177e215,Unknown,0,1,1,195.0
2023-05-14,2023-05-14,738c0bccf3e04fe3903ac11cb3ffa9ca,Unknown,0,1,1,335.0
2023-05-14,2023-05-14,bb384dbf2bdb42a1b28938567dbf57fb,Unknown,0,1,1,346.0
2023-05-14,2023-05-14,6a0f70309d3a44cfaf444be90dba7072,Unknown,0,1,1,268.0
2023-05-14,2023-05-14,caa3d95576a3417ca60e9d7fb6a063a3,Unknown,0,1,1,192.0
2023-05-14,2023-05-14,0b252da771874b858e70c1b9f58c58ad,Unknown,0,1,1,216.0
2023-05-14,2023-05-14,807495684deb4e079b93356a0e642603,Unknown,0,1,1,202.0
2023-05-14,2023-05-14,888b4fbe12a24e508543095999e63cf8,Unknown,0,1,1,231.0
2023-05-14,2023-05-14,0592035f6df9439ba9b644cf8840a6f3,Unknown,0,1,1,201.0
2023-05-14,2023-05-14,38c9284a17314beb9dc852de0a47db5d,Unknown,0,1,1,98.0
2023-05-14,2023-05-14,2603232da2f947bd9d5a053741d02382,Unknown,0,1,1,83.0
2023-05-14,2023-05-14,3346656be4c94642b56ae6a1e7536d74,Unknown,0,1,1,220.0
2023-05-14,2023-05-14,d9b10d81eab249839c0dd6b13bcc4f33,Unknown,0,1,1,364.0
2023-05-14,2023-05-14,2c176255d2a14f17a8900facccd7778e,Unknown,0,1,1,285.0
2023-05-14,2023-05-14,2e5b009c34874189ac94cf4ed57e4be0,Unknown,0,1,1,224.0
2023-05-14,2023-05-14,c7c157511f0c4adcba2128d8dca65298,Unknown,0,1,1,253.0
2023-05-14,2023-05-14,b21d7e206db24ab4a244a0fa5155ae74,Unknown,0,1,1,342.0
2023-05-14,2023-05-14,f0240de1530941bba458430d02e135ca,Unknown,0,1,1,361.0
2023-05-14,2023-05-14,4ad91649c75d43068b7882c8749b2d4c,Unknown,0,1,1,166.0
2023-05-14,2023-05-14,7bc8266c951948cab2e59cd0f7ae82fc,Unknown,0,1,1,213.0
2023-05-14,2023-05-14,662fc0e5ede64eff908c4aada5521755,Unknown,0,1,1,239.0
2023-05-14,2023-05-14,31bf56ac6753474a9cee0e840414ef12,Unknown,0,1,1,241.0
2023-05-14,2023-05-14,618e4fb57e1245d18ce210d875c5f768,Unknown,0,1,1,277.0
2023-05-14,2023-05-14,94748c68f501411ab43fb3aa0667d052,Unknown,0,1,1,275.0
2023-05-14,2023-05-14,2767daa62e8a401581f8731a762b26c4,Unknown,0,1,1,198.0
2023-05-14,2023-05-14,34cfdcaad97448bc87ed0961f7b3282f,Unknown,0,1,1,340.0
2023-05-14,2023-05-14,56c3a3d2865b4ab1883e13ab3ee259f4,Unknown,0,1,1,346.0
2023-05-14,2023-05-14,21679c1c76874a6eb9a695b0b684d1da,Unknown,0,1,1,225.0
2023-05-14,2023-05-14,72b59c0b70124e06a448ac6c2d247e07,Unknown,0,1,1,281.0
2023-05-14,2023-05-14,b470b3d066dc40db8649645c6a053fa1,Unknown,0,1,1,233.0
2023-05-14,2023-05-14,2c61fa94468049eca65d7e07a1bbafe2,Unknown,0,1,1,234.0
2023-05-14,2023-05-14,eb0941ea99af4e808bef38b845f93a4c,Unknown,0,1,1,153.0
2023-05-14,2023-05-14,b95e92fd3f87489bb5aef4ce9ac7e25c,Unknown,0,1,1,352.0
2023-05-14,2023-05-14,dabb3bf8aa7046949083305ce7edad05,Unknown,0,1,1,210.0
2023-05-14,2023-05-14,cd0e4e547733475b933ca16fa3a26548,Unknown,0,1,1,337.0
2023-05-14,2023-05-14,410da6baaa3c4d4fb48d8b6e6f448dbb,Unknown,0,1,1,190.0
2023-05-14,2023-05-14,5eb3eed5911e423f9fe640a488e41c79,Unknown,0,1,1,343.0
2023-05-14,2023-05-14,b49ddda0041f4eab906c2676b141e092,Unknown,0,1,1,205.0
2023-05-14,2023-05-14,d094106234004f9e8028f37256a4f951,Unknown,0,1,1,211.0
2023-05-14,2023-05-14,da374c4c1bc44bf184460c006f129ff8,Unknown,0,1,1,318.0
2023-05-14,2023-05-14,a7852d3369cb468b8f5562086878c121,Unknown,0,1,1,327.0
2023-05-14,2023-05-14,bce54f1733444872aa9ad179ed73c023,Unknown,0,1,1,271.0
2023-05-14,2023-05-14,94e0bca59ec04a4e9cebd4d6463238a6,Unknown,0,1,1,173.0
2023-05-14,2023-05-14,d4d2f442220d44909ff3952ab69b3d77,Unknown,0,1,1,340.0
2023-05-14,2023-05-14,5fa2ecb89e754f9e93c72095c2dcc254,Unknown,0,1,1,209.0
2023-05-14,2023-05-14,d3e550d783c544679354d72dbc13f671,Unknown,0,1,1,213.0
2023-05-14,2023-05-14,ae4a9dea7d6d46639c947e65aee1dd74,Unknown,0,1,1,239.0
2023-05-14,2023-05-14,748e7807079e4fbabcf705ea9f4009ab,Unknown,0,1,1,313.0
2023-05-14,2023-05-14,fedc36e4d287480f9ca141026a15e5fd,Unknown,0,1,1,294.0
2023-05-14,2023-05-14,d5b5bec6800a4a9db5703302214f4613,Unknown,0,1,1,297.0
2023-05-14,2023-05-14,2dcbeffd6d2b4be8a26e9182e42b69c5,Unknown,0,1,1,162.0
2023-05-14,2023-05-14,8ca268e67bf74265b9c1ddabc7f16909,Unknown,0,1,1,288.0
2023-05-14,2023-05-14,1d0f24b98c284677aa02d22d0e0a3ec5,Unknown,0,1,1,335.0
2023-05-14,2023-05-14,66a3aa9997b84d0388f70d318ac557b4,Unknown,0,1,1,220.0
2023-05-14,2023-05-14,dab483a139bd4ce0ba4fd78d912df08b,Unknown,0,1,1,380.0
2023-05-14,2023-05-14,42bcb6f2ceb042be8418b57968ae8ddf,Unknown,0,1,1,230.0
2023-05-14,2023-05-14,d96820141e704a0c9a64f5d036c3fd5e,Unknown,0,1,1,277.0
2023-05-14,2023-05-14,029407c4b707461e9610f0434a106a6b,Unknown,0,1,1,256.0
2023-05-14,2023-05-14,6d0a58b438d146b281ba5f546fb1eb78,Unknown,0,1,1,131.0
2023-05-14,2023-05-14,2a0c441f4f6648dd8062c1068092f26a,Unknown,0,1,1,230.0
2023-05-14,2023-05-14,231c368d9d4446af8a409a795af41c3e,Unknown,0,1,1,166.0
2023-05-14,2023-05-14,7646ff0f59844cadbb8e8d849ddf7c2f,Unknown,0,1,2,453.0
2023-05-14,2023-05-14,eed55773f38e436c8993519a6a1e39e1,Unknown,0,1,2,523.0
2023-05-14,2023-05-14,a06b6ad1e63c4153ba2efe2bb8dfe238,Unknown,0,1,2,429.0
2023-05-14,2023-05-14,1bdc4d0c29f24de3ab6bc52f5b93870f,Unknown,0,1,2,466.0
2023-05-14,2023-05-14,740842ec65d84f36be5bb6aee1d1a502,Unknown,0,1,2,539.0
2023-05-14,2023-05-14,c9cda64fb50143a7bf5d26f9c5dbb810,Unknown,0,1,2,387.0
2023-05-14,2023-05-14,8f663a65bc554fcab31c6e74657c6cca,Unknown,0,1,2,350.0
2023-05-14,2023-05-14,4dc9f406f5984cf39c11af8995e4106b,Unknown,0,1,2,640.0
2023-05-14,2023-05-14,62334bb66de249be8af7958338572b4b,Unknown,0,1,2,495.0
2023-05-14,2023-05-14,6890fd6da503403488a51bc1adadab06,Unknown,0,1,2,375.0
2023-05-14,2023-05-14,e27624f33a7c4bca966a022eb1246c0b,Unknown,0,1,2,491.0
2023-05-14,2023-05-14,1eb7ed9d12a3405399d13cb66aa23dc0,Unknown,0,1,2,483.0
2023-05-14,2023-05-14,2c2e5862a9384e8688c9ef94f159cc9d,Unknown,0,1,2,560.0
2023-05-14,2023-05-14,9e11af04ecdf45519167d8b878735ccd,Unknown,0,1,2,483.0
2023-05-14,2023-05-14,cb6f54aafa2b4353b256a2aae3c90b2a,Unknown,0,1,2,719.0
2023-05-14,2023-05-14,e24380331c2041f8a7ccc86adbda9d98,Unknown,0,1,2,660.0
2023-05-14,2023-05-14,bc5dab0b007e4141890bc4c57f91e4a6,Unknown,0,1,2,333.0
2023-05-14,2023-05-14,cb53a0a72b3f4c5baa20e2ca08aa24fb,Unknown,0,1,2,495.0
2023-05-14,2023-05-14,da9a644cedeb4f3aaf44ed4f8007a7fb,Unknown,0,1,2,487.0
2023-05-14,2023-05-14,43196cef09cf4f87bf8f112b292eae93,Unknown,0,1,2,490.0
2023-05-14,2023-05-14,33261a0b5493419c94650455f7e9131c,Unknown,0,1,2,584.0
2023-05-14,2023-05-14,cc414eb83aba4926a0521f39a5006c12,Unknown,0,1,2,530.0
2023-05-14,2023-05-14,a3c12be5110141cba50b3678700bc6f7,Unknown,0,1,2,511.0
2023-05-14,2023-05-14,98b31776c041476aa289052d42d71849,Unknown,0,1,2,421.0
2023-05-14,2023-05-14,79b551962e0745bf9732ef254a5cef48,Unknown,0,1,2,386.0
2023-05-14,2023-05-14,1b7c3a4a959a46faa0335d76c44188a6,Unknown,0,1,2,516.0
2023-05-14,2023-05-14,d3a213417c0144849a750ef89dc48f74,Unknown,0,1,2,611.0
2023-05-14,2023-05-14,0badbf0419bc4bfe9f630fbb7b418d36,Unknown,0,1,2,579.0
2023-05-14,2023-05-14,b88a566bf42842158c794db3b29e8470,Unknown,0,1,2,629.0
2023-05-14,2023-05-14,d5cdab6e61044e1c9744924106308eac,Unknown,0,1,2,358.0
2023-05-14,2023-05-14,1d2ae5197e7848bab2f68c48cb8aab79,Unknown,0,1,2,609.0
2023-05-14,2023-05-14,87a4d645c07f41de8a5f2c148f6290d8,Unknown,0,1,3,720.0
2023-05-14,2023-05-14,85e1521db7d24cc09f2810eed7a29881,Unknown,0,1,3,651.0
2023-05-14,2023-05-14,d548dbc968c94daeab717f1feb339471,Unknown,0,1,3,926.0
2023-05-14,2023-05-14,3fce348573c747fa8b86a96339ef2daf,Unknown,0,1,3,698.0
2023-05-14,2023-05-14,c4ca5172082f4f4e8b7ec2c05e5188ee,Unknown,0,1,3,571.0
2023-05-14,2023-05-14,9e86a14b623c4480b3c7ba7ab3c92c3f,Unknown,0,1,3,814.0
2023-05-14,2023-05-14,7ce6eb549f154b5f9cede641cb715c0f,Unknown,0,1,3,590.0
2023-05-14,2023-05-14,96fd7c7ce6e6421a8634aff71431dc1a,Unknown,0,1,3,808.0
2023-05-14,2023-05-14,e486c39e53fa4dec925aa6a26a0511a1,Unknown,0,1,3,728.0
2023-05-14,2023-05-14,37e0abddb84b414bafc2f29b23459003,Unknown,0,1,3,807.0
2023-05-14,2023-05-14,3bb8b3af1e0b4dfb8e8ef0238da8c3a9,Unknown,0,1,3,720.0
2023-05-14,2023-05-14,ac4247f7e42d4fd5b7cc6d70aee83ecc,Unknown,0,1,3,670.0
2023-05-14,2023-05-14,410ad74e6c6f46be8c5085bf5038f277,Unknown,0,1,3,807.0
2023-05-14,2023-05-14,5bff032ee400421fa381dd19a5beb05a,Unknown,0,1,3,739.0
2023-05-14,2023-05-14,07498129480d42ccaefc38c3eb6aec4a,Unknown,0,1,3,722.0
2023-05-14,2023-05-14,cdb7659674cc46c0bc2eb295d7f36da3,Unknown,0,1,3,988.0
2023-05-14,2023-05-14,0c684362e32643ff9ab41ff1f2f5a23b,Unknown,0,1,3,730.0
2023-05-14,2023-05-14,68aa6c3d6da04c7c91a9b2694acbb05c,Unknown,0,1,3,895.0
2023-05-14,2023-05-14,e43d6ae3dde041e4954275265ca5810e,Unknown,0,1,3,838.0
2023-05-14,2023-05-14,0035fab1420d44959ebdc1ee09ed2867,Unknown,0,1,3,799.0
2023-05-14,2023-05-14,24932854cb124876adec726250c41a41,Unknown,0,1,3,660.0
2023-05-14,2023-05-14,3accd1b8130a466cb6a5ac4f410463ae,Unknown,0,1,3,626.0
2023-05-14,2023-05-14,a8883c3d286c409a8366810342d41ad5,Unknown,0,1,3,833.0
2023-05-14,2023-05-14,619a9c196a8942e1b14628af32dde75a,Unknown,0,1,3,615.0
2023-05-14,2023-05-14,442e0c3b4f204bbbb393f8ee6ccb6252,Unknown,0,1,3,711.0
2023-05-14,2023-05-14,a0fea7a062c249948da752dd5e0a3eb7,Unknown,0,1,3,867.0
2023-05-14,2023-05-14,4ad42b5c502b43e6bdebd2d53787dfa5,Unknown,0,1,4,767.0
2023-05-14,2023-05-14,e45f67a6260c4ea084a0a105459c636e,Unknown,0,1,4,764.0
2023-05-14,2023-05-14,49c380ebb4a847ed91953acf54f07c14,Unknown,0,1,4,971.0
2023-05-14,2023-05-14,9cfc785d5c1d4ab188404ef86318b317,Unknown,0,1,4,942.0
2023-05-14,2023-05-14,d76512d9bb294937bb41e921099e0d94,Unknown,0,1,4,909.0
2023-05-14,2023-05-14,b78852f98310432887392c5fa131eacb,Unknown,0,1,4,935.0
2023-05-14,2023-05-14,d322355395664aacaf50c974ad2a2ae7,Unknown,0,1,4,946.0
2023-05-14,2023-05-14,6fe9e8bad74a4e70a6803b4608fdd088,Unknown,0,1,4,816.0
2023-05-14,2023-05-14,33a6269eb253464ebba6608bb4a70f72,Unknown,0,1,4,987.0
2023-05-14,2023-05-14,28dfeccf146a4ad684829b7c98ddc0dc,Unknown,0,1,4,1052.0
2023-05-14,2023-05-14,9f93b08c085a4a67b746b07d7e066ef2,Unknown,0,1,4,987.0
2023-05-14,2023-05-14,d9ada800d28b4a19bc7afa70d0c9ce41,Unknown,0,1,4,897.0
2023-05-14,2023-05-14,5ff1ff035a8a4eb299826a76c9a90183,Unknown,0,1,4,809.0
2023-05-14,2023-05-14,eb113c9acdec43899295365efb647fcb,Unknown,0,1,4,1017.0
2023-05-14,2023-05-14,7bc6911f0c0140e697ac31795879979e,Unknown,0,1,4,1173.0
2023-05-14,2023-05-14,bf5c494e3e27426184f0f947762f130c,Unknown,0,1,5,1030.0
2023-05-14,2023-05-14,19d2842d69b54fc5b35aeb61aaeb6bc1,Unknown,0,1,5,1031.0
2023-05-14,2023-05-14,2aef4928c7c54b8b824747bad517a34b,Unknown,0,1,5,1134.0
2023-05-14,2023-05-14,77d7dbcf646b404eb86bccf5378ef8be,Unknown,0,1,5,1439.0
2023-05-14,2023-05-14,ec10c019f1614744a2220796cc8a36ea,Unknown,0,1,5,1083.0
2023-05-14,2023-05-14,b621f408492549cda3f4f013d69a9546,Unknown,0,1,5,1309.0
2023-05-14,2023-05-14,b4660b907cc74b108221d011d667bd0c,Unknown,0,1,5,1688.0
2023-05-14,2023-05-14,ecde77a19b75463b9109c9e7cc2b5b78,Unknown,0,1,5,1296.0
2023-05-14,2023-05-14,cf62e09bb45d4469b3768305fb81eb23,Unknown,0,1,5,1509.0
2023-05-14,2023-05-14,0382919f4d8c4e8ba3715f2e2f978e3b,Unknown,0,1,5,1197.0
2023-05-14,2023-05-14,acffbaf611c54e8d87275cdeda7883a2,Unknown,0,1,5,1497.0
2023-05-14,2023-05-14,8cb691d8cdc24f05b3698cf656a3b70d,Unknown,0,1,5,1042.0
2023-05-14,2023-05-14,c01df9fa029f4a37b5ccb5a5960c2e67,Unknown,0,1,5,1072.0
2023-05-14,2023-05-14,9f6ef50c23624e239b95c6892846d3ea,Unknown,0,1,5,1435.0
2023-05-14,2023-05-14,e3d9407c811d425e817409aecfe99c31,Unknown,0,1,5,1101.0
2023-05-14,2023-05-14,7e0d3635226144a791d4b870e861999c,Unknown,0,1,5,1360.0
2023-05-14,2023-05-14,4847855dd03f41378aa044d2c7eea52f,Unknown,0,1,5,857.0
2023-05-14,2023-05-14,b8d66995e7fd465e963db35b24d96133,Unknown,0,1,5,1285.0
2023-05-14,2023-05-14,5d7ed870345948edbd1ab3d7131d453d,Unknown,0,1,5,1162.0
2023-05-14,2023-05-14,71c4b869ba8d41beb5a12a324129b6de,Unknown,0,1,5,1426.0
2023-05-14,2023-05-14,6b3c16f6102a4f438b47ed748eb9a0a8,Unknown,0,1,5,1256.0
2023-05-14,2023-05-14,822216a550d74d73a85e8c78195f80a4,Unknown,0,1,5,1133.0
2023-05-14,2023-05-14,3798a9ad88c44ebbb66437ffb1ce6169,Unknown,0,1,5,1025.0
2023-05-14,2023-05-14,41fc41f71955420aa4a54a2530170618,Unknown,0,1,6,1315.0
2023-05-14,2023-05-14,ab25811ba53a443bae663154da1fa3db,Unknown,0,1,6,1228.0
2023-05-14,2023-05-14,ca8dbcc1c10a42e5a12398ddf6b1ee42,Unknown,0,1,6,1124.0
2023-05-14,2023-05-14,283607f650c645a6a15621c776745114,Unknown,0,1,6,1377.0
2023-05-14,2023-05-14,1abd2e0fcaac40d69e6b71823ba9ef86,Unknown,0,1,6,1144.0
2023-05-14,2023-05-14,ca14945b3d884ae5a226e34de7426e27,Unknown,0,1,6,1385.0
2023-05-14,2023-05-14,5daca178104942deab78f2705808f91b,Unknown,0,1,6,1612.0
2023-05-14,2023-05-14,72a298a6123e4b43b4893c7238f8f427,Unknown,0,1,6,1681.0
2023-05-14,2023-05-14,3092f6cd26d5414083a2f33b50350c05,Unknown,0,1,6,1710.0
2023-05-14,2023-05-14,cd0280e12ac14ba2b7287284efd63b65,Unknown,0,1,6,1403.0
2023-05-14,2023-05-14,180e25234fe5431bba332edc6372d42d,Unknown,0,1,6,1429.0
2023-05-14,2023-05-14,a9a74d88ba4448ae894f54f8e4619ae0,Unknown,0,1,7,1629.0
2023-05-14,2023-05-14,23e99b0cb81b410eba96394249a9ce61,Unknown,0,1,7,1513.0
2023-05-14,2023-05-14,33cc063287134c57bf9a1b26ad4479d8,Unknown,0,1,7,1693.0
2023-05-14,2023-05-14,6323eaa41f0946bb9bc9c1198ace061d,Unknown,0,1,7,1615.0
2023-05-14,2023-05-14,498078882c4e49969750255eea7c8f27,Unknown,0,1,8,2305.0
2023-05-14,2023-05-14,57a2765f4202409fb0bf93c7812dcf39,Unknown,0,1,8,1543.0
2023-05-14,2023-05-14,70858d3641e4436cb4cee44dc02fec1d,Unknown,0,1,8,2076.0
2023-05-14,2023-05-14,290130384a1c434bbd92158dbc350151,Unknown,0,1,8,1778.0
2023-05-14,2023-05-14,f07cc611a41d4beba28c6855fa92def4,Unknown,0,1,8,1683.0
2023-05-14,2023-05-14,ab86c5bd35bd41b6b95bd7183ad1e72c,Unknown,0,1,8,1880.0
2023-05-14,2023-05-14,601d7529bda044f2b95e419a71a4e8d7,Unknown,0,1,8,1991.0
2023-05-14,2023-05-14,235d8f9a7b1744bba7621881fcb1a1c1,Unknown,0,1,9,1932.0
2023-05-14,2023-05-14,85e2fc91586e4d1881a5f22d8b86066e,Unknown,0,1,9,1905.0
2023-05-14,2023-05-14,9b122b38993c4d8f80c3d26287e72882,Unknown,0,1,9,2403.0
2023-05-14,2023-05-14,0af8499c954f473596e26582cc34a981,Unknown,0,1,9,1785.0
2023-05-14,2023-05-14,9197551dc93a4fcf84576f1ffcc1a37a,Unknown,0,1,9,2473.0
2023-05-14,2023-05-14,21f2e3d0e5464d909295db5734a0e604,Unknown,0,1,9,2431.0
2023-05-14,2023-05-14,01cead4e92c84211b9f5739aed7c5a27,Unknown,0,1,10,2177.0
2023-05-14,2023-05-14,01e85aa685bd4eca855ee9be4ff47c73,Unknown,0,1,10,2870.0
2023-05-14,2023-05-14,c7b7b5ff20dd4bf8b433fe9f7780e79d,Unknown,0,1,11,2208.0
2023-05-14,2023-05-14,05e25511a84642f186065cad9f508d65,Unknown,0,1,12,2853.0
2023-05-14,2023-05-14,4f3e220a700d4662a8ed0a2951f21611,Unknown,0,1,12,2302.0
2023-05-14,2023-05-14,9509f45462db43249544058ea4ad51e9,Unknown,0,1,12,2372.0
2023-05-14,2023-05-14,d7a1558e7ddb48ce86f05b9ab6061183,Unknown,0,1,12,2636.0
2023-05-14,2023-05-14,0cac34579d1149828416e59b5537bbdc,Unknown,0,1,12,2447.0
2023-05-14,2023-05-14,bd475cc979e04965a1f372b5ba94644e,Unknown,0,1,13,3577.0
2023-05-14,2023-05-14,d73472ad794c4b77bce12fcbca34b170,Unknown,0,1,13,2491.0
2023-05-14,2023-05-14,97fb66de62684bc1904027213c48400d,Unknown,0,1,14,3065.0
2023-05-14,2023-05-14,7c3b3b779b774c08b630958544b66bda,Unknown,0,1,15,3139.0
2023-05-14,2023-05-14,2967632c9df64dbdb3aeadfe6cb2f3f0,Unknown,0,1,15,3137.0
2023-05-14,2023-05-14,c436909d63f746d1a77d0d99d78bfd25,Unknown,0,1,16,3702.0
2023-05-14,2023-05-14,df3e3d3ab8d94cf382ff62422b510e76,Unknown,0,1,16,4286.0
2023-05-14,2023-05-14,2ccc7e66b639468e8fcacec11306a943,Unknown,0,1,19,4732.0
2023-05-14,2023-05-14,e2bbbb21b0c742318c3a2db4ce8d10db,Unknown,0,1,19,4278.0
2023-05-14,2023-05-14,cfbdde4fbc5643d9ab980881d008e6e1,Unknown,0,1,19,4560.0
2023-05-14,2023-05-14,dff03e4b623c42629c223b3970d90f45,Unknown,0,1,21,5610.0
2023-05-14,2023-05-14,30669da260104bf0bba026317c18f0ea,Unknown,0,1,22,5192.0
2023-05-14,2023-05-14,2f21199b327b48c6b03691fac103749f,Unknown,0,1,23,5243.0
2023-05-14,2023-05-14,3b38f223dafc4b3287e01dec986e4d38,Unknown,0,1,25,6674.0
2023-05-14,2023-05-14,5ba853f48601480aa390bcb4fd54fef8,Unknown,0,1,26,7257.0
2023-05-14,2023-05-14,ecf257ea927d4d7fa1a5c9cdaead4b84,Unknown,0,1,26,5559.0
2023-05-14,2023-05-14,f6beaec1618646528114f8ac8b880391,Unknown,0,1,29,6216.0
2023-05-14,2023-05-14,2a158afefbea470fa4a6e8ff28675f2f,Unknown,0,1,30,6947.0
2023-05-14,2023-05-14,7898e1233fe748ebabf6f0b8f5d2c53d,Unknown,0,1,46,10068.0
2023-05-14,2023-05-14,8573ef9d513a4b508f660da116f65d36,Unknown,0,1,54,11815.0
2023-05-14,2023-05-14,56e5e976ffe94e0c8adead7ce729d482,Unknown,0,1,77,19642.0
2023-05-14,2023-05-14,27bb45ddb3df4763a714234bffad0e9e,Unknown,0,1,1,215.0
2023-05-23,2023-05-23,70eca3f26b5845c2aa2f993733686bc2,Bronze3,0,1,1,317.0
2023-05-23,2023-05-23,014cf41f38ab48c99a665f4320847476,Bronze3,0,1,1,378.0
2023-05-23,2023-05-23,f8d05f25bcec474cbf9c42af9ad1c6a1,Bronze3,0,1,1,367.0
2023-05-23,2023-05-23,59bcd31ca0a147379a753bf5f0556d6b,Bronze3,0,1,1,339.0
2023-05-23,2023-05-23,b04631c459bd466d8e4aeb07c7795023,Bronze3,0,1,1,286.0
2023-05-23,2023-05-23,0490aaf96a76445fabb2ef4f3ee0bcf3,Unknown,0,1,1,328.0
2023-05-23,2023-05-23,263fc40fff9746828da87511badb0c62,Unknown,0,1,1,222.0
2023-05-23,2023-05-23,1c8a0c0db96c446b93ca360fb5aaa271,Bronze3,0,1,1,153.0
2023-05-23,2023-05-23,f948564762f74f30aa1a3b1e734588b4,Bronze3,0,1,1,114.0
2023-05-23,2023-05-23,3c4cef2bac58486094aa0f3a87087719,Bronze3,0,1,1,198.0
2023-05-23,2023-05-23,ef98ed3a9dda4c37be70eeb18b776989,Bronze3,0,1,1,281.0
2023-05-23,2023-05-23,ac333df539114e4db912aea12fd4daf9,Unknown,0,1,1,286.0
2023-05-23,2023-05-23,980fd298f0c54fe9a847729f7c994029,Bronze3,0,1,1,315.0
2023-05-23,2023-05-23,17bfcbbfc8f34d8eadf23c097b5be087,Unknown,0,1,1,343.0
2023-05-23,2023-05-23,d1261c5b49d3424a8558925d8c68f8c5,Bronze3,0,1,1,173.0
2023-05-23,2023-05-23,0932911707534b51aee1257e7fedf988,Bronze3,0,1,1,271.0
2023-05-23,2023-05-23,513207bba5274376a0b3b715ffc33ba4,Bronze3,0,1,1,308.0
2023-05-23,2023-05-23,6bf1e23c79764f04bb6d1e6709be92f8,Unknown,0,1,1,232.0
2023-05-23,2023-05-23,474c990713a44225aea00bb83e2e7c05,Bronze3,0,1,1,327.0
2023-05-23,2023-05-23,84611cf752a94199b72a3d1fd16924fa,Unknown,0,1,1,432.0
2023-05-23,2023-05-23,055b8fdf1ac448e99fb89e5b700ecc3f,Bronze3,0,1,1,284.0
2023-05-23,2023-05-23,1fd329ef90164ad8992201aba1c52e96,Bronze3,0,1,1,200.0
2023-05-23,2023-05-23,a54f9cf4485c48d2bc0d272ec76039f1,Bronze3,0,1,1,511.0
2023-05-23,2023-05-23,a8f53af6ffda4741ba0881e225246eba,Unknown,0,1,1,325.0
2023-05-23,2023-05-23,cdab16741ea94f6e9de105bc991d582d,Unknown,0,1,1,274.0
2023-05-23,2023-05-23,c62dcf95d9b34c3da231175be655b35d,Bronze3,0,1,1,258.0
2023-05-23,2023-05-23,16d0e34b132e4529a23896c29ed09050,Unknown,0,1,1,204.0
2023-05-23,2023-05-23,cb98f061c54146cf96efa62eab6ab8a9,Bronze3,0,1,1,230.0
2023-05-23,2023-05-23,7d87e81ec853495db92a6386fdf48d3f,Unknown,0,1,1,369.0
2023-05-23,2023-05-23,8b8a420024734c9d88460777e8f022b3,Bronze3,0,1,1,259.0
2023-05-23,2023-05-23,db0a2f351e80424b883742314d0f2a84,Unknown,0,1,1,206.0
2023-05-23,2023-05-23,001e407347fb462c9a6ff8e1127add32,Bronze3,0,1,1,100.0
2023-05-23,2023-05-23,f1d0cc22dca44e8ca67136b0663feb7e,Bronze3,0,1,1,279.0
2023-05-23,2023-05-23,a649bccc272a438a91c43b8c7ea88815,Bronze3,0,1,1,243.0
2023-05-23,2023-05-23,29443cff4abf4336bbe76dd8423d22e2,Bronze3,0,1,1,346.0
2023-05-23,2023-05-23,03e5aab1255b4d5f8e1f27e3cf55b6dc,Bronze3,0,1,1,250.0
2023-05-23,2023-05-23,2f8fce33cc5745109e063c0b7a3beba7,Bronze3,0,1,1,188.0
2023-05-23,2023-05-23,94b40a5f98284fc28b597ea31a010057,Bronze3,0,1,1,217.0
2023-05-23,2023-05-23,d3eda9713c324c7098a359f8b6493e39,Bronze3,0,1,1,314.0
2023-05-23,2023-05-23,0963ccb125634d1ca6c482329380a60f,Bronze3,0,1,1,222.0
2023-05-23,2023-05-23,ff543f3d31fe45b59a61a37017e3bc26,Bronze3,0,1,1,272.0
2023-05-23,2023-05-23,12b0edb841ad47fb9430c0ab7a379974,Unknown,0,1,1,329.0
2023-05-23,2023-05-23,7ef5dc4d446c45caa95748cfb27c4603,Unknown,0,1,1,246.0
2023-05-23,2023-05-23,af1dec061b684c9e838f57dbcba6703e,Bronze3,0,1,1,191.0
2023-05-23,2023-05-23,979b460b33884534ac8b9e1abb3f5a8f,Unknown,0,1,1,207.0
2023-05-23,2023-05-23,97de09f1a0b14a6783df98d6c08c690f,Bronze3,0,1,1,315.0
2023-05-23,2023-05-23,3388e7675263448ba6519ba705b39863,Bronze3,0,1,1,226.0
2023-05-23,2023-05-23,fc97407fc5434f04a0f01a32c3248d1d,Unknown,0,1,1,96.0
2023-05-23,2023-05-23,77c9755df5284c0ba9d33765d5fd2585,Bronze3,0,1,1,211.0
2023-05-23,2023-05-23,220fefc6abbc496fa7c34426ad28516f,Unknown,0,1,1,323.0
2023-05-23,2023-05-23,4dc58abd6c124907bd072e45692b6110,Bronze3,0,1,1,264.0
2023-05-23,2023-05-23,289ef995f3ae49e1be7af48bc0772a64,Bronze3,0,1,1,202.0
2023-05-23,2023-05-23,4a3e7f619c6143a0b4f3075c14e380ae,Bronze3,0,1,1,232.0
2023-05-23,2023-05-23,195c96f2861c4169941778de196c4991,Bronze3,0,1,1,340.0
2023-05-23,2023-05-23,b53e70b3262b4ea59222356b69321d12,Bronze3,0,1,1,217.0
2023-05-23,2023-05-23,3ba3247205f74741b320164dffa62f5e,Bronze3,0,1,1,180.0
2023-05-23,2023-05-23,54623cb3e5e44639ba5341aff380fc09,Bronze3,0,1,1,135.0
2023-05-23,2023-05-23,011644bafb794c33ab6da86e11db5d24,Bronze3,0,1,1,213.0
2023-05-23,2023-05-23,84187aad4edc4aecbb185097971db0ac,Bronze3,0,1,1,235.0
2023-05-23,2023-05-23,5bb5fd51a8884bd081951e21e8a3a26d,Bronze3,0,1,1,124.0
2023-05-23,2023-05-23,6befa2d3a1a74047b6b8150fe53d8cdb,Bronze3,0,1,1,173.0
2023-05-23,2023-05-23,a886242db4ac4d14a5992c3564551d60,Unknown,0,1,1,304.0
2023-05-23,2023-05-23,ada0a8bc1766465584edc6e0c7aa5398,Bronze3,0,1,1,288.0
2023-05-23,2023-05-23,37c1f14b2fa14d27a9088a96d6adbdcd,Bronze3,0,1,1,136.0
2023-05-23,2023-05-23,50202e33b50b4d5a87237fdfc5498882,Bronze3,0,1,1,245.0
2023-05-23,2023-05-23,05c21656df934cab9d2c984b099dc9a0,Bronze3,0,1,1,354.0
2023-05-23,2023-05-23,8f76fe8f1d314de08ba76fc9e7a007cd,Bronze3,0,1,1,257.0
2023-05-23,2023-05-23,41d21bcf0d9a466babdfc01f829b5090,Unknown,0,1,1,216.0
2023-05-23,2023-05-23,5dfdd23d71d845eba9bd99e1d631e5f8,Unknown,0,1,1,241.0
2023-05-23,2023-05-23,23b65f231ca3409fa870785ec85565ab,Bronze3,0,1,1,192.0
2023-05-23,2023-05-23,fd5a0f07a3524395a7148e13f72a62b9,Bronze3,0,1,1,370.0
2023-05-23,2023-05-23,efe547dcfa6f4c76937714fc5f3ef7e8,Bronze3,0,1,1,191.0
2023-05-23,2023-05-23,a3ad6a4d259b496a99e920222d276893,Bronze3,0,1,1,256.0
2023-05-23,2023-05-23,49c6288cb4554899a58b4364f9e02cfc,Bronze3,0,1,1,259.0
2023-05-23,2023-05-23,2a459c3d30464b9697c5776d23e783aa,Bronze3,0,1,1,128.0
2023-05-23,2023-05-23,6fc2d3e05fb147529aaea15f49aabc68,Bronze3,0,1,1,156.0
2023-05-23,2023-05-23,b640c7bbc6c94aa586ed42d21786afb4,Bronze3,0,1,1,362.0
2023-05-23,2023-05-23,8329a1fa8108444499ffdf884c856172,Unknown,0,1,1,362.0
2023-05-23,2023-05-23,bb3fb779accc4576aaf4cf33a4a3a5d9,Unknown,0,1,1,219.0
2023-05-23,2023-05-23,92d95ea2b3cb4a08a423d38fe8e172db,Unknown,0,1,1,320.0
2023-05-23,2023-05-23,caa59bbc9aff439e8079387acced431d,Bronze3,0,1,1,115.0
2023-05-23,2023-05-23,0b3c4e557c54484d944217d11fe28b56,Bronze3,0,1,1,226.0
2023-05-23,2023-05-23,6d15e8b5ccd541eaa7fddd8bd87bdb6f,Bronze3,0,1,1,213.0
2023-05-23,2023-05-23,2a936846a82b4d2bbbe9a0a6ef80b4e7,Bronze3,0,1,1,333.0
2023-05-23,2023-05-23,f2c53e80a3d84b81855604839ba16a3d,Bronze3,0,1,1,208.0
2023-05-23,2023-05-23,ad59b8d6fb0a422cac787ba7482e20ab,Bronze3,0,1,1,258.0
2023-05-23,2023-05-23,6a5ce27d165a44799f45af41afc8d468,Bronze3,0,1,1,109.0
2023-05-23,2023-05-23,d6c829b00e0143ff911d3e7ebc73b9ee,Bronze3,0,1,1,173.0
2023-05-23,2023-05-23,765953a90b234c4f9ffc6878f4cc40a8,Bronze3,0,1,1,172.0
2023-05-23,2023-05-23,70ae95f5b2494e93b5afa746527d9415,Bronze3,0,1,1,309.0
2023-05-23,2023-05-23,38881c9b31194b4caca58965bfe48097,Bronze3,0,1,1,322.0
2023-05-23,2023-05-23,4789464184cc445792d8a0a7aac0c6d6,Unknown,0,1,1,114.0
2023-05-23,2023-05-23,483277d23e9d485b91295b4dcf75fff0,Bronze3,0,1,1,180.0
2023-05-23,2023-05-23,de170b2906e04c319d0e1f6b410ffeba,Unknown,0,1,1,275.0
2023-05-23,2023-05-23,4e53ff8cfa35403a8bebbca799aa7ef5,Bronze3,0,1,1,73.0
2023-05-23,2023-05-23,9728f0c71dcf457fa6effa8d9eb6534c,Bronze3,0,1,1,237.0
2023-05-23,2023-05-23,41e2f25296434622a387c9828ce4a73e,Bronze3,0,1,1,229.0
2023-05-23,2023-05-23,ae311f36e943482a9d2afe4e405691f7,Unknown,0,1,1,83.0
2023-05-23,2023-05-23,1d43f4e4470248a6bf98be447974be30,Bronze3,0,1,1,96.0
2023-05-23,2023-05-23,31cffd5fbaf54427a44f8868ecb245eb,Bronze3,0,1,1,206.0
2023-05-23,2023-05-23,b88ac5ce31644b80831b5413addf0003,Bronze3,0,1,1,254.0
2023-05-23,2023-05-23,18f37e7edd5e4abaade92d717e6c92d5,Bronze3,0,1,1,101.0
2023-05-23,2023-05-23,c24fa0d7b1ee42b1801349ed907047cb,Unknown,0,1,1,332.0
2023-05-23,2023-05-23,5f71677a78654dcf86e76cd076a74b1c,Bronze3,0,1,1,145.0
2023-05-23,2023-05-23,113b6216fe2947d191a93895847efd36,Bronze3,0,1,1,114.0
2023-05-23,2023-05-23,e4d304ee4b7247898bd3c56249b7001d,Bronze3,0,1,1,348.0
2023-05-23,2023-05-23,0eaa9ccf72c54082a47e1072b7a998cf,Bronze3,0,1,1,324.0
2023-05-23,2023-05-23,9e9790f969314a509021256ddf8de4f2,Unknown,0,1,1,330.0
2023-05-23,2023-05-23,f139c6e6290a4668871539da3e7a9adc,Unknown,0,1,1,207.0
2023-05-23,2023-05-23,b25e00a11b074b9b869f4a4d424c8bef,Unknown,0,1,1,226.0
2023-05-23,2023-05-23,63818ce14a2b4aaf9641775e0d0f4cfc,Bronze3,0,1,1,267.0
2023-05-23,2023-05-23,6996b3ac2d3747c8b3135ff8284eeba8,Unknown,0,1,1,199.0
2023-05-23,2023-05-23,c37e2cb122d94fe5af504879c208cb8d,Bronze3,0,1,1,399.0
2023-05-23,2023-05-23,c30c5f6267b24183ad9a08e7d88730ce,Bronze3,0,1,1,329.0
2023-05-23,2023-05-23,cc483a993c634bdf982a8078ef0b6d66,Bronze3,0,1,1,214.0
2023-05-23,2023-05-23,c19dd6e3367f4b14afebe8ac12911ea6,Unknown,0,1,1,340.0
2023-05-23,2023-05-23,a704f644034142c1b43c4d5fad80bfab,Unknown,0,1,1,161.0
2023-05-23,2023-05-23,5a6cf3859b6e4a9da391124c6c4b49cc,Bronze3,0,1,1,334.0
2023-05-23,2023-05-23,4205491713bd420da9e1e00c813c8329,Bronze3,0,1,1,328.0
2023-05-23,2023-05-23,b485c16674c340ddb87ec303028a38ce,Bronze3,0,1,1,212.0
2023-05-23,2023-05-23,197eb6e8abcb40dea98459c09a196f02,Bronze3,0,1,1,356.0
2023-05-23,2023-05-23,6aae62465f61423d985ac1cbef6318c4,Bronze3,0,1,1,129.0
2023-05-23,2023-05-23,a987be17c5c24cb5bc301e8e8643264f,Bronze3,0,1,1,132.0
2023-05-23,2023-05-23,00436de3ab964276a2730b448cbc621e,Unknown,0,1,1,435.0
2023-05-23,2023-05-23,1084bb99162b471690bad2bc70b1d075,Bronze3,0,1,1,176.0
2023-05-23,2023-05-23,45fe11fa44a64e6fbf8a10a680a0a400,Unknown,0,1,1,93.0
2023-05-23,2023-05-23,e9c351f178cd4c57b78c54768b1d0720,Bronze3,0,1,1,199.0
2023-05-23,2023-05-23,8759a3b6c842498a870592f363e1b4f8,Bronze3,0,1,1,265.0
2023-05-23,2023-05-23,76dc6e21fffb494baa034f69e1b0199e,Unknown,0,1,1,196.0
2023-05-23,2023-05-23,30ef8f78d14e46cb8fee203ac0a2ee27,Bronze3,0,1,1,183.0
2023-05-23,2023-05-23,ab6da1a30f864adda697d76d9b653a3f,Bronze3,0,1,1,217.0
2023-05-23,2023-05-23,81b167c90d5644c2aa3532268788fa13,Bronze3,0,1,1,272.0
2023-05-23,2023-05-23,b7deca74afec4d1685ddde0dd22c6ff6,Unknown,0,1,1,374.0
2023-05-23,2023-05-23,efe2fdce8ee448309d53118525fe504f,Unknown,0,1,1,270.0
2023-05-23,2023-05-23,b58b2e2bf0a84357ae470fa614a601cd,Bronze3,0,1,1,340.0
2023-05-23,2023-05-23,ca4a404ba598426886b287644035dc6d,Bronze3,0,1,1,335.0
2023-05-23,2023-05-23,e126d11e7a054308b7242932d7285034,Bronze3,0,1,1,149.0
2023-05-23,2023-05-23,181c68db60bb452bbf5632d48aba0e5c,Bronze3,0,1,1,215.0
2023-05-23,2023-05-23,8c6bd46e69544ef6ad97c7162168a96f,Unknown,0,1,1,214.0
2023-05-23,2023-05-23,d9da3a646b414751a8783230c81da385,Unknown,0,1,1,210.0
2023-05-23,2023-05-23,4ccfc07908f84acb9d8c82beea676305,Unknown,0,1,1,188.0
2023-05-23,2023-05-23,411753da19784b25bbfd2a0646e1effc,Bronze3,0,1,1,358.0
2023-05-23,2023-05-23,33e0512078914accb2935b0dd1d117f3,Bronze3,0,1,1,425.0
2023-05-23,2023-05-23,18d9e31353824de7a7bac41fceaf5349,Unknown,0,1,1,359.0
2023-05-23,2023-05-23,d797b98f81154de0a7f6f3030eee0365,Bronze3,0,1,1,161.0
2023-05-23,2023-05-23,98f9fa83edb244148caabb0ba92216e4,Unknown,0,1,1,337.0
2023-05-23,2023-05-23,c3d696c6136a4b4bb05383cc33100e14,Bronze3,0,1,1,210.0
2023-05-23,2023-05-23,8c5c248d33a2480697ec6d984ce82d88,Unknown,0,1,1,202.0
2023-05-23,2023-05-23,e04c7ce1e6c343abaa9b291a8195de77,Bronze3,0,1,1,189.0
2023-05-23,2023-05-23,c5edb5d604c044ecb07c7631ce7f355c,Unknown,0,1,1,68.0
2023-05-23,2023-05-23,7a9087ea2e6b4d4380b0b529bca410c7,Bronze3,0,1,1,203.0
2023-05-23,2023-05-23,348a528ac2044bc2b5a7072160a7afa1,Bronze3,0,1,1,300.0
2023-05-23,2023-05-23,cba18cad80e44d2298a49f0e410ca1a8,Bronze3,0,1,1,364.0
2023-05-23,2023-05-23,0869e03e61be48b6ab91a3a9b6b7631e,Bronze3,0,1,1,151.0
2023-05-23,2023-05-23,e5c3f3c231db4e56b73846d7aada02c7,Unknown,0,1,1,154.0
2023-05-23,2023-05-23,29b2390d220c4a2b953ade5517e4ddb7,Unknown,0,1,1,280.0
2023-05-23,2023-05-23,3ff7a19c9f3b4b44bb5b2048cf84d695,Bronze3,0,1,1,257.0
2023-05-23,2023-05-23,11cfbbc16a8a48b187d71d2fee12b544,Bronze3,0,1,1,357.0
2023-05-23,2023-05-23,ac41780ff56446ca8fc2797085189e06,Bronze3,0,1,1,210.0
2023-05-23,2023-05-23,b29db65585d946bdb9f4f49d56eed2d9,Bronze3,0,1,1,353.0
2023-05-23,2023-05-23,5761e43265ba41edbcaf07e8908d2fc0,Bronze3,0,1,1,237.0
2023-05-23,2023-05-23,3ba556c3ff19454086735afbdf1c98f7,Unknown,0,1,1,158.0
2023-05-23,2023-05-23,120c27fdcf684ca7affdbf46578b2bbd,Bronze3,0,1,1,314.0
2023-05-23,2023-05-23,0de2783b46f84792a88678eeb5e1c5c6,Bronze3,0,1,1,364.0
2023-05-23,2023-05-23,155104d1186746b19533664770a76a34,Bronze3,0,1,1,168.0
2023-05-23,2023-05-23,48d2615c98a44da6a876ad452a7f71fe,Bronze3,0,1,1,158.0
2023-05-23,2023-05-23,8b04072ababa4ddeac767400a419b3ce,Bronze3,0,1,1,161.0
2023-05-23,2023-05-23,6618c2d208dc40c1a7970dcf1b32f321,Bronze3,0,1,1,264.0
2023-05-23,2023-05-23,9de71ef025ab472091919f93762d70b6,Bronze3,0,1,1,332.0
2023-05-23,2023-05-23,28d05e2707df4ac5983fcd71996e2341,Bronze3,0,1,1,286.0
2023-05-23,2023-05-23,d71342319ebf4f6390c0fc39c6e7250c,Bronze3,0,1,1,307.0
2023-05-23,2023-05-23,b88ecb8cf25f450f8f166adcfa26e74d,Bronze3,0,1,1,139.0
2023-05-23,2023-05-23,13e977b66a724f9a94d0902af3ed1ca0,Bronze3,0,1,1,209.0
2023-05-23,2023-05-23,71d734ac565740ffb14722e5ce4de828,Bronze3,0,1,1,84.0
2023-05-23,2023-05-23,225a0ca62fcf40aba4b1c40783e4663b,Unknown,0,1,1,347.0
2023-05-23,2023-05-23,e6ff7644902e4f4095a7c130476a5b9d,Bronze3,0,1,1,317.0
2023-05-23,2023-05-23,5d16dce2aa9844bf93b807064dd3f8c2,Bronze3,0,1,1,347.0
2023-05-23,2023-05-23,9d6cb00b9b6740a0b81f018853beb765,Unknown,0,1,1,276.0
2023-05-23,2023-05-23,a82f34b4804542c9880b7005f18ccf70,Bronze3,0,1,1,253.0
2023-05-23,2023-05-23,6f26ebf17ba94d80aca58e079e11d5d7,Unknown,0,1,1,191.0
2023-05-23,2023-05-23,4c8939bf484946ff88cc246b35e716ff,Bronze3,0,1,1,207.0
2023-05-23,2023-05-23,2da133090d774f07a922226da8d377ce,Bronze3,0,1,1,232.0
2023-05-23,2023-05-23,766e038102b34eb3a4952eee10a77456,Bronze3,0,1,1,212.0
2023-05-23,2023-05-23,4e51019f5fac4905b566cb039821393a,Bronze3,0,1,1,316.0
2023-05-23,2023-05-23,6d5e074704b0442eb27931fde8edac5e,Bronze3,0,1,1,178.0
2023-05-23,2023-05-23,3f02a88b42064e189a21525c2c93e544,Bronze3,0,1,1,205.0
2023-05-23,2023-05-23,3ad7b0a51d2d40ac8c0111a6f70f5321,Bronze3,0,1,1,213.0
2023-05-23,2023-05-23,c8b61ec1292d429d8a80085bf99c0d40,Unknown,0,1,1,310.0
2023-05-23,2023-05-23,4eb852fd4d38490b9b5b403b6214cf88,Bronze3,0,1,1,117.0
2023-05-23,2023-05-23,c01da0dc102f4808ac396c286e475e51,Bronze3,0,1,1,249.0
2023-05-23,2023-05-23,242bb02274984d8eb6e76ff7c68407ca,Bronze3,0,1,1,195.0
2023-05-23,2023-05-23,ff4e438a212f4c51be79eb1bf28a16a4,Bronze3,0,1,1,223.0
2023-05-23,2023-05-23,c8f88f85d5b44fe082d854808ceec895,Bronze3,0,1,1,80.0
2023-05-23,2023-05-22,0ddfa938e15d4f0a807809124118c2c5,Sliver3,1,1,1,399.0
2023-05-23,2023-05-22,f112d020ea6640e3b68aba0688f9f900,Bronze2,1,1,1,184.0
2023-05-23,2023-05-22,752142c5e60249f19b105a7a07ccea0c,Bronze3,1,1,1,220.0
2023-05-23,2023-05-22,6c740e28ce2b45739e12bdea40d2b18f,Sliver3,1,1,1,311.0
2023-05-23,2023-05-22,4400ecf42eea463fadaaf928e63aef6a,Bronze3,1,1,1,359.0
2023-05-23,2023-05-22,63573d136f464b39a664890b2d7b516a,Bronze3,1,1,1,225.0
2023-05-23,2023-05-22,549aa087b36d4d0d9fbafa5c43be1ee7,Bronze2,1,1,1,177.0
2023-05-23,2023-05-22,8b1bc4e1c8404f19be30b880bb0080fa,Bronze3,1,1,1,164.0
2023-05-23,2023-05-22,c73c8533bbe944ae8b4984ba4ffdc193,Bronze1,1,1,1,261.0
2023-05-23,2023-05-22,74ea80bceeba41829876fcaeab9b9251,Bronze3,1,1,1,229.0
2023-05-23,2023-05-22,f8c1641330a74306940629cb5bbc1849,Bronze3,1,1,1,263.0
2023-05-23,2023-05-22,8f576750ec364721ad6485f7e8cea2fc,Bronze2,1,1,1,215.0
2023-05-23,2023-05-22,feabe89cc5a74f909ac83c846354ff1e,Bronze2,1,1,1,284.0
2023-05-23,2023-05-22,adb1476b12c94efa838eeb355469d697,Bronze1,1,1,1,95.0
2023-05-23,2023-05-22,4a472d05f4db45da9a53b0bc982225c3,Bronze3,1,1,1,178.0
2023-05-23,2023-05-22,4dd4fbf807ab4e35b0857ff01ffe8c2b,Bronze2,1,1,1,223.0
2023-05-23,2023-05-22,4440463e4bad42aeb4eea3b1e3f5736a,Bronze3,1,1,1,202.0
2023-05-23,2023-05-22,180137c417ed41608d98cfb76f50925b,Bronze2,1,1,1,178.0
2023-05-23,2023-05-22,1cf2ce860b79402cb49b8c31f5235749,Bronze3,1,1,1,199.0
2023-05-23,2023-05-22,e3b7ab147c6f4727903a23603d1f99e5,Sliver3,1,1,1,330.0
2023-05-23,2023-05-22,a2ab550b45a94406ad0bfe9534f9bccc,Bronze1,1,1,1,194.0
2023-05-23,2023-05-22,91b3f2d59bca4957b3e15116781997ac,Sliver3,1,1,1,357.0
2023-05-23,2023-05-22,cdee6d5f5ef44ae39828582938196195,Bronze3,1,1,1,159.0
2023-05-23,2023-05-22,2c95cba63508435b8f7e0f44f0643369,Sliver3,1,1,1,254.0
2023-05-23,2023-05-22,bdb35db23c354e7ab4491e8ac017439b,Bronze2,1,1,1,238.0
2023-05-23,2023-05-22,3f95281f296549689b2c882491123e9b,Sliver3,1,1,1,179.0
2023-05-23,2023-05-22,72ed1e9bf081424d8f82006b32ea9024,Sliver3,1,1,1,235.0
2023-05-23,2023-05-22,2ae48606bb3b4ca8add47bf9528da4d9,Bronze3,1,1,1,200.0
2023-05-23,2023-05-22,275b6804b8874ee9909d41cbf173d2c9,Bronze3,1,1,1,239.0
2023-05-23,2023-05-22,b1f8aeaa9d51486fb13b5395ca409a83,Bronze3,1,1,1,168.0
2023-05-23,2023-05-22,6aef9aa6c4da440391a1bd90315ec518,Bronze2,1,1,1,184.0
2023-05-23,2023-05-22,3b370cd8516a4af8ab3bc03b32f359a2,Bronze3,1,1,1,256.0
2023-05-23,2023-05-22,af5ee46687c4459a98dfadf8b7e042ce,Bronze3,1,1,1,399.0
2023-05-23,2023-05-22,e76941f253c64706a354ba9dc5f7189a,Sliver3,1,1,1,363.0
2023-05-23,2023-05-22,e34ea57696cf4db08136a4ca994e7f43,Bronze3,1,1,1,113.0
2023-05-23,2023-05-22,948ba2a6ac5045af8f5ad14ce923651c,Bronze1,1,1,1,361.0
2023-05-23,2023-05-22,b578dd9b41aa4b57b6ef2d30fdb51ac5,Bronze2,1,1,1,205.0
2023-05-23,2023-05-22,ad20644b6fbc449a8d663df28cf953c1,Sliver3,1,1,1,188.0
2023-05-23,2023-05-22,e6f0300dad18488ca423f01c9ae6f66b,Bronze2,1,1,1,285.0
2023-05-23,2023-05-22,5e76060409664f229a1f46194c1500a8,Bronze1,1,1,1,164.0
2023-05-23,2023-05-22,67988b2e678b4ee58d52e69d1b7d791f,Bronze2,1,1,1,245.0
2023-05-23,2023-05-22,1cbb2c17140f4118ad2dc1fc229863c9,Bronze3,1,1,1,292.0
2023-05-23,2023-05-22,3f42a20a6d634b9791368f1ab31ab0b0,Bronze2,1,1,1,244.0
2023-05-23,2023-05-22,a4b76d93631c43db967b6dd132dd79e8,Bronze3,1,1,1,164.0
2023-05-23,2023-05-22,7f6bb0460c20497ba6e690accc5ca9c4,Bronze2,1,1,1,162.0
2023-05-23,2023-05-22,ff65eb98c6a34c98a2062693c8231497,Bronze1,1,1,1,203.0
2023-05-23,2023-05-22,d895900053d247408f36258c7df27e62,Bronze2,1,1,1,195.0
2023-05-23,2023-05-22,6bdab795f190468eb62b20608e818492,Sliver3,1,1,1,246.0
2023-05-23,2023-05-22,a3a770de399c40fda06f25ac559de024,Bronze3,1,1,1,187.0
2023-05-23,2023-05-22,c1df7e7360c14bb8b6679f9124b5c7cb,Bronze3,1,1,1,167.0
2023-05-23,2023-05-22,51ca88e978284eec9d2f94a0cc74f13f,Bronze2,1,1,1,379.0
2023-05-23,2023-05-22,0479615d936e4862b17d9f242865b2ae,Bronze3,1,1,1,339.0
2023-05-23,2023-05-22,6222e1af520242d9ae22c711c0dcd8cb,Bronze3,1,1,1,322.0
2023-05-23,2023-05-22,885f62c2f2eb4bbdad214f68e2a73d18,Bronze2,1,1,1,181.0
2023-05-23,2023-05-22,668fca69d9a1483086217a92e927e3f0,Bronze3,1,1,1,300.0
2023-05-23,2023-05-22,79fc3ee024f24d2da62a0b2d24fe018a,Bronze2,1,1,1,233.0
2023-05-23,2023-05-22,4bc4233bc8044e298d185152463995e1,Bronze3,1,1,1,291.0
2023-05-23,2023-05-22,25ce78fca85143b09a16b9d47f26b354,Bronze1,1,1,1,178.0
2023-05-23,2023-05-22,0c53d7cba2e24df2b828d27aedbc3981,Bronze3,1,1,1,277.0
2023-05-23,2023-05-21,9defe4e773dc4bcd9ea7efc9f4425465,Sliver3,2,1,1,272.0
2023-05-23,2023-05-21,f3240ef687334df3b04ba51644de37ee,Sliver3,2,1,1,241.0
2023-05-23,2023-05-21,7eb7e514dc7a4408b90eb2f11f49d55b,Sliver3,2,1,1,199.0
2023-05-23,2023-05-21,19aa09938b62428daf20a4de934fbcce,Sliver3,2,1,1,193.0
2023-05-23,2023-05-21,6bc1f6775c9c415b92b49787c0cbd5ff,Bronze1,2,1,1,189.0
2023-05-23,2023-05-21,efeb25de3249430db4d910107d830267,Bronze3,2,1,1,145.0
2023-05-23,2023-05-21,8eda829437134ed7b79529bbffc8f1eb,Bronze2,2,1,1,218.0
2023-05-23,2023-05-21,4bfa70aab9584d15895e9d6feb904ed0,Sliver3,2,1,1,141.0
2023-05-23,2023-05-21,dea5f8aacdcd4eea885a3f623c81fda1,Bronze3,2,1,1,94.0
2023-05-23,2023-05-21,25184037191043fea32333846c211b70,Sliver1,2,1,1,323.0
2023-05-23,2023-05-21,89fac7b30ef34062a1886f8db1e89cb2,Bronze2,2,1,1,191.0
2023-05-23,2023-05-21,35b1d9bc58ca439fa91fe1cf16630bd8,Bronze3,2,1,1,156.0
2023-05-23,2023-05-21,e5f70e993f2a4da990c85ce1da74f1c1,Sliver3,2,1,1,183.0
2023-05-23,2023-05-21,d41221f0026447e0b363567b00f187c6,Sliver3,2,1,1,314.0
2023-05-23,2023-05-21,f057cb331ee34bf1b683c0ee96b8a699,Bronze2,2,1,1,167.0
2023-05-23,2023-05-21,e0c24b3df35649548b5ccb551686f21d,Bronze2,2,1,1,184.0
2023-05-23,2023-05-21,8c2c75925232496cb7aaed7bdc3cd4e7,Bronze1,2,1,1,191.0
2023-05-23,2023-05-21,7cbcbd3db62041068daf9f80387b108a,Bronze1,2,1,1,164.0
2023-05-23,2023-05-21,34487d6fc6cc47c0b784fe4f61794a86,Bronze3,2,1,1,290.0
2023-05-23,2023-05-21,2daf12aec3ac448a887c57d5845bb761,Bronze2,2,1,1,193.0
2023-05-23,2023-05-21,2197061457e44c5994d1889f99a9ad2e,Bronze2,2,1,1,195.0
2023-05-23,2023-05-21,15a259bc5f2e43b382d07bd2f067a8a6,Bronze1,2,1,1,398.0
2023-05-23,2023-05-21,f62d483f85d249e5a0ab3a155918e670,Sliver2,2,1,1,351.0
2023-05-23,2023-05-21,aa85ffacb54e41e5bcc63469f4dffe38,Bronze3,2,1,1,177.0
2023-05-23,2023-05-21,a4017cc1fe6d4dc791b70115adbc4f3f,Bronze1,2,1,1,212.0
2023-05-23,2023-05-21,4c4a5cb4f6eb426fbf888ae599ff1d08,Bronze3,2,1,1,271.0
2023-05-23,2023-05-21,a806467a48b44a3a874ae1748dc2ce85,Sliver3,2,1,1,109.0
2023-05-23,2023-05-21,3650ddd91d434780bbea95f85fa8ff65,Sliver1,2,1,1,341.0
2023-05-23,2023-05-21,866eabf2bf134bc69611e499dfbe28cc,Bronze1,2,1,1,307.0
2023-05-23,2023-05-21,04479ebefeb34c5b9f9ffa6e324fe4c4,Sliver2,2,1,1,178.0
2023-05-23,2023-05-21,821bc7aa9f084a4db4ee34796fd5190f,Bronze1,2,1,1,177.0
2023-05-23,2023-05-21,e3e43c34f7694ec1a322149116ea5d02,Sliver3,2,1,1,322.0
2023-05-23,2023-05-21,f87d898f9f0d48dcaf3459067ec7b407,Sliver3,2,1,1,204.0
2023-05-23,2023-05-21,7583bf8a18b94fb689446d9c786d42e5,Bronze1,2,1,1,159.0
2023-05-23,2023-05-21,cad08d19cf994f62bc6f9b0d1450616a,Sliver2,2,1,1,438.0
2023-05-23,2023-05-21,c9267475773a4432bb40eb06194de95e,Bronze2,2,1,1,203.0
2023-05-23,2023-05-21,46a44f12ea0b46e4988ad9c5c6364b61,Sliver3,2,1,1,270.0
2023-05-23,2023-05-21,0b83e3edfc3145988d16d583e8c3f0aa,Sliver3,2,1,1,319.0
2023-05-23,2023-05-21,cb3e31b5c002472eb5c7edff7437b4ba,Sliver3,2,1,1,344.0
2023-05-23,2023-05-21,7f162db235be4ef8930008ea9e7171ac,Sliver3,2,1,1,250.0
2023-05-23,2023-05-21,ff03e389bcb8497c851d136d76da0018,Bronze2,2,1,1,194.0
2023-05-23,2023-05-21,dc7f9062e4b14226bf5c933f6c5ba8ad,Bronze2,2,1,1,280.0
2023-05-23,2023-05-21,447bc72407b0421391253c322d6acca2,Sliver3,2,1,1,317.0
2023-05-23,2023-05-21,1368b2f60eab4ef7af2d9d7d3f7c29cb,Sliver3,2,1,1,393.0
2023-05-23,2023-05-21,fc892ae6791c42fe86e71bf1824b323d,Sliver3,2,1,1,239.0
2023-05-23,2023-05-21,fc6185e0832949a59e899223a993a4ad,Sliver3,2,1,1,187.0
2023-05-23,2023-05-21,d91917b818c74d03b8a9cc7313c40c66,Sliver3,2,1,1,293.0
2023-05-23,2023-05-21,07729ed9f609444994de348b97f8351f,Sliver1,2,1,1,340.0
2023-05-23,2023-05-21,e8f0ed1ae12043b0a24fcd38106d931d,Bronze3,2,1,1,200.0
2023-05-23,2023-05-21,5bbf137ddb614339b42283183d353be3,Bronze1,2,1,1,202.0
2023-05-23,2023-05-21,6b91bd6eefbc410cb7ae0fdc76ef5819,Sliver3,2,1,1,162.0
2023-05-23,2023-05-21,82283a18acbe46f381be53c773cc40da,Sliver2,2,1,1,191.0
