dt,register_dt,user_id,re_visit_day,rep_visit_cnt
2023-05-25,9999-12-31,b969919465344e9385b650b82b9f0e81,-2913394,1
2023-05-25,9999-12-31,a7dcca72927342f5b1b51b4596db4c54,-2913394,3
2023-05-25,9999-12-31,4f3a0388754042c093d56e430bfdbec5,-2913394,4
2023-05-25,9999-12-31,565468b864034f59b4a121c026e82fa4,-2913394,4
2023-05-25,9999-12-31,5c150a2e73a94d3aaf6c5c938891247f,-2913394,4
2023-05-25,9999-12-31,15fca6477dda4391b0e60ba032b3d9c2,-2913394,6
2023-05-25,9999-12-31,3cb6256a011b4a5392a7fe67e86ed2aa,-2913394,7
2023-06-02,9999-12-31,e5bd1295022d4031ba8f82ee70922d54,-2913386,1
2023-06-02,9999-12-31,68e048e8e19e42778772553aa2fbf2b4,-2913386,1
2023-06-02,9999-12-31,9c68434799874161aa8c933f4d818c56,-2913386,2
2023-06-02,9999-12-31,72b08bdbad1a462b9613304f6e65c2d7,-2913386,15
2023-05-15,2023-05-13,bdc17ef4bc6a4e55b71e060c03189c77,2,1
2023-05-15,2023-05-13,5f337338a2ee419abb0dde568715591c,2,1
2023-05-15,2023-05-13,f4a94b198c384086810fb33e8cff50ad,2,1
2023-05-15,2023-05-13,452447f691e3486fbdbceae1ff282ce0,2,1
2023-05-15,2023-05-13,b96ac9c40e7944629a08e192482376c7,2,1
2023-05-15,2023-05-13,0da1e233f73048d0a6cecf814493b2c1,2,1
2023-05-15,2023-05-13,9732cc9fe9cd4c62bb375ce85f6bde0b,2,1
2023-05-15,2023-05-13,57995a03be664c468f9d5e83df5bf276,2,1
2023-05-15,2023-05-13,a9480469521a40789776aaaf60c7fb12,2,1
2023-05-15,2023-05-13,126f765b23bf405188af8d6c882a23b2,2,1
2023-05-15,2023-05-13,6ab81c511d6b400d98ecd744a6a3af39,2,1
2023-05-15,2023-05-13,798ab07fb32a4ac6a669c5f219b8fd95,2,1
2023-05-15,2023-05-13,e419d674baa343389af15353a50eb045,2,1
2023-05-15,2023-05-13,fad0dee72c4247c0a7befea12d7d96af,2,1
2023-05-15,2023-05-13,a6dfc900be3d4a378ba6748b233d1e35,2,1
2023-05-15,2023-05-13,f08c3e8c965c49b2b0c377977dd1516c,2,1
2023-05-15,2023-05-13,e79eacee7cb3419391ac4645d5b23e2d,2,1
2023-05-15,2023-05-13,626da36a8f09424ba0660baec9d96b47,2,1
2023-05-15,2023-05-13,6e62c0e093954f8dbe73841d76a5cffb,2,1
2023-05-15,2023-05-13,fdda632a8fe0431bbfa51e3c8386d24f,2,1
2023-05-15,2023-05-13,e96ca2f1f64f4741a5df85fa51559b01,2,1
2023-05-15,2023-05-13,2f8ae90b2d5a4084bd2f2d6ecdb52a9c,2,1
2023-05-15,2023-05-13,ae6aa9dbed7b44e68dc86d1d0b171367,2,1
2023-05-15,2023-05-13,e030c0592d9c4d94a9435df0c6a57ca7,2,1
2023-05-15,2023-05-13,9653c52ffad64f6d8acd9e591a09bb6a,2,1
2023-05-15,2023-05-13,8f48b5cd5a2841aba8e2edc0cc3f106f,2,1
2023-05-15,2023-05-13,5ef50b04be99479ea35584574fc47334,2,1
2023-05-15,2023-05-13,55e55846b65342a390184ed8d5183df1,2,1
2023-05-15,2023-05-13,450fcbc86a8244ebaa14d6a507d8e1d4,2,1
2023-05-15,2023-05-13,7389ae3b7c0340eda68a19680404540e,2,1
2023-05-15,2023-05-13,5c8b3308d27a47d486316c6664d3a562,2,1
2023-05-15,2023-05-13,86ed016c02e645a9b119f19bb4e21732,2,1
2023-05-15,2023-05-13,4bce755653e3496fa1501629c2516e77,2,1
2023-05-15,2023-05-13,100bccd122a8434ca9359e1d1ef52790,2,1
2023-05-15,2023-05-13,ff9fdf1dce11453ea47a749508abffb7,2,1
2023-05-15,2023-05-13,6a4966f6762b4f1abf5189617b7fd109,2,1
2023-05-15,2023-05-13,ff7934e42b11471ea787974e49991cea,2,1
2023-05-15,2023-05-13,7ba6846e5e8a419b8d50f023aa1c44cf,2,1
2023-05-15,2023-05-13,2afac4016441455090cb6a7ce133ad2d,2,1
2023-05-15,2023-05-13,423b5c0b57214068af099b50b5a8eff5,2,1
2023-05-15,2023-05-13,71846feb6d594c5ca6563677b4a824ef,2,1
2023-05-15,2023-05-13,c43189fbe53e4566b2de70e9632a9e19,2,1
2023-05-15,2023-05-13,6d301c12b2a4429883aa852b150e076f,2,1
2023-05-15,2023-05-13,0d91270a7ce241e6bef74023e14c3578,2,1
2023-05-15,2023-05-13,66e9167114e0453da188e0af01d8903f,2,1
2023-05-15,2023-05-13,7c4a528bc78f402ca8839b523651d5dd,2,1
2023-05-15,2023-05-13,62bc7176ca0446449a2e125341b26f88,2,1
2023-05-15,2023-05-13,9a31bab9e513456499d3135eb289336e,2,1
2023-05-15,2023-05-13,84d4be4734364b5884fdd560c94e07f9,2,1
2023-05-15,2023-05-13,1ff8eb41567744d99957279243afe46b,2,1
2023-05-15,2023-05-13,e69a7e04e2e64d1288763ba7360ec438,2,1
2023-05-15,2023-05-13,597a70a8607542e280e2a75c9c349df7,2,1
2023-05-15,2023-05-13,70982081beeb410e87df1a24f129e289,2,1
2023-05-15,2023-05-13,a27a9813627243d989a0a9e2868394af,2,1
2023-05-15,2023-05-13,3c48c20319794b95a3ad4292f7796585,2,1
2023-05-15,2023-05-13,2e5ecd7d45f14c3f8af7695cce06220a,2,1
2023-05-15,2023-05-13,1e9d5952c0ec49b59b7665b61e3901e4,2,1
2023-05-15,2023-05-13,0ca2639af7014017a8238def5211fc67,2,1
2023-05-15,2023-05-13,0b90014ab59f4cdab1809b96fb46e963,2,1
2023-05-15,2023-05-13,b52526f4467d41abbc31ab836b0a1217,2,1
2023-05-15,2023-05-13,a3118ebb166f43fa9b13afe0bc736f89,2,1
2023-05-15,2023-05-13,2494bcbac95c4e8e8961e7d9c2b5595f,2,1
2023-05-15,2023-05-13,9b1e46f9e3634d2fa4d3d46dce71d50c,2,1
2023-05-15,2023-05-13,7472c79c93474150a57c383a6279f07b,2,1
2023-05-15,2023-05-13,eabd9d2935134f7c88bb3954a0134175,2,1
2023-05-15,2023-05-13,fc41553a48c1453daf476923135a00f7,2,1
2023-05-15,2023-05-13,2d32f84565834dfe830db8df7671dda3,2,1
2023-05-15,2023-05-13,c924bef0a1474657ba2df2e980db7e6c,2,1
2023-05-15,2023-05-13,785f09d01a0244afae90fd063a7bdb44,2,1
2023-05-15,2023-05-13,3cb3ed1675ca4986b8f1b9dc5b3417df,2,1
2023-05-15,2023-05-13,48d83cf15ed148c5866dde2d4489b809,2,1
2023-05-15,2023-05-13,9b30a1409e1f49b09d110d34a9255958,2,1
2023-05-15,2023-05-13,16197c3e8429428cb97b481a922edabc,2,1
2023-05-15,2023-05-13,d97311fdcc874a1088d6d0dd2c5caaba,2,1
2023-05-15,2023-05-13,9fea9356523d4a029dea8758df22e95d,2,1
2023-05-15,2023-05-13,d1b4ecbee6224f11ae6c6ec3258a29c4,2,1
2023-05-15,2023-05-13,0436517cc53f47dba1361bc38fa2e776,2,1
2023-05-15,2023-05-13,52f5f78d7b674a2096c5cc5d707f0629,2,1
2023-05-15,2023-05-13,6e201e9390ce4da58f90b910a708b613,2,1
2023-05-15,2023-05-13,4d55d3ff090a45b79197d8daf98e5948,2,1
2023-05-15,2023-05-13,5783a851b7f14d2cb2abd8709ad02ab6,2,1
2023-05-15,2023-05-13,e8ff1b0ab5194743abe8584804e95e84,2,1
2023-05-15,2023-05-13,07238dd169b047058c79e39022d28456,2,1
2023-05-15,2023-05-13,16b110f925fb400c8ee1c613fde1a620,2,1
2023-05-15,2023-05-13,42966ff758f046868fd1a0d8b4afdd08,2,1
2023-05-15,2023-05-13,b39c593a3d2545d587d23d8d5681c48b,2,1
2023-05-15,2023-05-13,81e80f700c204fa2b9b0153cd3ef5557,2,1
2023-05-15,2023-05-13,e70f229a58774d168ba29181483a4e53,2,1
2023-05-15,2023-05-12,b7655aee52414864ab4149414266db4c,3,1
2023-05-15,2023-05-12,eff4f937e31d4d80a48b1fb970afe610,3,1
2023-05-15,2023-05-12,759ad583d8dd41679f6b2b5302c51462,3,1
2023-05-15,2023-05-12,ecf818e3a2bf43eb8fcd28a719c0ddd2,3,1
2023-05-15,2023-05-12,4fb4c485e21b47399ebf8d06729b034b,3,1
2023-05-15,2023-05-12,f9fd39c6ca4e473481036dd5120effcc,3,1
2023-05-15,2023-05-12,5c06459c2f094db9805db695f4e266dc,3,1
2023-05-15,2023-05-12,e38ed078bbbd4145957ff12a4e789f59,3,1
2023-05-15,2023-05-12,2a6dcbb1fa44414184c97d7ecc341b63,3,1
2023-05-15,2023-05-12,7dbdd5a416cb4605bdc196dc7d46daa2,3,1
2023-05-15,2023-05-12,15a355d27bc7416992ec03371d58d7e0,3,1
2023-05-15,2023-05-12,04c992fea92a446fbde2cb2deea3b209,3,1
2023-05-15,2023-05-12,ccb606036be9451c9ec8d77957c32e1a,3,1
2023-05-15,2023-05-12,cc6f273b776246e2960a788fe12932fa,3,1
2023-05-15,2023-05-12,7257bf8ac1ba4ee3bb41696c0c94b782,3,1
2023-05-15,2023-05-12,3be8581275b947efb33cf04eb3f57453,3,1
2023-05-15,2023-05-12,af3cb40ddaf542859aa3fb311afdc30b,3,1
2023-05-15,2023-05-12,858a75ba38e74ba7a80dc275954b5678,3,1
2023-05-15,2023-05-12,56f0fb7bbe8b4e0b92f6a6367ba4da5d,3,1
2023-05-15,2023-05-12,06ff6226940c4f3dbdb472f663470ca0,3,1
2023-05-15,2023-05-12,b6e18e6a4e8f458e90d1fd88149bb208,3,1
2023-05-15,2023-05-12,21a95c6816104786875076760c49167e,3,1
2023-05-15,2023-05-12,37a3d088d6f7491c86160666f5a498b0,3,1
2023-05-15,2023-05-12,a73f347350de40b0ac8b7e51bef3a074,3,1
2023-05-15,2023-05-12,eedc9177b98f4f76951d42134d7d24fe,3,1
2023-05-15,2023-05-12,04bd532ab1ad42f4be51bb08d4803bc6,3,1
2023-05-15,2023-05-12,9e9b8c0f607b4bb3abc50acd613f5132,3,1
2023-05-15,2023-05-12,b717c9181bca467cbe58893ef9dc4515,3,1
2023-05-15,2023-05-12,42190dc696a442c8bc7650952a75fd67,3,1
2023-05-15,2023-05-12,2ef7a872a00a477a980be9725148cae2,3,1
2023-05-15,2023-05-12,b02097be7aa745e094a6e53d336f6e92,3,1
2023-05-15,2023-05-12,db717a393f3d43c88774b25ccb10db82,3,1
2023-05-15,2023-05-12,b2148f865ebd467c9332fa173bed0605,3,1
2023-05-15,2023-05-12,d93771f8aabb4307b09202c39284abe8,3,1
2023-05-15,2023-05-12,460bcccd03c9439b91981abfad9162a6,3,1
2023-05-15,2023-05-12,db13d36278a04904b85e5cd3870ebcbc,3,1
2023-05-15,2023-05-12,61b22852a8ca4d7590849cce438c10f3,3,1
2023-05-15,2023-05-12,c061f159c9964ddbb328f22d19babfa9,3,1
2023-05-15,2023-05-12,22f3ea0f40d2433e9c35e22fd94c356a,3,1
2023-05-15,2023-05-12,e0b30a80e62648c08d5cb086f349aa67,3,1
2023-05-15,2023-05-12,4132d89cc82f4cc5b9b507f3e94bd924,3,1
2023-05-15,2023-05-12,a336ace63f31491d9e7b76a913807f67,3,1
2023-05-15,2023-05-12,cbe77ffea8234970a1a28703813bac8a,3,1
2023-05-15,2023-05-12,a8b208c0af274191912deb39daf79031,3,1
2023-05-15,2023-05-12,2a565faad5c14677846b1846875bd2cb,3,1
2023-05-15,2023-05-12,d8908f32bdf94636ab6602cd1009d206,3,1
2023-05-15,2023-05-12,f6618337f0924df8be0353ec181b739c,3,1
2023-05-15,2023-05-12,6858b983b6f04d969cdabfcd7fc87d52,3,1
2023-05-15,2023-05-12,e9972422d82a4e72b00eb972e2214607,3,1
2023-05-15,2023-05-12,715adfcf9f3a486991df8bc1e8b4900f,3,1
2023-05-15,2023-05-12,1c020680663e4be78a16998c90135b88,3,1
2023-05-15,2023-05-12,ad149ebc33a34fc2a13746fa698b5db7,3,1
2023-05-15,2023-05-12,c68e7da56b1b4fcf901a23a29df4e26f,3,1
2023-05-15,2023-05-12,fad8103e877147b48b05fb04cda57c8a,3,1
2023-05-15,2023-05-12,db3d93878db54971a37a761084d62807,3,1
2023-05-15,2023-05-12,ddb369f31b9f41bc9d81cd3493ed270e,3,1
2023-05-15,2023-05-12,3d5a89ed89dd4aed8114fa939e2af6a6,3,1
2023-05-15,2023-05-12,588bda12b1534176be0e15b6fc6dc1f9,3,1
2023-05-15,2023-05-12,22a81eedf4774d4dabaf9153388d6af7,3,1
2023-05-15,2023-05-12,e823829805a14660ad939cdb3c82e21f,3,1
2023-05-15,2023-05-12,3fd2d1a3263e4c5db3a5baa2672c5cbd,3,1
2023-05-15,2023-05-12,875629ddbf2e4eb1999070a64ad360e1,3,1
2023-05-15,2023-05-12,3e16b1e99d4f420fb4808cb71b30cddb,3,1
2023-05-15,2023-05-12,8e284821e8bd4fffa81988f96d901144,3,1
2023-05-15,2023-05-12,fe408ce1ff6447a2b4cfda59c9e7d2b9,3,1
2023-05-15,2023-05-12,66d3ee241037498caf0ab723f41e45b0,3,1
2023-05-15,2023-05-12,012818cdd3fb4119bb894e5faf0a8f18,3,1
2023-05-15,2023-05-12,6b370371e28e4081b7b21b474eed1b43,3,1
2023-05-15,2023-05-12,15e54352cca44df09b3dc998eb95cf8b,3,1
2023-05-15,2023-05-12,d1752dbd8da0479f8312d60ae3b8f7eb,3,1
2023-05-15,2023-05-12,d8447493ce2a49859f334221104017ba,3,1
2023-05-15,2023-05-12,f0910f6d7b834ea5bccf896611f974c2,3,1
2023-05-15,2023-05-12,2ac588c9f9554dbe8034517bbec06e68,3,1
2023-05-15,2023-05-11,7a9bec5c9a22491ea605993597597da1,4,1
2023-05-15,2023-05-11,e474cca0ae8344acb6fad64c51d68b3e,4,1
2023-05-15,2023-05-11,d4252558cec34707b46664f2cd7dbc6e,4,1
2023-05-15,2023-05-11,ac78c246732f4ad8b7876df30cdbc6a2,4,1
2023-05-15,2023-05-11,1fa3501d50b840c99dac400315804002,4,1
2023-05-15,2023-05-11,c3fd02e6ab054cbbb6e30296e8eba606,4,1
2023-05-15,2023-05-11,c83b6a55f0b24bd4b7ea064e12efd4b9,4,1
2023-05-15,2023-05-11,ee36ae76bc61436bbe6bfb2139a9fcfd,4,1
2023-05-15,2023-05-11,dd3e220d3493480487669f2e722567e9,4,1
2023-05-15,2023-05-11,d80d7aee8e324cd8aeabddec751c33df,4,1
2023-05-15,2023-05-11,d09e2ed1fab2401e9d847f2f9c6802cc,4,1
2023-05-15,2023-05-11,4e25e6b2149e48a9b94a9d3cda651680,4,1
2023-05-15,2023-05-11,78d85621054a48f48380765d47d5466a,4,1
2023-05-15,2023-05-11,408902cf461344e7899e087a26a2604a,4,1
2023-05-15,2023-05-11,4473fb1d2f704b62a043ce3220786916,4,1
2023-05-15,2023-05-11,8070bcd49880490991ef7de595170faa,4,1
2023-05-15,2023-05-11,5c382524a2d2449186cf2ae10c5be5e7,4,1
2023-05-15,2023-05-11,2064b3a39da344f2b429412b38a306b2,4,1
2023-05-15,2023-05-11,738ec87c51bd42e0965bda7cb004521a,4,1
2023-05-15,2023-05-11,8fd93bd9d25f44c3b5a3810817eb2895,4,1
2023-05-15,2023-05-11,45bf508898d5473980d05b3da66abe0a,4,1
2023-05-15,2023-05-11,0e0f52c0b0b243e4a26b753d41f94f49,4,1
2023-05-15,2023-05-11,c10aff19dee149c1b896f4c5efdc8d57,4,1
2023-05-15,2023-05-11,3814a5e4a82d4e2fb1c7974f57726508,4,1
2023-05-15,2023-05-11,bc642d0d3c284c9a91e289fa4ff92fe9,4,1
2023-05-15,2023-05-11,855dc146824e43d4b8f4e07ad126c93c,4,1
2023-05-15,2023-05-11,4464262cd11d485f81875f7a475d3ca8,4,1
2023-05-15,2023-05-11,1170c2b6804d4bcab819abd82655559a,4,1
2023-05-15,2023-05-11,2176ba5ee66a48499dafe19930516b94,4,1
2023-05-15,2023-05-11,d0152b62eea046d3a6d90672eecceffb,4,1
2023-05-15,2023-05-11,a25db3dfe94e4212ab206089ef8a04e5,4,1
2023-05-15,2023-05-11,d49617d920d64112a1e81b3682b18fc5,4,1
2023-05-15,2023-05-11,383f381fd1474a39bd916c01d3761d15,4,1
2023-05-15,2023-05-11,a480e086f3c64732b9dee53082a3baa2,4,1
2023-05-15,2023-05-11,c67da5a7fe7b472eaf6bb70ac7bd78e3,4,1
2023-05-15,2023-05-11,13018398b6e0460e9f6279abdb73bac5,4,1
2023-05-15,2023-05-11,c1f18d077ff54221a06ffda95f6992e7,4,1
2023-05-15,2023-05-11,c5c99c22ad884e9fa67e49d1b8258bd2,4,1
2023-05-15,2023-05-11,8823484b2b4b47b1a8737145669bab4f,4,1
2023-05-15,2023-05-11,ac298ba8cb9243ae922b8a2b58887379,4,1
2023-05-15,2023-05-11,3812a723c53d4c5ba416c18bfca1a63a,4,1
2023-05-15,2023-05-11,4a486ec0f3904d8b89e77b4540e7e2eb,4,1
2023-05-15,2023-05-11,94d4fd3d9aac498e9724aa5a9de739eb,4,1
2023-05-15,2023-05-11,06b6ac07a7d547d59484c546d0d150d9,4,1
2023-05-15,2023-05-11,aa5f5e58e653457587ef627ed9310685,4,1
2023-05-15,2023-05-11,f820c5d7b2ff45bea20da76a47569a94,4,1
2023-05-15,2023-05-11,c83ca0c190ac458da0c536723afe9b77,4,1
2023-05-15,2023-05-11,56150e870d354e26b9cd9451bef69ca4,4,1
2023-05-15,2023-05-11,acf58f213e1e4ee58052c0789353ace7,4,1
2023-05-15,2023-05-11,bc2389d449cf4417a29b69c8778ce719,4,1
2023-05-15,2023-05-11,28a12dd8728647a3bb8584e7d6663161,4,1
2023-05-15,2023-05-11,c004297229444f62bfc24d2e4ae7d49a,4,1
2023-05-15,2023-05-11,a4737937b27f4b89a7b843a7c911490f,4,1
2023-05-15,2023-05-11,2d9d83def34c4f25abfd010f04149e2a,4,1
2023-05-15,2023-05-11,14169c5ffdb54e49ac728400b0a5194b,4,1
2023-05-15,2023-05-11,42f528109da04b5faaaab6a23f9a1667,4,1
2023-05-15,2023-05-11,ea2b044542cd41a8806a1863f99342e7,4,1
2023-05-15,2023-05-11,f7db0b7e019b4410a612377d97afb63e,4,1
2023-05-15,2023-05-11,a53c8e9e8843453086f2d068b02f5568,4,1
2023-05-15,2023-05-11,10a3aa3cb77c47d1998ae842cd44d164,4,1
2023-05-15,2023-05-11,e208c6299bc24ae68fcc2b63b7dc2c99,4,1
2023-05-15,2023-05-11,f2f5f3e3fa924f9990843c0917e8bf5e,4,1
2023-05-15,2023-05-11,4508a31f9f4b40cbb4dfc9b339ce1ae0,4,1
2023-05-15,2023-05-10,5d81c4eadd17487796083c0e69f06692,5,1
2023-05-15,2023-05-10,3f0a50a3262b4d8f8fbd5f033fdac6ff,5,1
2023-05-15,2023-05-10,4621a9567cb24fda891048deabc2e99b,5,1
2023-05-15,2023-05-10,95f6583cff7f47de8cd8ec662fe6589f,5,1
2023-05-15,2023-05-10,80d00d06363f4693b0e6fdda653dbc5b,5,1
2023-05-15,2023-05-10,bf231adbdc5748098717a2e1caa8f868,5,1
2023-05-15,2023-05-10,cf331ef4effb4e28bdada46e94778a57,5,1
2023-05-15,2023-05-10,5d6019593b3b4aac91aaad1287627c95,5,1
2023-05-15,2023-05-10,0308466a3b044d6b97e30de089eb6b17,5,1
2023-05-15,2023-05-10,1fbc4aeed1624a288fdacd643c0f74f9,5,1
2023-05-15,2023-05-10,71cfb00a34a34ba3ae10535b71a400ec,5,1
2023-05-15,2023-05-10,526268c1102340f090a136eb0034ff69,5,1
2023-05-15,2023-05-10,a5faae59076742ffb3c7e3a64539c9d8,5,1
2023-05-15,2023-05-10,7e168c3d91334c7fa80443e87d382019,5,1
2023-05-15,2023-05-10,66b6a75440e941298fbc7c98632d5e6f,5,1
2023-05-15,2023-05-10,5c33813b7576417b90ea5ea0471a42cf,5,1
2023-05-15,2023-05-10,9c0cde57bd364169a0c248d62dd66bab,5,1
2023-05-15,2023-05-10,de578d5099734fb0a7ad01caa855ad62,5,1
2023-05-15,2023-05-10,25f25feba73d4554b695205ca5813ecc,5,1
2023-05-15,2023-05-10,6528dc9d82cd4700b8b2bebb06f55669,5,1
2023-05-15,2023-05-10,bd0a3bb10f0344b39840d6228dd8b892,5,1
2023-05-15,2023-05-10,09463ad04a2241c2a98f4f33cf0b5232,5,1
2023-05-15,2023-05-10,d641fd4ec9b54b72b09e54602e7dfce2,5,1
2023-05-15,2023-05-10,888ac289a9d24abc988fe7f9b1352d5d,5,1
2023-05-15,2023-05-10,0f835a51dc534b709739b9b27facb932,5,1
2023-05-15,2023-05-10,82ac8c8c7ff1473080b487ee747873ba,5,1
2023-05-15,2023-05-10,4ace24b5837949f693c70a0a6a8ab114,5,1
2023-05-15,2023-05-10,5227802c69934d779f5d48f15ad34d0c,5,1
2023-05-15,2023-05-10,418f715c7e634a709a67a955d7844f64,5,1
2023-05-15,2023-05-10,1930a957de074fd497ed69326b3a5fce,5,1
2023-05-15,2023-05-10,af553e9f1ed9424da0af74ad75095ad5,5,1
2023-05-15,2023-05-10,c681ecf2b0164d8b8c3e1bc8465beb77,5,1
2023-05-15,2023-05-10,ee25e1d4c5cc4c81a2c02bc6859067ff,5,1
2023-05-15,2023-05-10,811a131789f64671a52ce7e229ad4d5f,5,1
2023-05-15,2023-05-10,7f3b2827d70b47179826f590d5a71977,5,1
2023-05-15,2023-05-10,705cf927561a4d4d958f87b309784803,5,1
2023-05-15,2023-05-10,3b57b0273b6046239cf2765583e7b682,5,1
2023-05-15,2023-05-10,980808c81dcc4a19ba0be404c2a6d32e,5,1
2023-05-15,2023-05-10,f9e27a4f53d04284a314922f968bebfa,5,1
2023-05-15,2023-05-10,c79ad3ac1fbd4cceb3cd2ab22ac28ed9,5,1
2023-05-15,2023-05-10,696c0973d56849b0bd868f0b45d92457,5,1
2023-05-15,2023-05-10,844e053612524c62b8b1fc0ad963d826,5,1
2023-05-15,2023-05-10,5e4143f70ee342b3a36b13fae24b823c,5,1
2023-05-15,2023-05-10,2057787b55a0405e98e8243797c701b8,5,1
2023-05-15,2023-05-10,c62c9e5d51a64ac7820292af384ebf34,5,1
2023-05-15,2023-05-10,fdeea43dafa548bbad60a9aca4e91b33,5,1
2023-05-15,2023-05-10,4578ceef084c4bc8a7593fc837de3dc1,5,1
2023-05-15,2023-05-10,2bd799db8f564fff9a60b68e558d303a,5,1
2023-05-15,2023-05-10,61f00d0a47d14f8592303886a0c3a7ad,5,1
2023-05-15,2023-05-10,eea6ce35117345ee805a4218173a31a1,5,1
2023-05-15,2023-05-10,017fcc1cc87543b4923f2f3b0d76a225,5,1
2023-05-15,2023-05-09,0851964e8d2041b58c43c350a584bf13,6,1
2023-05-15,2023-05-09,e0aa0c01270240f88888df3f9675de9d,6,1
2023-05-15,2023-05-09,0bf34bf624b343e4b82b715e11ca3d42,6,1
2023-05-15,2023-05-09,ea7d99c67885437c93903319c3889b5f,6,1
2023-05-15,2023-05-09,377b25e56f084f2bb14aeb264659806b,6,1
2023-05-15,2023-05-09,7f9e667231bc4e09bb5b2057a01b9c23,6,1
2023-05-15,2023-05-09,b8cc4106e54148ad9682f460daef3208,6,1
2023-05-15,2023-05-09,0c7fd2b934824b80baee7e2874874b47,6,1
2023-05-15,2023-05-09,92b0da29c34c4dfb9d85acbf3d8a8ae8,6,1
2023-05-15,2023-05-09,f411c8d945a4411890f232a4e1ac3902,6,1
2023-05-15,2023-05-09,c0f3afdf7c5f43489dcbfe58066079b9,6,1
2023-05-15,2023-05-09,fe10346c07bb425e80ed608ee9f73157,6,1
2023-05-15,2023-05-09,567dae3edb344774918680adb21f9500,6,1
2023-05-15,2023-05-09,912869a3bdb4436986312a03574b67e1,6,1
2023-05-15,2023-05-09,10f33614ab78401eb1fab317ed11d49f,6,1
2023-05-15,2023-05-09,6efdddfa2c2a44a29953bd2a89ff1d5e,6,1
2023-05-15,2023-05-09,25447f727aff44c7912ba6830a9d598a,6,1
2023-05-15,2023-05-09,fe092014ac9248029b78051ce044c82d,6,1
2023-05-15,2023-05-09,3418590c4ee2487a9338e84ac3feaf77,6,1
2023-05-15,2023-05-09,44e1edc6271c4b98bdfc116c4c77034f,6,1
2023-05-15,2023-05-09,ac21d021ad264d36b8c3f5c5c62d02c0,6,1
2023-05-15,2023-05-09,4b5bc0a7cfac472a865bfd922a6815b8,6,1
2023-05-15,2023-05-09,0a5a611a70a64399a6b487a0e3f1efca,6,1
2023-05-15,2023-05-09,a811ecd515d343098b41588508a81cfd,6,1
2023-05-15,2023-05-09,6ac38c8faa6540f0a2a661a623b28c17,6,1
2023-05-15,2023-05-09,3e38744976c54a18b58754cf5fe774f0,6,1
2023-05-15,2023-05-09,92200198e5af4a84b3919683df0d2a5f,6,1
2023-05-15,2023-05-09,3ba0a7811c944ea6a4599767201afcac,6,1
2023-05-15,2023-05-09,5d05beef15174c6099ec2c484c5bbdfb,6,1
2023-05-15,2023-05-09,664f726580d14b93a8d0737a78d96077,6,1
2023-05-15,2023-05-09,2df71c2bd06d4502bc4d21aa76a40e49,6,1
2023-05-15,2023-05-09,cd4c58fd60fb4d008b6ecf73d29fe018,6,1
2023-05-15,2023-05-09,800c52f36ea34939948b931ce9473b37,6,1
2023-05-15,2023-05-09,6f7d0e966c9e48f28a1e308913fef34e,6,1
2023-05-15,2023-05-09,c4a3b66a0fe543b9adcc3b1a5988feb4,6,1
2023-05-15,2023-05-09,142361840300446e904aed3d0888c9a8,6,1
2023-05-15,2023-05-09,fdb504f1b7ca4c7b914808bee8027ac7,6,1
2023-05-15,2023-05-09,40c12f8d97304fe2958415e8ce680094,6,1
2023-05-15,2023-05-09,73f4f6844c264e18a4ed2c677cc1ff3c,6,1
2023-05-15,2023-05-09,bb8f054bd2944535b1f547d13efdb6f2,6,1
2023-05-15,2023-05-09,85ccf10baa494adaa6ea4802f2dccf4b,6,1
2023-05-15,2023-05-09,bd09e621012e4609a0fbad76d9a9cd1a,6,1
2023-05-15,2023-05-09,d42102bca4ce4fe5a9137c0974390973,6,1
2023-05-15,2023-05-09,830b6df6165744e5936a4146c0c13e47,6,1
2023-05-15,2023-05-09,941974ba7dcc4966b6634b495f3b39c7,6,1
2023-05-15,2023-05-09,0bed1fa905a746d6aa740eac97828ab2,6,1
2023-05-15,2023-05-09,52b3e1367f19472ab94d513a86ca4e00,6,1
2023-05-15,2023-05-09,1a4c9a5e66494eddb3952f223deb2235,6,1
2023-05-15,2023-05-09,265e2e83329e41298cdd227bd93747c9,6,1
2023-05-15,2023-05-09,e1cfeafc85b24a66a9d4ce3007f12abd,6,1
2023-05-15,2023-05-09,30f96c4d3bc542e9844bb9e5984e3170,6,1
2023-05-15,2023-05-09,d047fee0f11341a1b19ee9406479d440,6,1
2023-05-15,2023-05-09,ad83885007804e288b0a19d35287aeb6,6,1
2023-05-15,2023-05-09,f4bdaf0dbece433ea56b4ca5e360aa23,6,1
2023-05-15,2023-05-09,ef8986983cf741cda641d9a58ba5e708,6,1
2023-05-15,2023-05-09,179b4e874cdd4de195be671864ff851a,6,1
2023-05-15,2023-05-09,e0da8418df684ab9affba31f7b079b87,6,1
2023-05-15,2023-05-09,08788168b168416cbdacd86feca11971,6,1
2023-05-15,2023-05-09,99e3d2ee07c24402bd55e9971f49f48b,6,1
2023-05-15,2023-05-09,3ef0951a094e423caa23f44adf5776fe,6,1
2023-05-15,2023-05-09,dcb1af0ab039427296affba5b5179af1,6,1
2023-05-15,2023-05-09,f35fe50fc0434da08622e9b950fa834d,6,1
2023-05-15,2023-05-08,d6bd65aafed8434f92177d35dcd901a2,7,1
2023-05-15,2023-05-08,9622dbf00a2d402db867099ad8859256,7,1
2023-05-15,2023-05-08,a546d33afe0d4327aad2cd8388d5ea80,7,1
2023-05-15,2023-05-08,e06e1e7c95c74bcd9550abbcd31b695c,7,1
2023-05-15,2023-05-08,85f6de0e202f4f50a52e1b531bf325e8,7,1
2023-05-15,2023-05-08,4f177b0fc00740be85baaa3eb87473fa,7,1
2023-05-15,2023-05-08,696c98a5efd34ef5a6edf84052287bc8,7,1
2023-05-15,2023-05-08,12c200f8d1084c2bbba53bad24ffb573,7,1
2023-05-15,2023-05-08,1cbfccfea0d44940bec1abd62898a187,7,1
2023-05-15,2023-05-08,b782217e126c42fb9e9264ad6f7fa183,7,1
2023-05-15,2023-05-08,800312726e604541843163b603e49f20,7,1
2023-05-15,2023-05-08,bfd0211955664a74ae10125704a6710f,7,1
2023-05-15,2023-05-08,3e60a20d0f9e457e99afae933722f9ab,7,1
2023-05-15,2023-05-08,2cee5f3ade31405a93732a9348f5869f,7,1
2023-05-15,2023-05-08,2bd69805ce684360ae9c2402d37c2dd1,7,1
2023-05-15,2023-05-08,9c8fc6043c834d01ac77314429832a4d,7,1
2023-05-15,2023-05-08,4ed6d2ebb36a4693ad5d28f664c44ece,7,1
2023-05-15,2023-05-08,30628aad040747fc97bc71eda161f6cc,7,1
2023-05-15,2023-05-08,186ff82aeecd487fa0f5b23baa575703,7,1
2023-05-15,2023-05-08,e8bce4ddcc26468082d2a21b09a4eddb,7,1
2023-05-15,2023-05-08,d54d806788964a04b68a815890546237,7,1
2023-05-15,2023-05-08,72a716c251e2430c81a81b51c11ed873,7,1
2023-05-15,2023-05-08,8ac17faf1c5f4370ad1466bdc9aeb4c5,7,1
2023-05-15,2023-05-08,cb1df622685c4d479af738761be483f5,7,1
2023-05-15,2023-05-08,091378238dd744a2998efaf6a34724cc,7,1
2023-05-15,2023-05-08,6c90acaae33948bf8a0a6bfda9309699,7,1
2023-05-15,2023-05-08,ae32ab8f41014e78a05a4c0086befdd6,7,1
2023-05-15,2023-05-08,b2203640fcb24207ae4f1d630d02b83a,7,1
2023-05-15,2023-05-08,089c64e45ca44df78bf8e5030efdf1e9,7,1
2023-05-15,2023-05-08,dfed5cfdc3864c9b8e0e63d9b5f6fe2e,7,1
2023-05-15,2023-05-08,50cf12fff98749ea95d0e3a76738d094,7,1
2023-05-15,2023-05-08,29abefd193c24ca6a468732ced5acf28,7,1
2023-05-15,2023-05-08,50e6c14fdf0e42d28acff6996f217c50,7,1
2023-05-15,2023-05-08,6f1a9715636042f1a35836d2dfcbb1c9,7,1
2023-05-15,2023-05-08,71ad31c392384083ad7242dfd20217e1,7,1
2023-05-15,2023-05-08,6f18f29e112448718ee0bb7626da7435,7,1
2023-05-15,2023-05-08,e945290904f741508554d2b12a9ae40e,7,1
2023-05-15,2023-05-08,c0518d29317c46e1bc66e7d79d96e451,7,1
2023-05-15,2023-05-08,48d3514728154e9e8f72735d361f06b4,7,1
2023-05-15,2023-05-08,00e96fd8c20f468eb8bb2ca7d90e674c,7,1
2023-05-15,2023-05-08,b9e699a99a2c4ba682da17e13f87ae18,7,1
2023-05-15,2023-05-08,bf253cd61eb34a738da82a0256a7f78d,7,1
2023-05-15,2023-05-08,b71100b7b51b4f0d96547b52205ae286,7,1
2023-05-15,2023-05-08,3268f3b3c5214529be7de760006c19c4,7,1
2023-05-15,2023-05-08,40ad18d1e7684e9a8d805fe20088ee21,7,1
2023-05-15,2023-05-08,179323f2f19a465384283201ce6dc8af,7,1
2023-05-15,2023-05-08,bd2dc2c124ec4921a4e0933352769675,7,1
2023-05-15,2023-05-08,93c8a971914a4fec9a0e3ad8fce26374,7,1
2023-05-15,2023-05-08,e91b7fdccdaa45ff97584f1419d169c7,7,1
2023-05-15,2023-05-08,b22ba49e4f4b46c2b26bb2b68f53f34e,7,1
2023-05-15,2023-05-08,2e5eb08b001c43d5802896550505578a,7,1
2023-05-15,2023-05-08,1f1727513e0241c3b4ead3f19cba104e,7,1
2023-05-15,2023-05-08,8a05d730e9c9487aaf5273eb9119d4ec,7,1
2023-05-15,2023-05-07,9849ee94bced4037b1ec72ec811695ce,8,1
2023-05-15,2023-05-07,bc38d9c198984b3cb23251af3f987bde,8,1
2023-05-15,2023-05-07,02321329a1b743bd8d063e9af51d3ddc,8,1
2023-05-15,2023-05-07,d1f3a4445de5457795b80dc84a2f22b2,8,1
2023-05-15,2023-05-07,f1f35761f02942169f9bad0a19b9e790,8,1
2023-05-15,2023-05-07,c8a75b6e13514553ba6924c2693f3142,8,1
2023-05-15,2023-05-07,7b416d1fa89749dfa7ae50a3362c7e4c,8,1
2023-05-15,2023-05-07,bc4dc11d851b4ccebeeccce91be4a4c9,8,1
2023-05-15,2023-05-07,b587c5dac3254f3186a68ecd4ba40472,8,1
2023-05-15,2023-05-07,3debbfa1e52b4adc8e199d3249a2a450,8,1
2023-05-15,2023-05-07,353b56889fbd4a60b06a61e524be66da,8,1
2023-05-15,2023-05-07,dbfcb064d08943d79325b6c6ec2b0231,8,1
2023-05-15,2023-05-07,6ad37a64ffe048a7b85cc43aefd2ffa1,8,1
2023-05-15,2023-05-07,41a1801cbab94308a12da83da5dd37c3,8,1
2023-05-15,2023-05-07,4d23b7fd6c484cc8ad6b928b93c07c88,8,1
2023-05-15,2023-05-07,044e25e83eba4d5ebc178d4a99aa68c4,8,1
2023-05-15,2023-05-07,97ce4b54c33d44b7b21bef55cbd706ed,8,1
2023-05-15,2023-05-07,5e5acd4e598f4dfb84b665f31730616e,8,1
2023-05-15,2023-05-07,8749747c3d4949909cbe03a6f21e2677,8,1
2023-05-15,2023-05-07,15d90fdcd1bd4b0b92779a944ee7d8ed,8,1
2023-05-15,2023-05-07,551144f4b8834a7fbd005542f37f50e9,8,1
2023-05-15,2023-05-07,b88202dd0661489dbfdb9fc6222285bf,8,1
2023-05-15,2023-05-07,713bbdbc1a604099bfacadab52bd4783,8,1
2023-05-15,2023-05-07,91a0d10dc38d4c07ba4b7b7609542133,8,1
2023-05-15,2023-05-07,a5c5543e4b034a15ba76584728ae397e,8,1
2023-05-15,2023-05-07,cb5c083813e342df9e2e8ddb06bb230f,8,1
2023-05-15,2023-05-07,1d60698faa9e4ebf83db7e31400de5c2,8,1
2023-05-15,2023-05-07,2616f008ee634ccd89673abadee4f066,8,1
2023-05-15,2023-05-07,94d35192caa34d11b211726f7232d280,8,1
2023-05-15,2023-05-07,dfcca6f302e84d4a8185f9e5a7d6a4f6,8,1
2023-05-15,2023-05-07,39fb691478024b8d9d93ecd26260232f,8,1
2023-05-15,2023-05-07,fbf6c03aff0d440e8a6a6c2a86bf62c9,8,1
2023-05-15,2023-05-07,357d16d4b122405d9e0e5d78cfdc866c,8,1
2023-05-15,2023-05-07,ee7f12876bc2407181d3411d6ee3cd50,8,1
2023-05-15,2023-05-07,5c53f3f333754249a8e865b677bd58ce,8,1
2023-05-15,2023-05-07,6c25503abd394343a48b5c8094b54652,8,1
2023-05-15,2023-05-07,2a88669b0e404a67b85f1af13aa0aab8,8,1
2023-05-15,2023-05-07,7f483aee117e4151a2b8eb48023753d2,8,1
2023-05-15,2023-05-07,925f4214ec034139b5113a2f8c01cd8b,8,1
2023-05-15,2023-05-07,a2d43ae2a84f4d74943ac9eeaded2c3b,8,1
2023-05-15,2023-05-07,375e5889019d439c9c4bd62ecaebeb3f,8,1
2023-05-15,2023-05-07,5906aff40b9f4e899a7b44c3358a43a7,8,1
2023-05-15,2023-05-07,ae49fba39c524dbe9ae7c56dd2c68ae0,8,1
2023-05-15,2023-05-07,6dc4a13669744e0d83f38765c3fa204d,8,1
2023-05-15,2023-05-07,7a1badd35bb249f79c351f2c2ded682b,8,1
2023-05-15,2023-05-07,e214007404ba4f409392ccccff0bcc01,8,1
2023-05-15,2023-05-07,23c9859a1ad042ae80a31efa57e60d79,8,1
2023-05-15,2023-05-07,2c9c4efe2f2148aba824960989eaa22b,8,1
2023-05-15,2023-05-07,1c6412c524da4297a1638c0a7c62ab3b,8,1
2023-05-15,2023-05-07,0a0609a6b1224b3ba712415d90c61a16,8,1
2023-05-15,2023-05-07,411123f6d7f049cc9820de953cccaf09,8,1
2023-05-15,2023-05-07,9aa9053721dd44a28b60dc9d5a6c2ba1,8,1
2023-05-15,2023-05-07,cc1c33a174194c5db5e0b75fb62447ac,8,1
2023-05-15,2023-05-07,4fde33f968534920b5f26a8c3c351b70,8,1
2023-05-15,2023-05-07,429aad4cbc1f45688253c9e10a65d418,8,1
2023-05-15,2023-05-07,7822020cc32c4c0a9b4c8258a5580f9c,8,1
2023-05-15,2023-05-07,7d0a53a6df6849bd9702f2fa83e43507,8,1
2023-05-15,2023-05-07,b3025ea4a29f4cde80d941fa5fc25fb6,8,1
2023-05-15,2023-05-07,5912fcf6e89149d6bb86e113acc90862,8,1
2023-05-15,2023-05-07,5a86d7053cb647edb0fb80404989f99f,8,1
2023-05-15,2023-05-07,ed4857386a3146eb80c36e79953046ea,8,1
2023-05-15,2023-05-07,9bcd3f8cdf5f4943b7166d7df2a45951,8,1
2023-05-15,2023-05-07,293c0b47431a4e958d318a0f073a2c38,8,1
2023-05-15,2023-05-07,4e32eff25cd840a4bb9c24b5876b18c0,8,1
2023-05-15,2023-05-07,fae2dc91010a49778829f59a5e345033,8,1
2023-05-15,2023-05-07,ee120322d5eb49c1844685204eed1bae,8,1
2023-05-15,2023-05-07,c3c1bbc594244882bce0aa4c4684bc32,8,1
2023-05-15,2023-05-06,5c08651a43dd493a99839b779fea3495,9,1
2023-05-15,2023-05-06,5014afa2d1214a1095109371facdc491,9,1
2023-05-15,2023-05-06,8ebdf25cf4654211aed07eb59bb7af08,9,1
2023-05-15,2023-05-06,2dd5d165580b476e89a356997a2177a6,9,1
2023-05-15,2023-05-06,776ef77c39aa42b09d694835711b9a16,9,1
2023-05-15,2023-05-06,0dd5b958a48b4a508700702322269515,9,1
2023-05-15,2023-05-06,a83fe923e8834971acdc1bba2a3024f0,9,1
2023-05-15,2023-05-06,7eb2fee3680247ba9fb9dbb79c17aeb3,9,1
2023-05-15,2023-05-06,94a481309924448da2f653cfe4e8d0bc,9,1
2023-05-15,2023-05-06,370222fdd8d148adac7f56c35ffbc792,9,1
2023-05-15,2023-05-06,a71f96f9999a463d9287fe8beb0c327d,9,1
2023-05-15,2023-05-06,df67cea8a4674846afc608a22f6e087d,9,1
2023-05-15,2023-05-06,ed6c14901ed44420806c6e0199f7bffd,9,1
2023-05-15,2023-05-06,ef341b428a9e4809a57b4d03e4c20da7,9,1
2023-05-15,2023-05-06,8b9947117c6746d98ca291c2836ea63f,9,1
2023-05-15,2023-05-06,a92ca361ff3143b69c197643321e8bf2,9,1
2023-05-15,2023-05-06,05c99f7d95ea4de4b3bb5e7c3fdb1208,9,1
2023-05-15,2023-05-06,2ba2eacac9bd40b080091a608eff7da4,9,1
2023-05-15,2023-05-06,a3bda0ac8824478a90ccbd8880f4ee4c,9,1
2023-05-15,2023-05-06,441e8c6d86c14044b3e26d44d199e9bf,9,1
2023-05-15,2023-05-06,63b305811e4047ae8bf3717d0838469b,9,1
2023-05-15,2023-05-06,168714020b2045fe96da1cfa061d3f0a,9,1
2023-05-15,2023-05-06,6b70dfbdd03d46159a1f2f4797ffc0f1,9,1
2023-05-15,2023-05-06,1949eb8987d345abb6aabf63d4c1b820,9,1
2023-05-15,2023-05-06,68fa331a86ba4045b13142c90dc461b5,9,1
2023-05-15,2023-05-06,f53bacf783394ded96f1c8c2c851569c,9,1
2023-05-15,2023-05-06,1cf65c400a834c2c9e357a8475eb4f07,9,1
2023-05-15,2023-05-06,da653e2341cf48d9a368b2b9db0df09d,9,1
2023-05-15,2023-05-06,433769718a184d01aa906bbe45aa5000,9,1
2023-05-15,2023-05-06,cd0e23115707429eb28583adabe287ca,9,1
2023-05-15,2023-05-06,73eb1b1dca6c4344bd748c4649123a55,9,1
2023-05-15,2023-05-06,47e9ec883d7341d3a6e3843f6d36a62b,9,1
2023-05-15,2023-05-06,31fe09d38e5b473e96453e0368dccdf0,9,1
2023-05-15,2023-05-06,4ae47c6bf2ab4437a304f70735912c07,9,1
2023-05-15,2023-05-06,daf24bd37bee4a589b4e79b4d5dcc1ce,9,1
2023-05-15,2023-05-06,68ce04eefe7a411ba32c3c21bb4d5b00,9,1
2023-05-15,2023-05-06,96a9ffcbb70e473e989ee03e47fd7c41,9,1
2023-05-15,2023-05-06,35ba12a40ac043da965395e878d9d7d5,9,1
2023-05-15,2023-05-06,974341d3a2974d38aa0db03dc4ed44c8,9,1
2023-05-15,2023-05-06,bcca7f3b8d374b5a9f69e3e54356a6a0,9,1
2023-05-15,2023-05-06,6d38c20245a4445ea6471842467a11f0,9,1
2023-05-15,2023-05-06,b584411a230640dfaae955c1f4cc0098,9,1
2023-05-15,2023-05-06,c810ea6745d144528fda732e713ef201,9,1
2023-05-15,2023-05-06,25b410e05dad459c87d29563954f10f3,9,1
2023-05-15,2023-05-06,8f5558b8eccf490dbaf6e1c57691e641,9,1
2023-05-15,2023-05-06,209d1c417aaf436e935bfda22610a183,9,1
2023-05-15,2023-05-06,8ae85e95bab34202bf6672ceaac76141,9,1
2023-05-15,2023-05-06,4517d8bf882c44a1bf87bbe16d3ffb70,9,1
2023-05-15,2023-05-06,4bea32a0c5c34d7a929689d28bbd174b,9,1
2023-05-15,2023-05-06,1fa0be9f5151490eaf2bf814fa9839ed,9,1
2023-05-15,2023-05-06,9af320665d084cd3ac42a6ff74a065ee,9,1
2023-05-15,2023-05-06,6eb6941a960d4e9d9b7da74383383075,9,1
2023-05-15,2023-05-06,3151c107af0f44ec8bf7a2eb00c65dc6,9,1
2023-05-15,2023-05-06,15a07e1d5083461fb0c04013290da11b,9,1
2023-05-15,2023-05-06,31f42efd3a2e4009af525d4b0dc22d34,9,1
2023-05-15,2023-05-05,5453a30c374049929a2a541aca22efff,10,1
2023-05-15,2023-05-05,29f617a0c9984f9d879b4df1717b41c9,10,1
2023-05-15,2023-05-05,d6588b9000984c8395d7cb4c64a2620f,10,1
2023-05-15,2023-05-05,5c26ade0db694de9ab69b4988fc42c26,10,1
2023-05-15,2023-05-05,bfdf4daba59e45daad770e18e90245a3,10,1
2023-05-15,2023-05-05,1ebaa68ad72147e7821205e7ca1328af,10,1
2023-05-15,2023-05-05,6dae150bf5264306b3a746679f89b9aa,10,1
2023-05-15,2023-05-05,6e8d7aab1cd34b17849dd1405b470b03,10,1
2023-05-15,2023-05-05,a34fe68b1e454bb49cf246cd86bdb132,10,1
2023-05-15,2023-05-05,aa8d36b95ceb468cb6bd6e629026d94e,10,1
2023-05-15,2023-05-05,dcc00966228545dfb6cb59df0e77c3ff,10,1
2023-05-15,2023-05-05,2b84e42e58964a73b5e9c8ec272f4953,10,1
2023-05-15,2023-05-05,172c733f3bad4ba3a6afa1da8269452b,10,1
2023-05-15,2023-05-05,88178b4f72f24bdfa1d42d3f3b289d9a,10,1
2023-05-15,2023-05-05,1a8b84c059a8472cab9f93e9260671ac,10,1
2023-05-15,2023-05-05,07ca828ab447483d90a16251129edf4d,10,1
2023-05-15,2023-05-05,1e5d81dbc8d544c3af764cfab49d287d,10,1
2023-05-15,2023-05-05,ccaef1f5464549b4b5df8fb82fbac7d5,10,1
2023-05-15,2023-05-05,ffeb8aa15bad440eadafc09aaeb96631,10,1
2023-05-15,2023-05-05,969fe5dbdb234ce483ea45f37367c1be,10,1
2023-05-15,2023-05-05,0dfa4a73674e4b869a6534a570b15847,10,1
2023-05-15,2023-05-05,ac70059211c84176926718da2fb2c83f,10,1
2023-05-15,2023-05-05,b751aaa578bb4a72baa78477bf6d25dc,10,1
2023-05-15,2023-05-05,c4c05f198afc41b784698d36e719dc03,10,1
2023-05-15,2023-05-05,bba7c75c575c495eb38dfd99c28b5127,10,1
2023-05-15,2023-05-05,da255e42d40e4f88ab345a406b349d87,10,1
2023-05-15,2023-05-05,f49014fbaa8547babc3a9dfa4c5fcd4a,10,1
2023-05-15,2023-05-05,a551297449c54979bbd8f8e507a6eaf2,10,1
2023-05-15,2023-05-05,072c1dce24b34c86ab736451907bf23a,10,1
2023-05-15,2023-05-05,0a3f36755ca44b7eaf635d10254cc3ed,10,1
2023-05-15,2023-05-05,5fb396b0617e487e8073398d2b7d5b3e,10,1
2023-05-15,2023-05-05,97ebbfec10b943a8b372a87ab26893ea,10,1
2023-05-15,2023-05-05,0d4348a7de65418781857f6474e18410,10,1
2023-05-15,2023-05-05,bb7cdc0045464b4caa6fb79cf7531343,10,1
2023-05-15,2023-05-05,259ffc741c3b4e0090bf6b3edb565ca9,10,1
2023-05-15,2023-05-05,7900302dfd5d4e23ba2c0ddb1a14b1bf,10,1
2023-05-15,2023-05-05,6ea2c3a582684e98b9d49d0abb44767e,10,1
2023-05-15,2023-05-05,e2f00c74fa3c4690b445181c7b4c4db7,10,1
2023-05-15,2023-05-05,cc51e281496b45f980622abef954ffae,10,1
2023-05-15,2023-05-05,eca1d31e93414b37883d89e3f2ad8947,10,1
2023-05-15,2023-05-05,a0c262f12db64c5f969d54f282a076ad,10,1
2023-05-15,2023-05-05,6f643910a1214de7b04238ab23348061,10,1
2023-05-15,2023-05-05,311bca30c53e46508661a5c71b6b1f5a,10,1
2023-05-15,2023-05-05,0bc38f0148944db380a2ecfd787458ac,10,1
2023-05-15,2023-05-05,2e256135ab604cfaa977a872e28fb476,10,1
2023-05-15,2023-05-05,7f2dbadcdf934fb59655070264a7c18b,10,1
2023-05-15,2023-05-05,bb373feb4745419f8ae0974f8e2baa7a,10,1
2023-05-15,2023-05-05,fa943423d32541b2b0aa34ada4875175,10,1
2023-05-15,2023-05-05,c4d166a1bf8d4aceb269f767b3e62d09,10,1
2023-05-15,2023-05-05,2379b580ac074bca9ad310d003cd11a3,10,1
2023-05-15,2023-05-05,cdc33ec6530e4996b801127ba02ac361,10,1
2023-05-15,2023-05-05,17181136d798436da9307be8892c1b54,10,1
2023-05-15,2023-05-05,ee4529a21cd04a519624875cc3ed41b1,10,1
2023-05-15,2023-05-05,29cc818c04604f038a94b571ca4e684a,10,1
2023-05-15,2023-05-05,ba08733ff737479bb5a929ba5f7ef39f,10,1
2023-05-15,2023-05-05,8457f18a80694a97807e7c94852c2a4c,10,1
2023-05-15,2023-05-05,2825ef7a83ce4029b252cfb6c0fa9c0d,10,1
2023-05-15,2023-05-05,b44702a1f1c04d51a63039c17aa1b8bc,10,1
2023-05-15,2023-05-05,5b5922e1714f45bcbfd8edcf1d76d083,10,1
2023-05-15,2023-05-05,9b7b51b08ee04a9b9fe92d0fed247f2a,10,1
2023-05-15,2023-05-05,1b8ec39bfebf49b4b395f34b85ca105e,10,1
2023-05-15,2023-05-05,ae535c6ee6984aa2abfb1f9d7c04b192,10,1
2023-05-15,2023-05-05,0ae85fb6ad2943e6bebb45247b066546,10,1
2023-05-15,2023-05-05,27e5dd080a104c48aa45334ad1912afb,10,1
2023-05-15,2023-05-05,4477152330054465b7d2fbdec1d660b5,10,1
2023-05-15,2023-05-05,369536e8540b43c9a53f18fba1efc250,10,1
2023-05-15,2023-05-05,9a2a97c18a33482fb578e6be3ca0d8b7,10,1
2023-05-15,2023-05-05,9b10f34567564a12983dc74bb149dca6,10,1
2023-05-15,2023-05-05,81273ca6340b417b8d3c44d022de973d,10,1
2023-05-15,2023-05-05,14594886f426489bbbb98b6cc014f9d3,10,1
2023-05-15,2023-05-05,c6bc5eacaaa1456c83de5389beec701a,10,1
2023-05-15,2023-05-05,765269cd210149ddb9b043a37edeed35,10,1
2023-05-15,2023-05-05,4792706666ef4599826e20be01f10cbd,10,1
2023-05-15,2023-05-05,533b8bf8b90f422b9a587b05298f1e13,10,1
2023-05-15,2023-05-05,880c5cd966ac4cc39aac246c586ed431,10,1
2023-05-15,2023-05-05,92e1a07087364f59b037d62e20c1d421,10,1
2023-05-15,2023-05-05,f193f147f88a42fa97918b91623dca72,10,1
2023-05-15,2023-05-05,ba97e9bb424448e6b2322ca522cb15a0,10,1
2023-05-15,2023-05-05,c8d71a16064045f3ba106be0bb9efb94,10,1
2023-05-15,2023-05-05,e14fa2bd0ab44642a9ae1e263a426c41,10,1
2023-05-15,2023-05-05,e5dfc4e4d4a7427eab1f99f376701a7f,10,1
2023-05-15,2023-05-05,f7d7be9394c44105ae315042db7f0d3f,10,1
2023-05-15,2023-05-05,137dd4fe9a1c474bbc82304cbf8d1f85,10,1
2023-05-15,2023-05-04,0158c60f9f3543a5be22a1692e0cbf95,11,1
2023-05-15,2023-05-04,f3e0ce5f1dfc4304920cadcd64809786,11,1
2023-05-15,2023-05-04,50d3353b5f7c4f4ba283e0f3d97c45f6,11,1
2023-05-15,2023-05-04,1e864a5751b04ead973e669961062508,11,1
2023-05-15,2023-05-04,6aea6b4a76e24d2f8041f33ec2e60a26,11,1
2023-05-15,2023-05-04,d987b0b3dc88427695255bbc04d18518,11,1
2023-05-15,2023-05-04,959f20942d9440efa25da0fe69a44457,11,1
2023-05-15,2023-05-04,c1d00d9cdbfa40a5b65751e4f14886ab,11,1
2023-05-15,2023-05-04,56e68d2fd8aa4fc38bae5c1c46e5c5b9,11,1
2023-05-15,2023-05-04,d7006278247f4d1bb53785cb184f6a7e,11,1
2023-05-15,2023-05-04,12cdd8112fee4f089b3140beb7227f22,11,1
2023-05-15,2023-05-04,23c287dcff1e48edbf89a4abe6d1091d,11,1
2023-05-15,2023-05-04,c71cb700ed284b999614ee0b5128447c,11,1
2023-05-15,2023-05-04,706791c56c4043a09d885587b338f0d8,11,1
2023-05-15,2023-05-04,4f9ef6024f4743048ac9b8587f60f41e,11,1
2023-05-15,2023-05-04,3161d352466f4185b510259cda0bec89,11,1
2023-05-15,2023-05-04,9474a89fff594fd8baafa46afebbb35e,11,1
2023-05-15,2023-05-04,94d0abad803048db8db5afbb66e16be2,11,1
2023-05-15,2023-05-04,f336e07c23404dad90a0f21e0bd2a593,11,1
2023-05-15,2023-05-04,47d07cbb96374592b2c144c699234a7b,11,1
2023-05-15,2023-05-04,8a01bfa170b9429eae30dfdeb1a17100,11,1
2023-05-15,2023-05-04,ec7e61b3c2744535b4edb56524fab2cb,11,1
2023-05-15,2023-05-04,17c6da448ae249779a7adf3351166470,11,1
2023-05-15,2023-05-04,3e9f93203f5b4e4ab28e0a26f6b48178,11,1
2023-05-15,2023-05-04,07ee626a4df848b093654f786289eaf5,11,1
2023-05-15,2023-05-04,90325fa21eb34296afa9dccd73a9d75d,11,1
2023-05-15,2023-05-04,d9660a4057ab433d98adc62db57c0f16,11,1
2023-05-15,2023-05-04,70b5453cf29640ca8a81a0c347ced53a,11,1
2023-05-15,2023-05-04,be2586d5911b455a8058fe116aeddce9,11,1
2023-05-15,2023-05-04,f4d63f00bfb64a8daf8925c444ff0093,11,1
2023-05-15,2023-05-04,27716d25228a4b8faccd90742da963ba,11,1
2023-05-15,2023-05-04,5c8beaa8dd784365b50b509915142bf4,11,1
2023-05-15,2023-05-04,0184d08d9e274c53902c1afc85797165,11,1
2023-05-15,2023-05-04,d73164d8bce34dc4a94fbdb706333285,11,1
2023-05-15,2023-05-04,e8d783aa546d4f4b94f3eda4f350a4e6,11,1
2023-05-15,2023-05-04,7402ae7760f14669ac3d057a6e1c1a4d,11,1
2023-05-15,2023-05-04,212345d563b54d9388b492c9360cb055,11,1
2023-05-15,2023-05-04,b1bd85b42b6847da9d20f4a01c37f2cf,11,1
2023-05-15,2023-05-04,935159863afd404082b8937a63df4c31,11,1
2023-05-15,2023-05-04,1e9c838b42f140e7a1c47d0a235b3e6b,11,1
2023-05-15,2023-05-04,b7437e8da35343d3bc63e8d39b56b53b,11,1
2023-05-15,2023-05-04,8f1d60b7af004292ab7167e7007a4ff5,11,1
2023-05-15,2023-05-04,1ba1b9b275214b63be4bcfdbbb63ef6b,11,1
2023-05-15,2023-05-04,f6bc006f735749858cb6997da1f30d7d,11,1
2023-05-15,2023-05-04,cacf6d20b1594aa58f46281308843b1f,11,1
2023-05-15,2023-05-04,3c62df8381b0464488f06da63b7a8583,11,1
2023-05-15,2023-05-04,6e2e7df2548c4bb0913965aba3eff737,11,1
2023-05-15,2023-05-04,210ea34e0f5349c18ca9425119773f7b,11,1
2023-05-15,2023-05-04,1227873dd9b647eda7f7dc90834c1c11,11,1
2023-05-15,2023-05-04,1c51d4ae4cbe4bddacf629283a8e3c1c,11,1
2023-05-15,2023-05-04,0114e855c76d40bdbabe6a783b82adc8,11,1
2023-05-15,2023-05-04,3997e57ff7cc488bbd5c8b4233791def,11,1
2023-05-15,2023-05-04,d8322212bf7e4ed6b8abcdd2782a0afe,11,1
2023-05-15,2023-05-04,644b83ec433c46749efc4838f2a398f2,11,1
2023-05-15,2023-05-03,5d40ca0821b248cf8c1b675bff4e7c94,12,1
2023-05-15,2023-05-03,1c4adf984c6c45b09a43c3ffce585d0a,12,1
2023-05-15,2023-05-03,52e274b4de724d11a0751ae2f86e1374,12,1
2023-05-15,2023-05-03,98d1b342936b43999fb277c501295475,12,1
2023-05-15,2023-05-03,0da30fb4f2cc48af9e5663dea0454338,12,1
2023-05-15,2023-05-03,b1baec810d4c42d98e158b61d175f79b,12,1
2023-05-15,2023-05-03,c18e7fd69c8246d1b5aad2a54c2e3005,12,1
2023-05-15,2023-05-03,3e24ecd86f68447db098f1662f0e2b55,12,1
2023-05-15,2023-05-03,5cdca2b610ca462aaac14f508ae4afd2,12,1
2023-05-15,2023-05-03,7d53d7efbd5d499e8344d3a6f88e73b7,12,1
2023-05-15,2023-05-03,f8d211bfbb53483c9b816f22da2965c0,12,1
2023-05-15,2023-05-03,817301a845ba495fa93009938b6d120c,12,1
2023-05-15,2023-05-03,55e9a8bb694a431f8f7a451ee7b77f9d,12,1
2023-05-15,2023-05-03,351bd58ee1594e91a731d8919b37c975,12,1
2023-05-15,2023-05-03,78fddfe2f5984e50b4939a270a0a76e0,12,1
2023-05-15,2023-05-03,58e5ba1d0cef43dfbff1123fd67db653,12,1
2023-05-15,2023-05-03,93a58b1e23684ec5a10c3a44d8a10b11,12,1
2023-05-15,2023-05-03,b6f9f38a4a4643d1a37779697b9e08cf,12,1
2023-05-15,2023-05-03,943631b9b62f445eab3b8e91fcecae60,12,1
2023-05-15,2023-05-03,1e80231f3ecc44f98f5b7d8e71ebff23,12,1
2023-05-15,2023-05-03,54d363666d2a4701b540416cb1221214,12,1
2023-05-15,2023-05-03,211bd1945ceb4554bb69e654d1688b20,12,1
2023-05-15,2023-05-03,603de62b35194b7b86790b2e25ad8cab,12,1
2023-05-15,2023-05-03,489a6bf10f5f437d8f0d76938524fdc4,12,1
2023-05-15,2023-05-03,34e9b196f78844248b7602d29eba0d5c,12,1
2023-05-15,2023-05-03,10e3e52875f643c0a32292f9afa5a5aa,12,1
2023-05-15,2023-05-03,455e42ef46a94d3f86f752439f08f365,12,1
2023-05-15,2023-05-03,744ab33ab906497cb6d6f710367a94a5,12,1
2023-05-15,2023-05-03,48973ae3c31e4eacb6c8b57728c38fb9,12,1
2023-05-15,2023-05-03,67df72a27c1b4b7b9876344e4dfdf41d,12,1
2023-05-15,2023-05-03,e1ab6ba30e4142c0a1524e84b8c5fcad,12,1
2023-05-15,2023-05-03,8c540fba0bd54ea5b4a5917e3311614f,12,1
2023-05-15,2023-05-03,a4b8dcd91a9545b0981532c45d1bdcc9,12,1
2023-05-15,2023-05-03,a71dc71bed964462ad40ab1e64509475,12,1
2023-05-15,2023-05-03,ce74cc1257b14cecb439a2bff9298a21,12,1
2023-05-15,2023-05-03,a1817fad80ea4370918f80a188ea3eec,12,1
2023-05-15,2023-05-03,db4e4c480fed4aef87b4bf4314d34a28,12,1
2023-05-15,2023-05-03,4b46f9916a5a40bc805c0db981a17abc,12,1
2023-05-15,2023-05-03,12a8c80f45af4f84b9599d0f4b3e14ac,12,1
2023-05-15,2023-05-02,f6e3d996f7074ed78f6ae95c2ed91afb,13,1
2023-05-15,2023-05-02,6d13b35d0cbb497cb9ddd8f28f0ff4a2,13,1
2023-05-15,2023-05-02,5f16c33a8c714bce900790ff254a3071,13,1
2023-05-15,2023-05-02,866150bfaa9f4c7e9eb3d41d14a0cfb9,13,1
2023-05-15,2023-05-02,d82d1dddbb7341a18ca727b775f46795,13,1
2023-05-15,2023-05-02,0cc4a2ea8c454dc288d1ff372edd1454,13,1
2023-05-15,2023-05-02,04d0f23952fb4a4ba4a79ecd5cc028c8,13,1
2023-05-15,2023-05-02,89379d81cfa74051bf916cc9c837b501,13,1
2023-05-15,2023-05-02,7ef8f868507e4ce9bf00c58a8de38b93,13,1
2023-05-15,2023-05-02,f0924d12fcfe4a3ba67d18b3f0e44641,13,1
2023-05-15,2023-05-02,36844d21b93840529e4372e3a4b98b39,13,1
2023-05-15,2023-05-02,7df62de237114aebacb0cd2b53b7d29c,13,1
2023-05-15,2023-05-02,6dc24556b3db4e11bc3bfff1fa177a58,13,1
2023-05-15,2023-05-02,0b96f3b63a484a149d2df4fa9b5f0775,13,1
2023-05-15,2023-05-02,741f4bf500b44b0abc436373140dad86,13,1
2023-05-15,2023-05-02,346eb46ec9234cae8a177b61994d7ac5,13,1
2023-05-15,2023-05-02,a3e1c9988e5f4af7b1024b211924a647,13,1
2023-05-15,2023-05-02,3fbb89dedd4342808574592cc7794aea,13,1
2023-05-15,2023-05-02,e403adf3c8744911a83c3c1e40522681,13,1
2023-05-15,2023-05-02,c1e42e9f2ead42be8c008e258ffc57c2,13,1
2023-05-15,2023-05-02,99ecab2ada3a488ab7fcc1de2af6d003,13,1
2023-05-15,2023-05-02,16cb10850e664165b988d93f79d5cabe,13,1
2023-05-15,2023-05-02,78bec07c84914ac085be60bd71eb2ea7,13,1
2023-05-15,2023-05-02,ab01365688bb435295ee92a51fcf0ed1,13,1
2023-05-15,2023-05-02,860b5c23c87f4d3b979be9f1422a9584,13,1
2023-05-15,2023-05-02,4a6c3b6bfc1e498ead0d0b1e84db7469,13,1
2023-05-15,2023-05-02,44ad1625cb1b470a9d1ab6124d5dd608,13,1
2023-05-15,2023-05-02,bcbb3c7be6384ef0801ce12d4996b334,13,1
2023-05-15,2023-05-02,0ac26ff48a924995ab18ddb86775a1bb,13,1
2023-05-15,2023-05-02,aeeeabd054cf43b991f45321b2777ead,13,1
2023-05-15,2023-05-02,5df80379a2fe4972a7af66d647825da4,13,1
2023-05-15,2023-05-02,8a71c61341fb433793a9f694556b5eee,13,1
2023-05-15,2023-05-02,4c987a05ecf647359b6a083769eb8569,13,1
2023-05-15,2023-05-02,4ea553419a7547258a72304ebbf6e503,13,1
2023-05-15,2023-05-02,3f4a7570c1ac4dec9cb972edeabbaa7d,13,1
2023-05-15,2023-05-02,3cdaed45a29349f8bc2978e345e4e97a,13,1
2023-05-15,2023-05-02,79da7a802fa045b395c709a4ea32d663,13,1
2023-05-15,2023-05-02,f128fb4086714dd697f6c78e4267635b,13,1
2023-05-15,2023-05-02,e46b17bc9b1144c296cef3d0c9cefbf3,13,1
2023-05-15,2023-05-01,b488b71428c94e23b34cb1c810fc614b,14,1
2023-05-15,2023-05-01,72dc49e4a1e14316a283874e5c6378de,14,1
2023-05-15,2023-05-01,56f1f1222c02402d84e246056f1ecd2d,14,1
2023-05-15,2023-05-01,986956c30e034192adba69dd4d6a40d7,14,1
2023-05-15,2023-05-01,3379cbbcbf9b4eecb35a02e0b3686f27,14,1
2023-05-15,2023-05-01,844931f9c29b45309d280132ece737f0,14,1
2023-05-15,2023-05-01,bf353279dc2f49a2a8f477108ecb6797,14,1
2023-05-15,2023-05-01,e7ccd5b4c0c745058e26d8ca58a14c67,14,1
2023-05-15,2023-05-01,a859903599ab446ea46d68b22e84c8d1,14,1
2023-05-15,2023-05-01,1f13d331586f412899ea9148097d726a,14,1
2023-05-15,2023-05-01,71d53da5edd24c8196f9ff1949b205a5,14,1
2023-05-15,2023-05-01,6fb5f6c652ba49d2810b10d6f4d907b2,14,1
2023-05-15,2023-05-01,5ff69f29d248419e811e0c6f08c10f89,14,1
2023-05-15,2023-05-01,36269a95d55e46f9ac5d40da5e05c7e2,14,1
2023-05-15,2023-05-01,b9852df4ee274a7c837d8b70e3ef404f,14,1
2023-05-15,2023-05-01,3410a2db9dee40c5b40a63090efc156b,14,1
2023-05-15,2023-05-01,4fe20141b6434b97abe1fedb2c0dcc70,14,1
2023-05-15,2023-05-01,127594811edb452a8f977d8c4cc3e5ac,14,1
2023-05-15,2023-05-01,73ae95b5046c482fac76e5bc8ce00bd7,14,1
2023-05-15,2023-05-01,27f9c31520354640aadb720846183b09,14,1
2023-05-15,2023-05-01,cd72ef99412e403f9961cacca4a15b8f,14,1
2023-05-15,2023-05-01,cf175aee03ec4d5b88f53256cdc2489e,14,1
2023-05-15,2023-05-01,1f73cbc1c5fd4e64b70a1810e017d44f,14,1
2023-05-15,2023-05-01,90f75ab5c69045fd9cd58dbd48923a73,14,1
2023-05-15,2023-05-01,491bf9eab16a44b08533d58345c7937a,14,1
2023-05-15,2023-05-01,062c0a90b5634125a10b7e0cd254de2f,14,1
2023-05-15,2023-05-01,b4202aeeeb534d88b42fa262ace83ad7,14,1
2023-05-15,2023-05-01,2d491540bea8427c9c1118a0a6d2547d,14,1
2023-05-15,2023-05-01,67ae7a201c0e4c229cb4766ba94abc30,14,1
2023-05-15,2023-05-01,2fabcfb5d1364f5f827b91d5a3d96cba,14,1
2023-05-15,2023-05-01,d91a7b53f3374112aaae72d3f7d782e1,14,1
2023-05-15,2023-05-01,0e5f6413ffdb4b6a972153231b2180cf,14,1
2023-05-15,2023-05-01,7ba69ea6eb9b44c8b5aa62bdb695d08d,14,1
2023-05-15,2023-05-01,e6e4d17e3db048acbb11d36d5e3642eb,14,1
2023-05-15,2023-05-01,484aa237938341b88f42cfb96cf32291,14,1
2023-05-15,2023-05-01,d131a405453b48f59c8547934481a695,14,1
2023-05-15,2023-04-30,25785ef39f2b4d6f9c08523c8b4611ad,15,1
2023-05-15,2023-04-30,df9974bd9e754c80805ebeb0b1673a88,15,1
2023-05-15,2023-04-30,8a299609c2724cb1bec83f88dc2f123c,15,1
2023-05-15,2023-04-30,60abbdb5e1f648dfaa103ead854a65dd,15,1
2023-05-15,2023-04-30,eaa05e54d7ae452ea95a4afc9cd70831,15,1
2023-05-15,2023-04-30,42ea869d5fc84542bdd5c9db3b0cadd4,15,1
2023-05-15,2023-04-30,0253046124da49da9eba45657ac7183d,15,1
2023-05-15,2023-04-30,379dda2c7ae6436b83fa27d92ebd3ef1,15,1
2023-05-15,2023-04-30,f8dc728357e9424795dcab709f730b7c,15,1
2023-05-15,2023-04-30,e4cef87fe8104135952ffda28e52f5a6,15,1
2023-05-15,2023-04-30,724e628e81f84679bf778965c9c5e80e,15,1
2023-05-15,2023-04-30,b9c4a2747b6b49869ecfa1b983ad391f,15,1
2023-05-15,2023-04-30,00d5d78c5330411e91a9990f34d97294,15,1
2023-05-15,2023-04-30,1e38a64df449488984efded6559f1510,15,1
2023-05-15,2023-04-30,b1efeb9de6914c2b9cfe29166d0be585,15,1
2023-05-15,2023-04-30,bf9dd7f885d241df92622fd606cfa192,15,1
2023-05-15,2023-04-30,f0104473c59e42b5b94ca98e16d6816a,15,1
2023-05-15,2023-04-30,c82082e013db4ef4a8f3b125584b7acb,15,1
2023-05-15,2023-04-30,9a4d5b42a3654665a9c2d91456efc8fe,15,1
2023-05-15,2023-04-30,b12d1bab021649888db56bc44c49191d,15,1
2023-05-15,2023-04-30,b09f179f4a46437282600a9dabe05382,15,1
2023-05-15,2023-04-30,654f55e9da744d70acbe401748618d8c,15,1
2023-05-15,2023-04-30,299f2760f3a6442b8ae5f11b21da34ac,15,1
2023-05-15,2023-04-30,2b739e0a8dd44273bdaeefb35149af10,15,1
2023-05-15,2023-04-30,7fc857a13e824937871d863b99266b9d,15,1
2023-05-15,2023-04-30,37c71df5d8094d41abb69c90547ec074,15,1
2023-05-15,2023-04-30,427a89ae087e4e39adfc7df0ec6a95c3,15,1
2023-05-15,2023-04-30,894f8aecd08b4656a0d15526eb04ec29,15,1
2023-05-15,2023-04-30,488e2d6a3b9c40a4b3ab81dfb453edb0,15,1
2023-05-15,2023-04-30,1bf0e6ee6c55430da41a332fe8d5655d,15,1
2023-05-15,2023-04-30,74334fae7dc6413caf3a919ef2bfb57a,15,1
2023-05-15,2023-04-30,0b162bc395144e7ea20d021cf4f6fc1b,15,1
2023-05-15,2023-04-30,3acf623fab3d41578b965f7f94ffe3d9,15,1
2023-05-15,2023-04-30,dfa38730f9ee4fbe873ba9d55d0e1d0a,15,1
2023-05-15,2023-04-30,07efe1c3803e4c9682f39eb378e97fe4,15,1
2023-05-15,2023-04-30,d19e30894c254eddb1c31270c9246425,15,1
2023-05-15,2023-04-30,705e044a9d464912bd5e46000c3185c7,15,1
2023-05-15,2023-04-30,f0c209da192c43f9861fc7b9e8393500,15,1
2023-05-15,2023-04-30,0ce3894f3379448a9679e2927ddd13ad,15,1
2023-05-15,2023-04-29,bc9c0c5685104e5793b2a3232d5ac531,16,1
2023-05-15,2023-04-29,c37073617fe74284996e835dc9c2d1f8,16,1
2023-05-15,2023-04-29,5299700db09a49348739f0c5c83c3044,16,1
2023-05-15,2023-04-29,2c2bba37f8c544c98484041869e17fa6,16,1
2023-05-15,2023-04-29,fb2146b2c02e4de39e89262f891aa822,16,1
2023-05-15,2023-04-29,6f8c95c5e7c44d9cbd023930ea7f2275,16,1
2023-05-15,2023-04-29,6a4de1b379ae4aab86e129b37e986397,16,1
2023-05-15,2023-04-29,d40fcb4939494db49647917be781caba,16,1
2023-05-15,2023-04-29,d62e715b54e946b39aee8101d6400fec,16,1
2023-05-15,2023-04-29,952dc8b6e08d4dc0834feed3c438cb87,16,1
2023-05-15,2023-04-29,f66dd2a20828417f858bd63c39da3ef9,16,1
2023-05-15,2023-04-29,54987f51c0ce4ab88309dd169c991d5e,16,1
2023-05-15,2023-04-29,d27d1258b4124fbca04318f3cdec7d0e,16,1
2023-05-15,2023-04-29,943c82a8b0be4e84a670d4bbb4b2f939,16,1
2023-05-15,2023-04-29,04762a783f784d35a291bf361e53a44b,16,1
2023-05-15,2023-04-29,6404ae38824a4134a862ef94cf281e83,16,1
2023-05-15,2023-04-29,901bd8452d4f4ef1898879aef6aa4955,16,1
2023-05-15,2023-04-29,3ed20e41b4a44b88a13a5f885b8214aa,16,1
2023-05-15,2023-04-29,b3286b9859884fe69945472ed73545b1,16,1
2023-05-15,2023-04-29,5cdbf4dd2b6e445cbde13266cfbf2bba,16,1
2023-05-15,2023-04-29,bf93ffebef1a442cb7cdfef1c9d8f9a7,16,1
2023-05-15,2023-04-29,3f92afda944f4a279ca08167d64823cb,16,1
2023-05-15,2023-04-29,6cb783647a864ad2b8f171540808cc65,16,1
2023-05-15,2023-04-29,ac0067f55b4e4795903eeba3cbc1f188,16,1
2023-05-15,2023-04-29,c1ccd0c22778425fab622d6214861774,16,1
2023-05-15,2023-04-29,3b32761208ad47368daecab0b15ed3f3,16,1
2023-05-15,2023-04-29,aae646520a9045c19ed9fd5db34e1ef5,16,1
2023-05-15,2023-04-29,0db29de8018a4347b448133847acb22f,16,1
2023-05-15,2023-04-29,4f2ed3a73ab74411992dc79e4fc7064e,16,1
2023-05-15,2023-04-29,ba438dcbada644b083826760ed006d6f,16,1
2023-05-15,2023-04-28,87a4072ee91840babae9b545eb57abb0,17,1
2023-05-15,2023-04-28,93cea416ff14494f994e07adc29ceb8a,17,1
2023-05-15,2023-04-28,6f1118da3f864668bff1cb4ea6baadbf,17,1
2023-05-15,2023-04-28,f0f3ccd5a18c4351b946499f9c855574,17,1
2023-05-15,2023-04-28,bfcda5e0231b49778c14c6e987877f67,17,1
2023-05-15,2023-04-28,c18feb83452e4e73a18249b93714879f,17,1
2023-05-15,2023-04-28,af2c48b7c12c437ea5542ea5882493a6,17,1
2023-05-15,2023-04-28,4ea8d39bbddd4c3e93c0b30ac7463403,17,1
2023-05-15,2023-04-28,6c1608b42c4d4a41b2d0f5cf565ba8b7,17,1
2023-05-15,2023-04-28,fa7c342679cb45e7a0e8e7560cef145d,17,1
2023-05-15,2023-04-28,46fa872f726649f19b6649a20f282fd9,17,1
2023-05-15,2023-04-28,118eaa315d364a979437e5d5181952ab,17,1
2023-05-15,2023-04-28,018e2fd58c0d479b9960f8291f8a3e9a,17,1
2023-05-15,2023-04-28,6bc2683fec83415bb77ac8b45180e2ff,17,1
2023-05-15,2023-04-28,f6640e38c40846a7b833022346282b9c,17,1
2023-05-15,2023-04-28,f294755a88494bb7aa000d87ff86a4e7,17,1
2023-05-15,2023-04-28,aded99218cc043ceaef9ac8c66bdda40,17,1
2023-05-15,2023-04-28,059ac73a3f78473c9012cd2ef804cde8,17,1
2023-05-15,2023-04-28,426ec25bd2924d82a124be0eb8b1a932,17,1
2023-05-15,2023-04-28,e59e8cb40a7a462780fe9c265bc4edfb,17,1
2023-05-15,2023-04-28,f404cf96bb9a4f9682e99eea09579e99,17,1
2023-05-15,2023-04-28,96775f736e6d4a1191d04531f06d2305,17,1
2023-05-15,2023-04-28,7b0c52c7e0624ccf9ec7f278fe23d12a,17,1
2023-05-15,2023-04-28,14058b2ba2134b458f8cc5ae48e334ba,17,1
2023-05-15,2023-04-28,e2700db1015944e6ae8c001e6f2539f4,17,1
2023-05-15,2023-04-28,84e5b557ee124a9a8d7636ee0b946e07,17,1
2023-05-15,2023-04-28,82440f79277142e5aec1863c8b15cbde,17,1
2023-05-15,2023-04-28,21b1427576c64d2187c3d112fff616fb,17,1
2023-05-15,2023-04-28,b6ea65d757e74c99bbcf6ec95d989c7e,17,1
2023-05-15,2023-04-28,09d464ca4a2b43f5acad669e8ab93881,17,1
2023-05-15,2023-04-28,233df6c95a004b55a1f66ebf3560d99e,17,1
2023-05-15,2023-04-27,81e362f7e6704fb89378f16a5bde2e18,18,1
2023-05-15,2023-04-27,91173f4de3de4fcc821c5db6bef5b4e8,18,1
2023-05-15,2023-04-27,d660c6e893b34afb93ed393c2a3ad7d5,18,1
2023-05-15,2023-04-27,87991a229ec543cc80544172955178a0,18,1
2023-05-15,2023-04-27,4eb8e2c033874b17821f105ed14bf779,18,1
2023-05-15,2023-04-27,6f14476d15b7410c8f3635504bd5f924,18,1
2023-05-15,2023-04-27,e1b7887fba8a4f148c90a9d5c1823c99,18,1
2023-05-15,2023-04-27,0258efdc0ee24ca487317543e9d95dee,18,1
2023-05-15,2023-04-27,231316d7d1f641a5944e63b1a8880a31,18,1
2023-05-15,2023-04-27,88a5abd9271647b8a8ee65c82c9bcf87,18,1
2023-05-15,2023-04-27,c04586722ccb438e82bc6e14015440fc,18,1
2023-05-15,2023-04-27,dfd9036349d948c789cbc17636b33158,18,1
2023-05-15,2023-04-27,59562bb290254eca8e374b15d1727b77,18,1
2023-05-15,2023-04-27,2e1c5a23279d4212a3d07e760a684129,18,1
2023-05-15,2023-04-27,d901a339aea94f89b247e48ae8608e48,18,1
2023-05-15,2023-04-27,259fcbe73c7843fdb3d820eb3f6abaa5,18,1
2023-05-15,2023-04-27,fcb23349948240c99ffda055dc4cd02f,18,1
2023-05-15,2023-04-27,df6e52d499ab4a929f8c19bb10aee0b3,18,1
2023-05-15,2023-04-26,016eed2fac7f42be882f246736be89ce,19,1
2023-05-15,2023-04-26,dab78ba5b17e429987bdcea647f17439,19,1
2023-05-15,2023-04-26,18746ee22abc41119704b27f17d1b0b6,19,1
2023-05-15,2023-04-26,8c7d3de861774f239a1d8393fd0e0a2a,19,1
2023-05-15,2023-04-26,de71fd3b22c74200bb085b5957606071,19,1
2023-05-15,2023-04-26,ef0c866bf4fc4fd9a0f8876e093dbe0d,19,1
2023-05-15,2023-04-26,1188b9f614724b25a1d49b9f204da02e,19,1
2023-05-15,2023-04-26,8dfa7af0e18f4be98844010485374f80,19,1
2023-05-15,2023-04-26,865d41226c7e4346a37da4cab970b51d,19,1
2023-05-15,2023-04-26,d88bcab579f440eead7cb3dcb55cd294,19,1
2023-05-15,2023-04-26,f71dac4eb44d4688925ad21194fe002d,19,1
2023-05-15,2023-04-26,6e74569cebe049a2b6280ca156ce3b20,19,1
2023-05-15,2023-04-26,9790934973d048c58ee23995085b1e19,19,1
2023-05-15,2023-04-26,a586dabf78e743fbaa3c1711358ef28d,19,1
2023-05-15,2023-04-26,5a0a7d6ad1894c5d9da574576996c2f2,19,1
2023-05-15,2023-04-26,42c0cfedf98f4269a2f8169fa2f0cd9b,19,1
2023-05-15,2023-04-26,0e8ddcc0e82f459c99474d0ffe086af4,19,1
2023-05-15,2023-04-26,05b0cd00e45341698f4b0b72c7f6c5c3,19,1
2023-05-15,2023-04-26,e492ff785f6648f3970513844b447a9a,19,1
2023-05-15,2023-04-26,67e7cbd9ec3446ecb171d48b22342704,19,1
2023-05-15,2023-04-26,8e6cd5d5ad7b4339ac95ee6cf24e17d3,19,1
2023-05-15,2023-04-26,1a06487f69304e8da163e328b130d873,19,1
2023-05-15,2023-04-26,a783c6ff6b7c4921a5169064e5033982,19,1
2023-05-15,2023-04-26,f2f28847af6f4558ac189d3e0a9c6ff2,19,1
2023-05-15,2023-04-26,365fa2b77937478aacb3c984a56e5ba4,19,1
2023-05-15,2023-04-25,b3adc16fed9142a6b5f5c2e9aaf7771f,20,1
2023-05-15,2023-04-25,7260e43645f2433fa7f0dc575b0670e6,20,1
2023-05-15,2023-04-25,d90772fa03764149b6eb99c5d4ece3be,20,1
2023-05-15,2023-04-25,cc26e35475984bcd9e50f215cc65bbab,20,1
2023-05-15,2023-04-25,7719aa5e1ca2469ea1e733cc2c2ea77a,20,1
2023-05-15,2023-04-25,e4155b75e82d4736937e4697a0134ff2,20,1
2023-05-15,2023-04-25,22b12e84694046f1b2dc7b4fd9abf86a,20,1
2023-05-15,2023-04-25,f6e1cd7d4e1b494cafad33ea829443ce,20,1
2023-05-15,2023-04-25,91a22609358443b094181a0d7460ffa6,20,1
2023-05-15,2023-04-25,8edac1972f3e437fbefb817e137a7b7e,20,1
2023-05-15,2023-04-25,2b16ff7534a740fcb861759caf5f47c3,20,1
2023-05-15,2023-04-25,44dfb027d36e4524bea0f12d53aa5963,20,1
2023-05-15,2023-04-25,b6008d9eb67548cfb7957c73f2b238a2,20,1
2023-05-15,2023-04-25,354cca1a84884697b6cea2943d964689,20,1
2023-05-15,2023-04-25,e5c1b335eb4344ec862cbaf4a0ac7ac5,20,1
2023-05-15,2023-04-25,ecbfb9edcf444393b7e11c9d076ba2ec,20,1
2023-05-15,2023-04-25,67b39b5a9794400193f43588ab84c624,20,1
2023-05-15,2023-04-25,a727396dc409450d88596acb585147ce,20,1
2023-05-15,2023-04-25,de62ba8f20834c009ab73cda59400633,20,1
2023-05-15,2023-04-25,211d3aac44f24e3d84a2c1d20ac80015,20,1
2023-05-15,2023-04-25,50a98aea09074d23be21ff276e84a6db,20,1
2023-05-15,2023-04-25,98d6a1c6db59476083b616b8f8d182be,20,1
2023-05-15,2023-04-24,cc3449577f7547b88a521524f806b21f,21,1
2023-05-15,2023-04-24,b9e1fb7059294e89872c57b0b3c5d8a1,21,1
2023-05-15,2023-04-24,e7b7ba100c8a431eb432a1e5f362f7b5,21,1
2023-05-15,2023-04-24,8b0ecf8a58f147d4b7fe9ac17c579200,21,1
2023-05-15,2023-04-24,2cbcb726a96e4004b7900f5f146e2ba2,21,1
2023-05-15,2023-04-24,272aed271dd4478d9a3f400c6452f9bd,21,1
2023-05-15,2023-04-24,12884b9c2cf347ce94e477c05aab8354,21,1
2023-05-15,2023-04-24,c7f72cb8923e4847a227b74ff5f086dc,21,1
2023-05-15,2023-04-24,8264db82e308478daa5131f0d265c0db,21,1
2023-05-15,2023-04-24,353f49137b874b00a9e0a8198887a5e5,21,1
2023-05-15,2023-04-24,68b87c385a1f4134b7d949f32612da56,21,1
2023-05-15,2023-04-24,428b024bfffd46938637fb973bea1e82,21,1
2023-05-15,2023-04-24,cee96c0e33f84d308fa19cdb7d7cb0ef,21,1
2023-05-15,2023-04-24,a88edd2c8c4e483d906dd7194441a133,21,1
2023-05-15,2023-04-24,682196612c5d42c5a0faf57594170016,21,1
2023-05-15,2023-04-24,458c29cc83104247ab47752807a5995f,21,1
2023-05-15,2023-04-24,9d727fb8639d410e937267df787fd619,21,1
2023-05-15,2023-04-24,bf95d269d591412c88864506b07d26c0,21,1
2023-05-15,2023-04-24,9c4bae04424b4d4e81693742681b4c00,21,1
2023-05-15,2023-04-24,ca02f9feccee4ad9b63991ddc8e4ba88,21,1
2023-05-15,2023-04-24,d0701a36015a40d39f34bb29f373bcae,21,1
2023-05-15,2023-04-24,076e6cb823cd4f359c5a75b47701a089,21,1
2023-05-15,2023-04-24,2c376847cd1c42d19d826c4494de68a8,21,1
2023-05-15,2023-04-24,fa851cbd014c4cdfa18131aaec144409,21,1
2023-05-15,2023-04-24,bfc049ca64d54451971957ec2cbfc5b8,21,1
2023-05-15,2023-04-23,03647a8ac6d840bbb42824a9ea8ba7e2,22,1
2023-05-15,2023-04-23,b4a43b9929a944c5a360b22b0f0e077d,22,1
2023-05-15,2023-04-23,d2a4274fe2114feb85a3f98ad832c525,22,1
2023-05-15,2023-04-23,f8da00d1078a40ca8b135a52bc7ebc72,22,1
2023-05-15,2023-04-23,95c91f31c7d248b2911d3bf8bd0cb9c2,22,1
2023-05-15,2023-04-23,d71bc8834f114b1eac9afb432808ce1b,22,1
2023-05-15,2023-04-23,759727dc7c9340ecb5ae3dcef36a2739,22,1
2023-05-15,2023-04-23,e0ec91f04983463f9feff95cb3408b8f,22,1
2023-05-15,2023-04-23,4ff362f35fbf4853b4eda3afd70a1899,22,1
2023-05-15,2023-04-23,5309deb5787541ca92188e9613ba87a4,22,1
2023-05-15,2023-04-23,b58d1a8bdaed49379e9cebe0874d6e68,22,1
2023-05-15,2023-04-23,9f51c75a379e43fb82edd2508168463a,22,1
2023-05-15,2023-04-23,3d768656110e4ea483a2515c025967d9,22,1
2023-05-15,2023-04-23,8f67f7f8fd074f389b374dc42f97b056,22,1
2023-05-15,2023-04-23,c7d24c16b1354d48a9d44438987648a3,22,1
2023-05-15,2023-04-23,2098bbb2a7dc4003bfff4e8ada15673c,22,1
2023-05-15,2023-04-23,6d0894b1328c48b180e2d739537c8679,22,1
2023-05-15,2023-04-23,b254f2a89cb14ce7bc621f5eb7d10ff0,22,1
2023-05-15,2023-04-23,3e4795544ae142ada91ac5f88a40a879,22,1
2023-05-15,2023-04-23,7b71292cded14742ab45eb08ce45b5ce,22,1
2023-05-15,2023-04-23,8071eb4e8bda40c6951c2982c75da197,22,1
2023-05-15,2023-04-23,6422434e9be04fa8807aeb1b29b0b85c,22,1
2023-05-15,2023-04-23,ac6be3532cdd440b951f31fc15dd92e1,22,1
2023-05-15,2023-04-23,e082863dffb74c56b819bbf23eb2c016,22,1
2023-05-15,2023-04-23,cde60ffc7c0b44658495e371d12b6587,22,1
2023-05-15,2023-04-23,31a47ce143bf4ef9ba046c72d6388ace,22,1
2023-05-15,2023-04-23,bfed5e49a4a64708a23d4149c1296305,22,1
2023-05-15,2023-04-23,1d1a746955ec4f9f8e02d91f94b839b7,22,1
2023-05-15,2023-04-22,412e9866659c4442b71123066068002f,23,1
2023-05-15,2023-04-22,adf039f0dbd849f988428d5e727d9845,23,1
2023-05-15,2023-04-22,4136e2c40bf745a4a22671399186d75b,23,1
2023-05-15,2023-04-22,374f38fd511d49e194168762f3442ff9,23,1
2023-05-15,2023-04-22,0b4a7814808e4c31a8f39910a26f2b7b,23,1
2023-05-15,2023-04-22,d98a8ec41f5e46dab01f8156f62c8384,23,1
2023-05-15,2023-04-22,de106162bd944ffea534851edf16fc3d,23,1
2023-05-15,2023-04-22,c3f28d817d40490dbcb1d27b7725df59,23,1
